2026-08-06 17:13:45 info: Server Started on port 4000
2026-08-06 17:15:06 info: Server Started on port 4000
2026-08-06 17:15:22 info: Server Started on port 4000
2026-08-06 17:16:07 info: Server Started on port 4000
2026-08-06 17:29:40 info: Server Started on port 4000
2026-08-06 17:42:22 info: Server Started on port 4000
2026-08-06 17:43:53 info: Server Started on port 4000
2026-08-06 17:44:06 info: Server Started on port 4000
2026-08-06 17:44:17 info: Server Started on port 4000
2026-08-06 17:44:27 info: Server Started on port 4000
2026-08-06 17:44:38 info: Server Started on port 4000
2026-08-06 18:16:12 info: Server Started on port 4000
2026-08-06 18:16:32 info: Server Started on port 4000
2026-08-06 18:19:56 info: Server Started on port 4000
2026-08-06 18:37:27 info: POST /api/product/add
2026-08-06 18:37:27 error: 401 - You are not logged in! Please log in to get access.
2026-08-06 18:37:38 info: POST /api/product/add
2026-08-06 18:37:38 error: 401 - You are not logged in! Please log in to get access.
2026-08-06 18:42:22 info: Server Started on port 4000
2026-08-06 18:42:35 info: Server Started on port 4000
2026-08-06 18:42:57 info: Server Started on port 4000
2026-08-06 18:43:09 info: Server Started on port 4000
2026-08-06 18:45:23 info: POST /api/product/add
2026-08-06 18:45:23 error: 401 - You are not logged in! Please log in to get access.
2026-08-06 18:45:32 info: GET /api/admin/orders
2026-08-06 18:45:32 info: GET /api/admin/orders
2026-08-06 18:45:44 info: GET /api/admin/dashboard
2026-08-06 18:45:44 info: GET /api/admin/dashboard
2026-08-06 18:45:46 info: GET /api/admin/orders
2026-08-06 18:45:46 info: GET /api/admin/orders
2026-08-06 18:45:46 info: GET /api/product/list
2026-08-06 18:45:47 info: GET /api/product/list
2026-08-06 18:46:05 info: POST /api/product/add
2026-08-06 18:46:05 error: 401 - You are not logged in! Please log in to get access.
2026-08-06 18:46:14 info: POST /api/product/add
2026-08-06 18:46:14 error: 401 - You are not logged in! Please log in to get access.
2026-08-06 18:48:36 info: Server Started on port 4000
2026-08-06 18:48:50 info: GET /api/admin/dashboard
2026-08-06 18:48:50 info: GET /api/admin/dashboard
2026-08-06 18:49:04 info: POST /api/admin/all-advisores
2026-08-06 18:49:04 info: POST /api/admin/all-advisores
2026-08-06 18:49:05 info: POST /api/admin/all-farmers
2026-08-06 18:49:05 info: POST /api/admin/all-farmers
2026-08-06 18:49:06 info: GET /api/product/list
2026-08-06 18:49:06 info: GET /api/product/list
2026-08-06 18:49:07 info: GET /api/admin/orders
2026-08-06 18:49:07 info: GET /api/admin/orders
2026-08-06 18:49:54 info: GET /api/admin/dashboard
2026-08-06 18:49:54 info: GET /api/admin/dashboard
2026-08-06 18:50:07 info: GET /api/admin/dashboard
2026-08-06 18:50:07 info: GET /api/admin/dashboard
2026-08-06 18:53:29 info: POST /api/admin/login
2026-08-06 18:53:38 info: POST /api/admin/login
2026-08-06 18:53:38 info: POST /api/admin/login
2026-08-06 18:53:40 info: POST /api/admin/login
2026-08-06 18:53:46 info: POST /api/admin/login
2026-08-06 18:53:46 info: GET /api/admin/dashboard
2026-08-06 18:53:46 info: GET /api/admin/dashboard
2026-08-06 18:53:51 info: GET /api/admin/orders
2026-08-06 18:53:51 info: GET /api/admin/orders
2026-08-06 18:53:52 info: GET /api/product/list
2026-08-06 18:53:53 info: GET /api/product/list
2026-08-06 18:54:17 info: POST /api/product/add
2026-08-06 18:54:17 error: 401 - The user belonging to this token does no longer exist.
2026-08-06 18:56:24 info: Server Started on port 4000
2026-08-06 18:56:51 info: Server Started on port 4000
2026-08-06 18:57:41 info: POST /api/product/add
2026-08-06 18:57:43 info: Product created successfully: dd
2026-08-06 18:57:45 info: GET /api/product/list
2026-08-06 18:57:45 info: GET /api/product/list
2026-08-06 19:03:44 info: Server Started on port 4000
2026-08-06 19:08:33 info: POST /api/product/remove
2026-08-06 19:08:34 info: GET /api/product/list
2026-08-06 19:08:50 info: POST /api/product/add
2026-08-06 19:08:52 info: Product created successfully: dd
2026-08-06 19:08:53 info: GET /api/product/list
2026-08-06 19:08:53 info: GET /api/product/list
2026-08-06 19:10:15 info: GET /api/admin/orders
2026-08-06 19:10:15 info: GET /api/admin/orders
2026-08-06 19:10:15 info: GET /api/product/list
2026-08-06 19:10:15 info: GET /api/product/list
2026-08-06 19:10:16 info: POST /api/admin/all-farmers
2026-08-06 19:10:16 info: POST /api/admin/all-farmers
2026-08-06 19:10:17 info: POST /api/admin/all-advisores
2026-08-06 19:10:17 info: POST /api/admin/all-advisores
2026-08-06 19:10:18 info: GET /api/admin/dashboard
2026-08-06 19:10:19 info: GET /api/admin/dashboard
2026-08-06 19:10:28 info: GET /api/admin/dashboard
2026-08-06 19:10:28 info: GET /api/admin/dashboard
2026-08-06 19:12:37 info: Server Started on port 4000
2026-08-06 19:13:26 info: GET /api/admin/dashboard
2026-08-06 19:13:26 info: GET /api/admin/dashboard
2026-08-06 19:13:33 info: GET /api/product/list
2026-08-06 19:13:33 info: GET /api/product/list
2026-08-06 19:13:36 info: GET /api/product/list
2026-08-06 19:13:36 info: GET /api/product/list
2026-08-06 19:13:37 info: GET /api/product/list
2026-08-06 19:13:37 info: GET /api/product/list
2026-08-06 19:13:37 info: GET /api/product/list
2026-08-06 19:13:37 info: GET /api/product/list
2026-08-06 19:13:37 info: GET /api/product/list
2026-08-06 19:13:37 info: GET /api/product/list
2026-08-06 19:13:38 info: GET /api/admin/dashboard
2026-08-06 19:13:39 info: GET /api/admin/dashboard
2026-08-06 19:13:40 info: GET /api/admin/dashboard
2026-08-06 19:13:40 info: GET /api/admin/dashboard
2026-08-06 19:13:41 info: GET /api/admin/dashboard
2026-08-06 19:13:41 info: GET /api/admin/dashboard
2026-08-06 19:13:41 info: GET /api/admin/dashboard
2026-08-06 19:13:41 info: GET /api/admin/dashboard
2026-08-06 19:13:41 info: GET /api/admin/dashboard
2026-08-06 19:13:58 info: GET /api/admin/dashboard
2026-08-06 19:13:58 info: GET /api/admin/dashboard
2026-08-06 19:13:58 info: GET /api/admin/dashboard
2026-08-06 19:13:58 info: GET /api/admin/dashboard
2026-08-06 19:13:59 info: GET /api/admin/dashboard
2026-08-06 19:13:59 info: GET /api/admin/dashboard
2026-08-06 19:13:59 info: GET /api/admin/dashboard
2026-08-06 19:13:59 info: GET /api/admin/dashboard
2026-08-06 19:14:00 info: GET /api/admin/dashboard
2026-08-06 19:14:00 info: GET /api/admin/dashboard
2026-08-06 19:14:00 info: GET /api/admin/dashboard
2026-08-06 19:14:00 info: GET /api/admin/dashboard
2026-08-06 19:14:00 info: GET /api/admin/dashboard
2026-08-06 19:17:01 info: Server Started on port 4000
2026-08-06 19:17:40 info: GET /api/admin/dashboard
2026-08-06 19:17:40 info: GET /api/admin/dashboard
2026-08-06 19:17:40 info: GET /api/admin/dashboard
2026-08-06 19:17:41 info: GET /api/admin/dashboard
2026-08-06 19:17:43 info: GET /api/admin/orders
2026-08-06 19:17:43 info: GET /api/admin/orders
2026-08-06 19:17:45 info: GET /api/product/list
2026-08-06 19:17:45 info: GET /api/product/list
2026-08-06 19:17:48 info: POST /api/product/remove
2026-08-06 19:17:48 info: GET /api/product/list
2026-08-06 19:17:51 info: GET /api/product/list
2026-08-06 19:17:51 info: GET /api/product/list
2026-08-06 19:17:51 info: GET /api/product/list
2026-08-06 19:17:51 info: GET /api/product/list
2026-08-06 19:17:51 info: GET /api/product/list
2026-08-06 19:17:51 info: GET /api/product/list
2026-08-06 19:17:51 info: GET /api/product/list
2026-08-06 19:17:51 info: GET /api/product/list
2026-08-06 19:17:51 info: GET /api/product/list
2026-08-06 19:17:51 info: GET /api/product/list
2026-08-06 19:17:51 info: GET /api/product/list
2026-08-06 19:17:52 info: GET /api/admin/dashboard
2026-08-06 19:17:52 info: GET /api/admin/dashboard
2026-08-06 19:17:54 info: GET /api/admin/dashboard
2026-08-06 19:17:54 info: GET /api/admin/dashboard
2026-08-06 19:17:54 info: GET /api/admin/dashboard
2026-08-06 19:17:55 info: GET /api/admin/dashboard
2026-08-07 14:06:19 info: Server Started on port 4000
2026-08-07 14:20:32 info: Server Started on port 4000
2026-08-07 14:21:27 info: Server Started on port 4000
2026-08-07 14:22:16 info: Server Started on port 4000
2026-08-07 14:24:11 info: GET /api/admin/dashboard
2026-08-07 14:24:11 info: GET /api/admin/dashboard
2026-08-07 14:27:36 info: POST /api/advisor/add-farmer
2026-08-07 14:27:36 error: 401 - You are not logged in! Please log in to get access.
2026-08-07 14:27:46 info: POST /api/advisor/add-farmer
2026-08-07 14:27:46 error: 401 - You are not logged in! Please log in to get access.
2026-08-07 14:51:28 info: Server Started on port 4000
2026-08-07 14:51:42 info: Server Started on port 4000
2026-08-07 14:51:53 info: Server Started on port 4000
2026-08-07 14:53:44 info: POST /api/advisor/register
2026-08-07 14:54:02 info: POST /api/advisor/login
2026-08-07 14:54:26 info: POST /api/advisor/login
2026-08-07 14:55:11 info: POST /api/advisor/register
2026-08-07 14:55:49 info: POST /api/advisor/register
2026-08-07 14:56:08 info: POST /api/advisor/login
2026-08-07 14:56:50 info: POST /api/advisor/add-farmer
2026-08-07 14:56:50 error: 401 - The user belonging to this token does no longer exist.
2026-08-07 14:57:05 info: POST /api/advisor/add-farmer
2026-08-07 14:57:05 error: 401 - The user belonging to this token does no longer exist.
2026-08-07 14:57:11 info: POST /api/advisor/add-farmer
2026-08-07 14:57:11 error: 401 - The user belonging to this token does no longer exist.
2026-08-07 14:59:23 info: Server Started on port 4000
2026-08-07 14:59:26 info: POST /api/admin/all-advisores
2026-08-07 14:59:26 info: POST /api/admin/all-advisores
2026-08-07 14:59:31 info: POST /api/admin/all-farmers
2026-08-07 14:59:31 info: POST /api/admin/all-farmers
2026-08-07 14:59:32 info: GET /api/product/list
2026-08-07 14:59:32 info: GET /api/product/list
2026-08-07 14:59:33 info: GET /api/admin/orders
2026-08-07 14:59:33 info: GET /api/admin/orders
2026-08-07 14:59:38 info: GET /api/advisor/profile
2026-08-07 15:08:28 info: GET /api/advisor/profile
2026-08-07 15:09:23 info: GET /api/advisor/profile
2026-08-07 15:09:23 info: GET /api/advisor/profile
2026-08-07 15:10:34 info: POST /api/advisor/add-farmer
2026-08-07 15:10:45 info: GET /api/advisor/profile
2026-08-07 15:10:45 info: GET /api/advisor/profile
2026-08-07 15:11:20 info: GET /api/admin/dashboard
2026-08-07 15:11:20 info: GET /api/admin/dashboard
2026-08-07 15:11:21 info: GET /api/admin/dashboard
2026-08-07 15:11:21 info: GET /api/admin/dashboard
2026-08-07 15:11:22 info: GET /api/admin/dashboard
2026-08-07 15:11:22 info: GET /api/admin/dashboard
2026-08-07 15:11:22 info: GET /api/admin/dashboard
2026-08-07 15:11:22 info: GET /api/admin/dashboard
2026-08-07 15:11:23 info: POST /api/admin/all-farmers
2026-08-07 15:11:23 info: POST /api/admin/all-farmers
2026-08-07 15:14:12 info: Server Started on port 4000
2026-08-07 15:14:21 info: Server Started on port 4000
2026-08-07 15:14:48 info: Server Started on port 4000
2026-08-07 15:15:39 info: GET /api/advisor/farmers
2026-08-07 15:15:51 info: Server Started on port 4000
2026-08-07 15:16:43 info: POST /api/admin/all-farmers
2026-08-07 15:16:43 info: POST /api/admin/all-farmers
2026-08-07 15:16:43 info: POST /api/admin/all-farmers
2026-08-07 15:16:43 info: POST /api/admin/all-farmers
2026-08-07 15:16:44 info: POST /api/admin/all-farmers
2026-08-07 15:16:44 info: POST /api/admin/all-farmers
2026-08-07 15:16:47 info: GET /api/advisor/farmers
2026-08-07 15:16:47 info: GET /api/advisor/profile
2026-08-07 15:16:48 info: GET /api/advisor/profile
2026-08-07 15:16:48 info: GET /api/advisor/profile
2026-08-07 15:16:48 info: GET /api/advisor/farmers
2026-08-07 15:16:48 info: GET /api/advisor/farmers
2026-08-07 15:16:48 info: GET /api/advisor/profile
2026-08-07 15:16:48 info: GET /api/advisor/profile
2026-08-07 15:16:48 info: GET /api/advisor/farmers
2026-08-07 15:16:48 info: GET /api/advisor/profile
2026-08-07 15:16:48 info: GET /api/advisor/farmers
2026-08-07 15:16:48 info: GET /api/advisor/profile
2026-08-07 15:16:48 info: GET /api/advisor/farmers
2026-08-07 15:17:17 info: GET /api/advisor/farmers
2026-08-07 15:17:17 info: GET /api/advisor/farmers
2026-08-07 15:17:26 info: GET /api/advisor/farmers
2026-08-07 15:17:26 info: GET /api/advisor/farmers
2026-08-07 15:17:32 info: POST /api/admin/all-farmers
2026-08-07 15:17:32 info: POST /api/admin/all-farmers
2026-08-07 15:17:32 info: POST /api/admin/all-farmers
2026-08-07 15:17:32 info: POST /api/admin/all-farmers
2026-08-07 15:17:32 info: POST /api/admin/all-farmers
2026-08-07 15:17:32 info: POST /api/admin/all-farmers
2026-08-07 15:17:32 info: POST /api/admin/all-farmers
2026-08-07 15:17:32 info: POST /api/admin/all-farmers
2026-08-07 15:17:33 info: GET /api/admin/dashboard
2026-08-07 15:17:33 info: GET /api/admin/dashboard
2026-08-07 15:17:35 info: GET /api/admin/dashboard
2026-08-07 15:17:35 info: GET /api/admin/dashboard
2026-08-07 15:17:35 info: GET /api/admin/dashboard
2026-08-07 15:17:35 info: GET /api/admin/dashboard
2026-08-07 15:17:35 info: GET /api/admin/dashboard
2026-08-07 15:17:35 info: GET /api/admin/dashboard
2026-08-07 15:17:35 info: GET /api/admin/dashboard
2026-08-07 15:17:35 info: GET /api/admin/dashboard
2026-08-07 15:17:36 info: GET /api/admin/dashboard
2026-08-07 15:17:36 info: GET /api/admin/dashboard
2026-08-07 15:19:30 info: POST /api/admin/all-farmers
2026-08-07 15:19:30 info: POST /api/admin/all-farmers
2026-08-07 15:20:26 info: Server Started on port 4000
2026-08-07 15:20:44 info: Server Started on port 4000
2026-08-07 15:20:54 info: Server Started on port 4000
2026-08-07 15:21:32 info: POST /api/advisor/farmer
2026-08-07 15:21:32 info: POST /api/advisor/farmer
2026-08-07 15:22:06 info: POST /api/admin/all-farmers
2026-08-07 15:22:52 info: POST /api/admin/all-farmers
2026-08-07 15:22:52 info: POST /api/admin/all-farmers
2026-08-07 15:22:52 info: POST /api/admin/all-farmers
2026-08-07 15:22:52 info: POST /api/admin/all-farmers
2026-08-07 15:22:52 info: POST /api/admin/all-farmers
2026-08-07 15:22:52 info: POST /api/admin/all-farmers
2026-08-07 15:22:52 info: POST /api/admin/all-farmers
2026-08-07 15:22:52 info: POST /api/admin/all-farmers
2026-08-07 15:22:52 info: POST /api/admin/all-farmers
2026-08-07 15:22:52 info: POST /api/admin/all-farmers
2026-08-07 15:22:53 info: POST /api/admin/all-farmers
2026-08-07 15:22:53 info: POST /api/admin/all-farmers
2026-08-07 15:22:53 info: POST /api/admin/all-farmers
2026-08-07 15:22:53 info: POST /api/admin/all-farmers
2026-08-07 15:22:53 info: POST /api/admin/all-farmers
2026-08-07 15:22:53 info: POST /api/admin/all-farmers
2026-08-07 15:22:53 info: POST /api/admin/all-farmers
2026-08-07 15:22:53 info: POST /api/admin/all-farmers
2026-08-07 15:22:53 info: POST /api/admin/all-farmers
2026-08-07 15:22:53 info: POST /api/admin/all-farmers
2026-08-07 15:22:53 info: POST /api/admin/all-farmers
2026-08-07 15:22:53 info: POST /api/admin/all-farmers
2026-08-07 15:22:54 info: POST /api/admin/all-farmers
2026-08-07 15:22:54 info: POST /api/admin/all-farmers
2026-08-07 15:22:54 info: POST /api/admin/all-farmers
2026-08-07 15:22:54 info: POST /api/admin/all-farmers
2026-08-07 15:22:54 info: POST /api/admin/all-farmers
2026-08-07 15:22:54 info: POST /api/admin/all-farmers
2026-08-07 15:22:54 info: POST /api/admin/all-farmers
2026-08-07 15:22:54 info: POST /api/admin/all-farmers
2026-08-07 15:22:57 info: POST /api/advisor/farmer
2026-08-07 15:22:57 info: POST /api/advisor/farmer
2026-08-07 15:22:57 info: GET /api/advisor/profile
2026-08-07 15:22:57 info: GET /api/advisor/profile
2026-08-07 15:22:57 info: POST /api/advisor/farmer
2026-08-07 15:22:57 info: POST /api/advisor/farmer
2026-08-07 15:22:57 info: GET /api/advisor/profile
2026-08-07 15:22:57 info: GET /api/advisor/profile
2026-08-07 15:22:57 info: POST /api/advisor/farmer
2026-08-07 15:22:57 info: POST /api/advisor/farmer
2026-08-07 15:22:57 info: GET /api/advisor/profile
2026-08-07 15:22:57 info: GET /api/advisor/profile
2026-08-07 15:22:58 info: POST /api/advisor/farmer
2026-08-07 15:22:58 info: POST /api/advisor/farmer
2026-08-07 15:22:58 info: GET /api/advisor/profile
2026-08-07 15:22:58 info: GET /api/advisor/profile
2026-08-07 15:23:17 info: GET /api/advisor/farmers
2026-08-07 15:23:17 info: GET /api/advisor/farmers
2026-08-07 15:23:46 info: GET /api/advisor/farmers
2026-08-07 15:23:46 info: GET /api/advisor/farmers
2026-08-07 15:23:48 info: POST /api/advisor/farmer
2026-08-07 15:23:48 info: POST /api/advisor/farmer
2026-08-07 15:24:10 info: GET /api/advisor/farmers
2026-08-07 15:24:10 info: GET /api/advisor/farmers
2026-08-07 15:24:46 info: GET /api/admin/dashboard
2026-08-07 15:24:46 info: GET /api/admin/dashboard
2026-08-07 15:24:46 info: GET /api/admin/dashboard
2026-08-07 15:24:46 info: GET /api/admin/dashboard
2026-08-07 15:24:49 info: GET /api/admin/dashboard
2026-08-07 15:24:49 info: GET /api/admin/dashboard
2026-08-07 15:24:49 info: GET /api/admin/dashboard
2026-08-07 15:24:49 info: GET /api/admin/dashboard
2026-08-07 15:24:49 info: GET /api/admin/dashboard
2026-08-07 15:24:49 info: GET /api/admin/dashboard
2026-08-07 15:24:49 info: GET /api/admin/dashboard
2026-08-07 15:24:49 info: GET /api/admin/dashboard
2026-08-07 15:24:50 info: POST /api/admin/all-farmers
2026-08-07 15:24:50 info: POST /api/admin/all-farmers
2026-08-07 15:24:52 info: POST /api/admin/all-farmers
2026-08-07 15:24:52 info: POST /api/admin/all-farmers
2026-08-07 15:24:52 info: POST /api/admin/all-farmers
2026-08-07 15:24:52 info: POST /api/admin/all-farmers
2026-08-07 15:24:52 info: POST /api/admin/all-farmers
2026-08-07 15:24:52 info: POST /api/admin/all-farmers
2026-08-07 15:24:52 info: POST /api/admin/all-farmers
2026-08-07 15:24:52 info: POST /api/admin/all-farmers
2026-08-07 15:24:53 info: POST /api/admin/all-farmers
2026-08-07 15:24:53 info: POST /api/admin/all-farmers
2026-08-07 15:24:53 info: POST /api/admin/all-farmers
2026-08-07 15:24:53 info: POST /api/admin/all-farmers
2026-08-07 15:24:53 info: POST /api/admin/all-farmers
2026-08-07 15:24:53 info: POST /api/admin/all-farmers
2026-08-07 15:24:54 info: POST /api/admin/all-advisores
2026-08-07 15:24:54 info: POST /api/admin/all-advisores
2026-08-07 15:24:56 info: POST /api/admin/all-advisores
2026-08-07 15:24:56 info: POST /api/admin/all-advisores
2026-08-07 15:24:56 info: POST /api/admin/all-advisores
2026-08-07 15:24:56 info: POST /api/admin/all-advisores
2026-08-07 15:24:56 info: POST /api/admin/all-advisores
2026-08-07 15:24:56 info: POST /api/admin/all-advisores
2026-08-07 15:25:24 info: POST /api/admin/all-farmers
2026-08-07 15:25:24 info: POST /api/admin/all-farmers
2026-08-07 15:25:25 info: POST /api/admin/all-farmers
2026-08-07 15:25:25 info: POST /api/admin/all-farmers
2026-08-07 15:25:25 info: POST /api/admin/all-farmers
2026-08-07 15:25:25 info: POST /api/admin/all-farmers
2026-08-07 15:25:25 info: POST /api/admin/all-farmers
2026-08-07 15:25:25 info: POST /api/admin/all-farmers
2026-08-07 15:25:26 info: POST /api/admin/all-advisores
2026-08-07 15:25:26 info: POST /api/admin/all-advisores
2026-08-07 15:25:34 info: GET /api/advisor/farmers
2026-08-07 15:25:34 info: GET /api/advisor/farmers
2026-08-07 15:25:35 info: GET /api/advisor/farmers
2026-08-07 15:25:35 info: GET /api/advisor/profile
2026-08-07 15:25:35 info: GET /api/advisor/farmers
2026-08-07 15:25:35 info: GET /api/advisor/profile
2026-08-07 15:25:36 info: POST /api/advisor/farmer
2026-08-07 15:25:36 info: POST /api/advisor/farmer
2026-08-07 15:26:57 info: POST /api/admin/all-farmers
2026-08-07 15:26:57 info: POST /api/admin/all-farmers
2026-08-07 15:28:53 info: POST /api/admin/all-farmers
2026-08-07 15:28:53 info: POST /api/admin/all-farmers
2026-08-07 15:28:53 info: POST /api/admin/all-farmers
2026-08-07 15:28:53 info: POST /api/admin/all-farmers
2026-08-07 15:28:54 info: POST /api/admin/all-farmers
2026-08-07 15:28:54 info: POST /api/admin/all-farmers
2026-08-07 15:28:54 info: POST /api/admin/all-farmers
2026-08-07 15:28:54 info: POST /api/admin/all-farmers
2026-08-07 15:28:54 info: POST /api/admin/all-farmers
2026-08-07 15:28:54 info: POST /api/admin/all-farmers
2026-08-07 15:28:54 info: POST /api/admin/all-farmers
2026-08-07 15:28:54 info: POST /api/admin/all-farmers
2026-08-07 15:28:54 info: POST /api/admin/all-farmers
2026-08-07 15:28:54 info: POST /api/admin/all-farmers
2026-08-07 15:28:55 info: POST /api/admin/all-advisores
2026-08-07 15:28:55 info: POST /api/admin/all-advisores
2026-08-07 15:28:56 info: POST /api/admin/all-advisores
2026-08-07 15:28:56 info: POST /api/admin/all-advisores
2026-08-07 15:28:57 info: POST /api/admin/all-advisores
2026-08-07 15:28:57 info: POST /api/admin/all-advisores
2026-08-07 15:28:57 info: POST /api/admin/all-advisores
2026-08-07 15:28:57 info: POST /api/admin/all-advisores
2026-08-07 15:28:57 info: POST /api/admin/all-advisores
2026-08-07 15:28:57 info: POST /api/admin/all-advisores
2026-08-07 15:28:57 info: POST /api/admin/all-advisores
2026-08-07 15:28:57 info: POST /api/admin/all-advisores
2026-08-07 15:28:57 info: POST /api/admin/all-advisores
2026-08-07 15:28:57 info: POST /api/admin/all-advisores
2026-08-07 15:29:01 info: POST /api/advisor/farmer
2026-08-07 15:29:01 info: POST /api/advisor/farmer
2026-08-07 15:29:01 info: GET /api/advisor/profile
2026-08-07 15:29:01 info: GET /api/advisor/profile
2026-08-07 15:29:01 info: POST /api/advisor/farmer
2026-08-07 15:29:01 info: POST /api/advisor/farmer
2026-08-07 15:29:01 info: GET /api/advisor/profile
2026-08-07 15:29:01 info: GET /api/advisor/profile
2026-08-07 15:29:01 info: POST /api/advisor/farmer
2026-08-07 15:29:01 info: GET /api/advisor/profile
2026-08-07 15:29:01 info: POST /api/advisor/farmer
2026-08-07 15:29:01 info: GET /api/advisor/profile
2026-08-07 15:29:14 info: GET /api/admin/dashboard
2026-08-07 15:29:14 info: GET /api/admin/dashboard
2026-08-07 15:29:19 info: POST /api/admin/all-advisores
2026-08-07 15:29:19 info: POST /api/admin/all-advisores
2026-08-07 15:29:20 info: POST /api/admin/all-advisores
2026-08-07 15:29:20 info: POST /api/admin/all-advisores
2026-08-07 15:29:21 info: POST /api/admin/all-advisores
2026-08-07 15:29:21 info: POST /api/admin/all-advisores
2026-08-07 15:29:21 info: POST /api/admin/all-advisores
2026-08-07 15:29:21 info: POST /api/admin/all-advisores
2026-08-07 15:30:53 info: POST /api/admin/all-advisores
2026-08-07 15:30:53 info: POST /api/admin/all-advisores
2026-08-07 15:30:53 info: POST /api/admin/all-advisores
2026-08-07 15:30:53 info: POST /api/admin/all-advisores
2026-08-07 15:30:53 info: POST /api/admin/all-advisores
2026-08-07 15:30:53 info: POST /api/admin/all-advisores
2026-08-07 15:30:54 info: POST /api/admin/all-advisores
2026-08-07 15:30:54 info: POST /api/admin/all-advisores
2026-08-07 15:30:54 info: POST /api/admin/all-advisores
2026-08-07 15:30:54 info: POST /api/admin/all-advisores
2026-08-07 15:33:18 info: Server Started on port 4000
2026-08-07 15:33:39 info: POST /api/advisor/farmer
2026-08-07 15:34:09 info: POST /api/admin/all-advisores
2026-08-07 15:34:09 info: POST /api/admin/all-advisores
2026-08-07 15:34:09 info: POST /api/admin/all-advisores
2026-08-07 15:34:09 info: POST /api/admin/all-advisores
2026-08-07 15:34:09 info: POST /api/admin/all-advisores
2026-08-07 15:34:09 info: POST /api/admin/all-advisores
2026-08-07 15:34:10 info: POST /api/admin/all-advisores
2026-08-07 15:34:10 info: POST /api/admin/all-advisores
2026-08-07 15:34:10 info: POST /api/admin/all-advisores
2026-08-07 15:34:10 info: POST /api/admin/all-advisores
2026-08-07 15:34:10 info: POST /api/admin/all-advisores
2026-08-07 15:34:10 info: POST /api/admin/all-advisores
2026-08-07 15:34:11 info: POST /api/admin/all-farmers
2026-08-07 15:34:11 info: POST /api/admin/all-farmers
2026-08-07 15:34:12 info: POST /api/admin/all-farmers
2026-08-07 15:34:12 info: POST /api/admin/all-farmers
2026-08-07 15:34:12 info: POST /api/admin/all-farmers
2026-08-07 15:34:12 info: POST /api/admin/all-farmers
2026-08-07 15:34:12 info: POST /api/admin/all-farmers
2026-08-07 15:34:12 info: POST /api/admin/all-farmers
2026-08-07 15:34:13 info: POST /api/admin/all-farmers
2026-08-07 15:34:13 info: POST /api/admin/all-farmers
2026-08-07 15:34:13 info: POST /api/admin/all-farmers
2026-08-07 15:34:13 info: POST /api/admin/all-farmers
2026-08-07 15:34:13 info: POST /api/admin/all-farmers
2026-08-07 15:34:13 info: POST /api/admin/all-farmers
2026-08-07 15:34:13 info: POST /api/admin/all-farmers
2026-08-07 15:34:13 info: POST /api/admin/all-farmers
2026-08-07 15:34:13 info: POST /api/admin/all-farmers
2026-08-07 15:34:13 info: POST /api/admin/all-farmers
2026-08-07 15:34:13 info: POST /api/admin/all-farmers
2026-08-07 15:34:13 info: POST /api/admin/all-farmers
2026-08-07 15:34:14 info: POST /api/admin/all-farmers
2026-08-07 15:34:14 info: POST /api/admin/all-farmers
2026-08-07 15:37:12 info: POST /api/admin/all-advisores
2026-08-07 15:37:12 info: POST /api/admin/all-advisores
2026-08-07 15:37:12 info: POST /api/admin/all-advisores
2026-08-07 15:37:12 info: POST /api/admin/all-advisores
2026-08-07 15:37:17 info: POST /api/admin/login
2026-08-07 15:37:25 info: POST /api/admin/login
2026-08-07 15:37:25 info: GET /api/admin/dashboard
2026-08-07 15:37:26 info: GET /api/admin/dashboard
2026-08-07 15:37:33 info: POST /api/admin/all-advisores
2026-08-07 15:37:33 info: POST /api/admin/all-advisores
2026-08-07 15:37:36 info: POST /api/admin/change-availability
2026-08-07 15:37:36 info: POST /api/admin/all-advisores
2026-08-07 15:37:37 info: POST /api/admin/change-availability
2026-08-07 15:37:38 info: POST /api/admin/all-advisores
2026-08-07 15:37:42 info: POST /api/admin/all-farmers
2026-08-07 15:37:42 info: POST /api/admin/all-farmers
2026-08-07 15:37:50 info: POST /api/admin/all-advisores
2026-08-07 15:37:50 info: POST /api/admin/all-advisores
2026-08-07 15:38:00 info: POST /api/admin/change-availability
2026-08-07 15:38:01 info: POST /api/admin/change-availability
2026-08-07 15:38:01 info: POST /api/admin/all-advisores
2026-08-07 15:38:01 info: POST /api/admin/all-advisores
2026-08-07 15:38:05 info: POST /api/advisor/farmer
2026-08-07 15:38:05 info: GET /api/advisor/profile
2026-08-07 15:38:05 info: POST /api/advisor/farmer
2026-08-07 15:38:05 info: GET /api/advisor/profile
2026-08-07 15:38:05 info: POST /api/advisor/farmer
2026-08-07 15:38:05 info: GET /api/advisor/profile
2026-08-07 15:38:05 info: POST /api/advisor/farmer
2026-08-07 15:38:05 info: GET /api/advisor/profile
2026-08-07 15:38:07 info: POST /api/advisor/farmer
2026-08-07 15:38:07 info: POST /api/advisor/farmer
2026-08-07 15:38:07 info: GET /api/advisor/profile
2026-08-07 15:38:07 info: GET /api/advisor/profile
2026-08-07 15:38:07 info: POST /api/advisor/farmer
2026-08-07 15:38:07 info: GET /api/advisor/profile
2026-08-07 15:38:07 info: POST /api/advisor/farmer
2026-08-07 15:38:07 info: GET /api/advisor/profile
2026-08-07 15:38:08 info: POST /api/advisor/farmer
2026-08-07 15:38:08 info: GET /api/advisor/profile
2026-08-07 15:38:08 info: POST /api/advisor/farmer
2026-08-07 15:38:08 info: GET /api/advisor/profile
2026-08-07 15:38:13 info: POST /api/admin/change-availability
2026-08-07 15:38:13 info: POST /api/admin/change-availability
2026-08-07 15:38:13 info: POST /api/admin/all-advisores
2026-08-07 15:38:13 info: POST /api/admin/all-advisores
2026-08-07 15:38:13 info: POST /api/admin/change-availability
2026-08-07 15:38:13 info: POST /api/admin/all-advisores
2026-08-07 15:38:14 info: POST /api/admin/change-availability
2026-08-07 15:38:14 info: POST /api/admin/all-advisores
2026-08-07 15:38:21 info: POST /api/admin/all-farmers
2026-08-07 15:38:21 info: POST /api/admin/all-farmers
2026-08-07 15:38:42 info: POST /api/admin/all-advisores
2026-08-07 15:39:05 info: POST /api/admin/all-farmers
2026-08-07 15:39:18 info: POST /api/admin/all-advisores
2026-08-07 15:39:18 info: POST /api/admin/all-advisores
2026-08-07 15:39:49 info: GET /api/admin/dashboard
2026-08-07 15:42:20 info: POST /api/admin/all-advisores
2026-08-07 15:42:20 info: POST /api/admin/all-advisores
2026-08-07 15:43:25 info: POST /api/admin/change-availability
2026-08-07 15:43:25 info: POST /api/admin/all-advisores
2026-08-07 15:43:30 info: POST /api/advisor/farmer
2026-08-07 15:43:30 info: GET /api/advisor/profile
2026-08-07 15:43:30 info: POST /api/advisor/farmer
2026-08-07 15:43:30 info: GET /api/advisor/profile
2026-08-07 15:43:31 info: POST /api/advisor/farmer
2026-08-07 15:43:31 info: POST /api/advisor/farmer
2026-08-07 15:43:31 info: GET /api/advisor/profile
2026-08-07 15:43:31 info: GET /api/advisor/profile
2026-08-07 15:43:31 info: POST /api/advisor/farmer
2026-08-07 15:43:31 info: GET /api/advisor/profile
2026-08-07 15:43:31 info: POST /api/advisor/farmer
2026-08-07 15:43:31 info: GET /api/advisor/profile
2026-08-07 15:43:34 info: POST /api/admin/change-availability
2026-08-07 15:43:34 info: POST /api/admin/all-advisores
2026-08-07 15:43:36 info: POST /api/admin/all-farmers
2026-08-07 15:43:36 info: POST /api/admin/all-farmers
2026-08-07 15:45:18 info: POST /api/admin/all-advisores
2026-08-07 15:45:18 info: POST /api/admin/all-advisores
2026-08-07 15:46:59 info: POST /api/admin/all-farmers
2026-08-07 15:46:59 info: POST /api/admin/all-farmers
2026-08-07 15:47:00 info: GET /api/product/list
2026-08-07 15:47:00 info: GET /api/product/list
2026-08-07 15:47:01 info: GET /api/admin/orders
2026-08-07 15:47:01 info: GET /api/admin/orders
2026-08-07 15:47:07 info: GET /api/product/list
2026-08-07 15:47:07 info: GET /api/product/list
2026-08-07 15:47:36 info: POST /api/product/add
2026-08-07 15:47:38 info: Product created successfully: dd
2026-08-07 15:47:49 info: GET /api/product/list
2026-08-07 15:47:49 info: GET /api/product/list
2026-08-07 15:47:56 info: GET /api/admin/orders
2026-08-07 15:47:56 info: GET /api/admin/orders
2026-08-07 15:49:24 info: GET /api/advisor/profile
2026-08-07 15:49:24 info: GET /api/advisor/profile
2026-08-07 15:49:59 info: GET /api/product/list
2026-08-07 15:49:59 info: GET /api/product/list
2026-08-07 15:50:06 info: GET /api/admin/orders
2026-08-07 15:50:06 info: GET /api/admin/orders
2026-08-07 15:50:07 info: GET /api/product/list
2026-08-07 15:50:08 info: GET /api/product/list
2026-08-07 15:50:09 info: POST /api/admin/all-farmers
2026-08-07 15:50:09 info: POST /api/admin/all-farmers
2026-08-07 15:50:10 info: POST /api/admin/all-advisores
2026-08-07 15:50:10 info: POST /api/admin/all-advisores
2026-08-07 15:50:17 info: GET /api/admin/dashboard
2026-08-07 15:50:17 info: GET /api/admin/dashboard
2026-08-07 15:52:03 info: GET /api/product/list
2026-08-07 15:52:25 info: Server Started on port 4000
2026-08-07 15:52:38 info: Server Started on port 4000
2026-08-07 15:53:10 info: POST /api/admin/all-advisores
2026-08-07 15:53:10 info: POST /api/admin/all-advisores
2026-08-07 15:53:12 info: POST /api/admin/all-farmers
2026-08-07 15:53:12 info: POST /api/admin/all-farmers
2026-08-07 15:53:15 info: GET /api/product/list
2026-08-07 15:53:15 info: GET /api/product/list
2026-08-07 15:53:18 info: GET /api/admin/dashboard
2026-08-07 15:53:19 info: GET /api/admin/dashboard
2026-08-07 15:53:27 info: GET /api/product/list
2026-08-07 15:53:27 info: GET /api/advisor/profile
2026-08-07 15:53:27 info: GET /api/advisor/profile
2026-08-07 15:53:27 info: GET /api/product/list
2026-08-07 15:54:12 info: GET /api/product/list
2026-08-07 15:54:12 info: GET /api/advisor/profile
2026-08-07 15:54:13 info: GET /api/product/list
2026-08-07 15:54:13 info: GET /api/advisor/profile
2026-08-07 15:54:14 info: POST /api/product/single
2026-08-07 15:54:14 info: POST /api/product/single
2026-08-07 15:56:02 info: GET /api/product/list
2026-08-07 15:56:03 info: GET /api/product/list
2026-08-07 15:59:21 info: GET /api/advisor/farmers
2026-08-07 15:59:21 info: GET /api/advisor/farmers
2026-08-07 15:59:23 info: Server Started on port 4000
2026-08-07 15:59:23 info: POST /api/advisor/farmer
2026-08-07 15:59:23 info: POST /api/advisor/farmer
2026-08-07 15:59:30 info: GET /api/advisor/farmers
2026-08-07 15:59:32 info: GET /api/advisor/farmers
2026-08-07 15:59:35 info: Server Started on port 4000
2026-08-07 15:59:36 info: POST /api/advisor/farmer
2026-08-07 15:59:36 info: POST /api/advisor/farmer
2026-08-07 15:59:46 info: Server Started on port 4000
2026-08-07 15:59:46 info: GET /api/advisor/farmers
2026-08-07 15:59:48 info: GET /api/advisor/farmers
2026-08-07 16:00:07 info: Server Started on port 4000
2026-08-07 16:01:14 info: POST /api/advisor/add-farmer
2026-08-07 16:01:14 info: GET /api/advisor/farmers
2026-08-07 16:01:14 info: GET /api/advisor/farmers
2026-08-07 16:01:20 info: GET /api/advisor/farmers
2026-08-07 16:01:20 info: GET /api/advisor/profile
2026-08-07 16:01:20 info: GET /api/advisor/profile
2026-08-07 16:01:20 info: GET /api/advisor/farmers
2026-08-07 16:01:23 info: GET /api/product/list
2026-08-07 16:01:23 info: GET /api/product/list
2026-08-07 16:01:25 info: GET /api/advisor/farmers
2026-08-07 16:01:25 info: GET /api/advisor/farmers
2026-08-07 16:01:28 info: GET /api/admin/dashboard
2026-08-07 16:01:28 info: GET /api/admin/dashboard
2026-08-07 16:01:31 info: POST /api/admin/all-farmers
2026-08-07 16:01:31 info: POST /api/admin/all-farmers
2026-08-07 16:02:22 info: GET /api/advisor/farmers
2026-08-07 16:02:22 info: GET /api/advisor/profile
2026-08-07 16:02:23 info: GET /api/advisor/farmers
2026-08-07 16:02:23 info: GET /api/advisor/profile
2026-08-07 16:05:06 info: GET /api/product/list
2026-08-07 16:05:06 info: GET /api/product/list
2026-08-07 16:05:07 info: POST /api/product/single
2026-08-07 16:05:07 info: POST /api/product/single
2026-08-07 16:05:12 info: GET /api/product/list
2026-08-07 16:05:12 info: GET /api/product/list
2026-08-07 16:05:40 info: GET /api/product/list
2026-08-07 16:05:43 info: Server Started on port 4000
2026-08-07 16:05:43 info: GET /api/product/list
2026-08-07 16:05:43 info: GET /api/advisor/profile
2026-08-07 16:05:44 info: GET /api/advisor/profile
2026-08-07 16:05:45 info: GET /api/product/list
2026-08-07 16:10:02 info: Server Started on port 4000
2026-08-07 16:10:17 info: Server Started on port 4000
2026-08-07 16:10:27 info: Server Started on port 4000
2026-08-07 16:10:45 info: Server Started on port 4000
2026-08-07 16:10:57 info: Server Started on port 4000
2026-08-07 16:11:28 info: GET /api/product/list
2026-08-07 16:11:28 info: GET /api/advisor/profile
2026-08-07 16:11:28 info: GET /api/product/list
2026-08-07 16:11:28 info: GET /api/advisor/profile
2026-08-07 16:15:31 info: POST /api/product/single
2026-08-07 16:15:31 info: POST /api/product/single
2026-08-07 16:16:43 info: POST /api/product/single
2026-08-07 16:16:43 info: POST /api/product/single
2026-08-07 16:16:43 info: GET /api/advisor/profile
2026-08-07 16:16:44 info: GET /api/advisor/profile
2026-08-07 16:17:16 info: GET /api/advisor/farmers
2026-08-07 16:17:17 info: GET /api/advisor/farmers
2026-08-07 16:17:18 info: GET /api/advisor/farmers
2026-08-07 16:17:22 info: GET /api/product/list
2026-08-07 16:17:22 info: GET /api/product/list
2026-08-07 16:17:25 info: POST /api/product/single
2026-08-07 16:17:25 info: POST /api/product/single
2026-08-07 16:17:26 info: GET /api/advisor/farmers
2026-08-07 16:17:35 info: POST /api/product-order/place
2026-08-07 16:17:40 info: GET /api/advisor/farmers
2026-08-07 16:17:40 info: GET /api/advisor/farmers
2026-08-07 16:17:41 info: POST /api/advisor/farmer
2026-08-07 16:17:41 info: POST /api/advisor/farmer
2026-08-07 16:17:46 info: GET /api/product-order/list
2026-08-07 16:17:46 info: GET /api/product-order/list
2026-08-07 16:17:59 info: GET /api/product-order/list
2026-08-07 16:17:59 info: GET /api/product-order/list
2026-08-07 16:17:59 info: GET /api/product/list
2026-08-07 16:18:00 info: GET /api/product/list
2026-08-07 16:18:06 info: POST /api/admin/all-farmers
2026-08-07 16:18:06 info: POST /api/admin/all-farmers
2026-08-07 16:18:06 info: POST /api/admin/all-farmers
2026-08-07 16:18:06 info: POST /api/admin/all-farmers
2026-08-07 16:18:06 info: POST /api/admin/all-farmers
2026-08-07 16:18:06 info: POST /api/admin/all-farmers
2026-08-07 16:18:08 info: GET /api/product/list
2026-08-07 16:18:08 info: GET /api/product/list
2026-08-07 16:18:11 info: GET /api/admin/orders
2026-08-07 16:18:12 info: GET /api/admin/orders
2026-08-07 16:18:31 info: GET /api/product-order/list
2026-08-07 16:18:31 info: GET /api/product-order/list
2026-08-07 16:21:51 info: Server Started on port 4000
2026-08-07 16:22:05 info: Server Started on port 4000
2026-08-07 16:22:27 info: Server Started on port 4000
2026-08-07 16:23:19 info: GET /api/product-order/list
2026-08-07 16:23:20 info: GET /api/product-order/list
2026-08-07 16:23:22 info: GET /api/product-order/list
2026-08-07 16:23:22 info: GET /api/advisor/profile
2026-08-07 16:23:22 info: GET /api/advisor/profile
2026-08-07 16:23:22 info: GET /api/product-order/list
2026-08-07 16:23:22 info: GET /api/advisor/profile
2026-08-07 16:23:22 info: GET /api/advisor/profile
2026-08-07 16:23:22 info: GET /api/product-order/list
2026-08-07 16:23:22 info: GET /api/product-order/list
2026-08-07 16:23:22 info: GET /api/advisor/profile
2026-08-07 16:23:23 info: GET /api/product-order/list
2026-08-07 16:23:23 info: GET /api/advisor/profile
2026-08-07 16:23:23 info: GET /api/product-order/list
2026-08-07 16:23:23 info: GET /api/advisor/profile
2026-08-07 16:23:23 info: GET /api/product-order/list
2026-08-07 16:23:23 info: GET /api/advisor/profile
2026-08-07 16:23:23 info: GET /api/product-order/list
2026-08-07 16:23:23 info: GET /api/advisor/profile
2026-08-07 16:23:23 info: GET /api/product-order/list
2026-08-07 16:23:23 info: GET /api/advisor/profile
2026-08-07 16:23:23 info: GET /api/advisor/profile
2026-08-07 16:23:23 info: GET /api/product-order/list
2026-08-07 16:23:23 info: GET /api/advisor/profile
2026-08-07 16:23:23 info: GET /api/advisor/profile
2026-08-07 16:23:23 info: GET /api/product-order/list
2026-08-07 16:23:23 info: GET /api/advisor/profile
2026-08-07 16:23:23 info: GET /api/advisor/profile
2026-08-07 16:23:23 info: GET /api/product-order/list
2026-08-07 16:23:25 info: GET /api/admin/product-orders
2026-08-07 16:23:25 info: GET /api/admin/product-orders
2026-08-07 16:23:25 info: GET /api/admin/product-orders
2026-08-07 16:23:26 info: GET /api/admin/product-orders
2026-08-07 16:23:26 info: GET /api/admin/product-orders
2026-08-07 16:23:26 info: GET /api/admin/product-orders
2026-08-07 16:26:54 info: Server Started on port 4000
2026-08-07 16:27:08 info: Server Started on port 4000
2026-08-07 16:27:21 info: Server Started on port 4000
2026-08-07 16:32:35 info: POST /api/product-order/pay
2026-08-07 16:32:39 info: GET /api/product-order/list
2026-08-07 16:32:43 info: GET /api/admin/product-orders
2026-08-07 16:32:43 info: GET /api/admin/product-orders
2026-08-07 16:32:43 info: GET /api/admin/product-orders
2026-08-07 16:32:43 info: GET /api/admin/product-orders
2026-08-07 16:32:44 info: GET /api/admin/product-orders
2026-08-07 16:32:44 info: GET /api/admin/product-orders
2026-08-07 16:32:45 info: GET /api/admin/product-orders
2026-08-07 16:32:45 info: GET /api/admin/product-orders
2026-08-07 16:32:45 info: GET /api/admin/product-orders
2026-08-07 16:32:45 info: GET /api/admin/product-orders
2026-08-07 16:32:45 info: GET /api/admin/product-orders
2026-08-07 16:35:31 info: Server Started on port 4000
2026-08-07 16:43:08 info: Server Started on port 4000
2026-08-07 16:43:11 info: GET /api/advisor/profile
2026-08-07 16:43:12 info: GET /api/advisor/profile
2026-08-07 16:43:12 info: GET /api/advisor/profile
2026-08-07 16:43:12 info: GET /api/advisor/profile
2026-08-07 16:43:12 info: GET /api/advisor/profile
2026-08-07 16:43:12 info: GET /api/advisor/profile
2026-08-07 16:43:22 info: GET /api/product-order/list
2026-08-07 16:43:22 info: GET /api/product-order/list
2026-08-07 16:43:24 info: GET /api/product/list
2026-08-07 16:43:24 info: GET /api/product/list
2026-08-07 16:43:25 info: GET /api/product-order/list
2026-08-07 16:43:26 info: GET /api/product-order/list
2026-08-07 16:44:08 info: GET /api/product/list
2026-08-07 16:44:08 info: GET /api/product/list
2026-08-07 16:44:10 info: GET /api/advisor/farmers
2026-08-07 16:44:12 info: POST /api/product/single
2026-08-07 16:44:12 info: POST /api/product/single
2026-08-07 16:44:13 info: GET /api/advisor/farmers
2026-08-07 16:44:16 info: GET /api/advisor/farmers
2026-08-07 16:45:25 info: POST /api/product-order/place
2026-08-07 16:45:28 info: GET /api/product-order/list
2026-08-07 16:45:28 info: GET /api/product-order/list
2026-08-07 16:45:31 info: POST /api/product-order/pay
2026-08-07 16:45:46 info: GET /api/product-order/list
2026-08-07 16:46:00 info: GET /api/admin/product-orders
2026-08-07 16:46:00 info: GET /api/admin/product-orders
2026-08-07 16:46:01 info: GET /api/admin/product-orders
2026-08-07 16:46:01 info: GET /api/admin/product-orders
2026-08-07 16:46:07 info: POST /api/admin/update-product-order-status
2026-08-07 16:46:07 info: GET /api/admin/product-orders
2026-08-07 16:46:12 info: GET /api/product-order/list
2026-08-07 16:46:12 info: GET /api/advisor/profile
2026-08-07 16:46:12 info: GET /api/advisor/profile
2026-08-07 16:46:12 info: GET /api/product-order/list
2026-08-07 16:46:17 info: GET /api/advisor/farmers
2026-08-07 16:46:17 info: GET /api/advisor/farmers
2026-08-07 16:46:19 info: GET /api/product/list
2026-08-07 16:46:19 info: GET /api/product/list
2026-08-07 16:46:20 info: POST /api/product/single
2026-08-07 16:46:20 info: POST /api/product/single
2026-08-07 16:46:21 info: GET /api/advisor/farmers
2026-08-07 16:46:24 info: POST /api/product-order/place
2026-08-07 16:46:29 info: GET /api/admin/product-orders
2026-08-07 16:46:30 info: GET /api/admin/product-orders
2026-08-07 16:46:30 info: GET /api/admin/product-orders
2026-08-07 16:46:30 info: GET /api/admin/product-orders
2026-08-07 16:46:37 info: GET /api/product-order/list
2026-08-07 16:46:37 info: GET /api/product-order/list
2026-08-07 16:46:39 info: POST /api/product-order/pay
2026-08-07 16:46:39 info: POST /api/product-order/pay
2026-08-07 16:46:40 info: GET /api/product-order/list
2026-08-07 16:46:41 info: GET /api/product-order/list
2026-08-07 16:46:48 info: GET /api/product-order/list
2026-08-07 16:46:48 info: GET /api/advisor/profile
2026-08-07 16:46:48 info: GET /api/advisor/profile
2026-08-07 16:46:48 info: GET /api/product-order/list
2026-08-07 16:46:48 info: GET /api/product-order/list
2026-08-07 16:46:48 info: GET /api/advisor/profile
2026-08-07 16:46:48 info: GET /api/advisor/profile
2026-08-07 16:46:48 info: GET /api/product-order/list
2026-08-07 16:46:48 info: GET /api/advisor/profile
2026-08-07 16:46:48 info: GET /api/product-order/list
2026-08-07 16:46:48 info: GET /api/advisor/profile
2026-08-07 16:46:48 info: GET /api/product-order/list
2026-08-07 16:46:50 info: GET /api/admin/product-orders
2026-08-07 16:46:50 info: GET /api/admin/product-orders
2026-08-07 16:46:50 info: GET /api/admin/product-orders
2026-08-07 16:46:51 info: GET /api/admin/product-orders
2026-08-07 16:46:51 info: GET /api/admin/product-orders
2026-08-07 16:46:51 info: GET /api/admin/product-orders
2026-08-07 16:46:54 info: POST /api/admin/update-product-order-status
2026-08-07 16:46:54 info: GET /api/admin/product-orders
2026-08-07 16:47:02 info: GET /api/product-order/list
2026-08-07 16:47:02 info: GET /api/advisor/profile
2026-08-07 16:47:02 info: GET /api/advisor/profile
2026-08-07 16:47:02 info: GET /api/product-order/list
2026-08-07 16:47:02 info: GET /api/product-order/list
2026-08-07 16:47:02 info: GET /api/advisor/profile
2026-08-07 16:47:02 info: GET /api/advisor/profile
2026-08-07 16:47:02 info: GET /api/product-order/list
2026-08-07 16:47:47 info: GET /api/product/list
2026-08-07 16:47:47 info: GET /api/product/list
2026-08-07 16:47:49 info: POST /api/product/single
2026-08-07 16:47:49 info: POST /api/product/single
2026-08-07 16:47:50 info: GET /api/advisor/farmers
2026-08-07 16:47:53 info: POST /api/product-order/place
2026-08-07 16:47:57 info: GET /api/product-order/list
2026-08-07 16:47:57 info: GET /api/product-order/list
2026-08-07 16:52:11 info: GET /api/product-order/list
2026-08-07 16:52:45 info: GET /api/product-order/list
2026-08-07 16:52:45 info: GET /api/advisor/profile
2026-08-07 16:52:45 info: GET /api/product-order/list
2026-08-07 16:52:45 info: GET /api/advisor/profile
2026-08-07 16:52:45 info: GET /api/product-order/list
2026-08-07 16:52:45 info: GET /api/advisor/profile
2026-08-07 16:52:45 info: GET /api/product-order/list
2026-08-07 16:52:45 info: GET /api/advisor/profile
2026-08-07 16:53:12 info: POST /api/product-order/pay
2026-08-07 16:53:17 info: GET /api/product-order/list
2026-08-07 16:53:47 info: GET /api/product/list
2026-08-07 16:53:48 info: GET /api/product/list
2026-08-07 16:53:49 info: POST /api/product/single
2026-08-07 16:53:49 info: POST /api/product/single
2026-08-07 16:54:00 info: GET /api/product/list
2026-08-07 16:54:00 info: GET /api/product/list
2026-08-07 16:54:21 info: GET /api/admin/product-orders
2026-08-07 16:54:21 info: GET /api/admin/product-orders
2026-08-07 16:55:45 info: Server Started on port 4000
2026-08-07 16:56:02 info: Server Started on port 4000
2026-08-07 16:59:12 info: GET /api/admin/product-orders
2026-08-07 16:59:18 info: GET /api/admin/product-orders
2026-08-07 17:00:22 info: GET /api/product/list
2026-08-07 17:00:22 info: GET /api/product/list
2026-08-07 17:00:24 info: POST /api/product/single
2026-08-07 17:00:24 info: POST /api/product/single
2026-08-07 17:00:34 info: POST /api/product/update
2026-08-07 17:00:36 info: GET /api/product/list
2026-08-07 17:00:36 info: GET /api/product/list
2026-08-07 17:00:50 info: POST /api/product/single
2026-08-07 17:00:50 info: GET /api/advisor/profile
2026-08-07 17:00:50 info: POST /api/product/single
2026-08-07 17:00:50 info: GET /api/advisor/profile
2026-08-07 17:00:50 info: POST /api/product/single
2026-08-07 17:00:50 info: GET /api/advisor/profile
2026-08-07 17:00:50 info: POST /api/product/single
2026-08-07 17:00:50 info: POST /api/product/single
2026-08-07 17:00:50 info: GET /api/advisor/profile
2026-08-07 17:00:50 info: POST /api/product/single
2026-08-07 17:00:51 info: GET /api/advisor/profile
2026-08-07 17:01:11 info: GET /api/product-order/list
2026-08-07 17:01:11 info: GET /api/product-order/list
2026-08-07 17:01:16 info: GET /api/product-order/list
2026-08-07 17:01:17 info: GET /api/product-order/list
2026-08-07 17:01:28 info: GET /api/admin/product-orders
2026-08-07 17:01:28 info: GET /api/admin/product-orders
2026-08-07 17:01:43 info: GET /api/product/list
2026-08-07 17:01:44 info: GET /api/product/list
2026-08-07 17:01:44 info: POST /api/product/single
2026-08-07 17:01:44 info: POST /api/product/single
2026-08-07 17:01:45 info: GET /api/advisor/farmers
2026-08-07 17:01:49 info: POST /api/product-order/place
2026-08-07 17:01:53 info: GET /api/product-order/list
2026-08-07 17:01:53 info: GET /api/product-order/list
2026-08-07 17:02:19 info: POST /api/admin/update-product-order-status
2026-08-07 17:02:19 info: GET /api/admin/product-orders
2026-08-07 17:02:23 info: GET /api/admin/product-orders
2026-08-07 17:02:23 info: GET /api/admin/product-orders
2026-08-07 17:02:23 info: GET /api/admin/product-orders
2026-08-07 17:02:24 info: GET /api/admin/product-orders
2026-08-07 17:02:24 info: GET /api/admin/product-orders
2026-08-07 17:06:30 info: GET /api/product-order/list
2026-08-07 17:07:39 info: GET /api/admin/product-orders
2026-08-07 17:07:39 info: GET /api/admin/product-orders
2026-08-07 17:07:39 info: GET /api/admin/product-orders
2026-08-07 17:07:39 info: GET /api/admin/product-orders
2026-08-07 17:09:00 info: GET /api/admin/product-orders
2026-08-07 17:16:06 info: GET /api/admin/product-orders
2026-08-07 17:16:06 info: GET /api/admin/product-orders
2026-08-07 17:16:06 info: GET /api/admin/product-orders
2026-08-07 17:16:06 info: GET /api/admin/product-orders
2026-08-07 17:16:06 info: GET /api/admin/product-orders
2026-08-07 17:16:07 info: GET /api/advisor/profile
2026-08-07 17:16:07 info: GET /api/advisor/profile
2026-08-07 17:16:19 info: GET /api/product-order/list
2026-08-07 17:16:20 info: GET /api/product-order/list
2026-08-07 17:27:10 info: Server Started on port 4000
2026-08-07 17:28:26 info: POST /api/advisor/login
2026-08-07 17:28:26 info: GET /api/advisor/profile
2026-08-07 17:28:26 info: GET /api/advisor/profile
2026-08-07 17:28:33 info: GET /api/product/list
2026-08-07 17:28:33 info: GET /api/product/list
2026-08-07 17:34:24 info: Server Started on port 4000
2026-08-07 17:36:00 info: HEAD /
2026-08-07 17:36:00 info: GET /
2026-08-07 17:37:03 info: GET /api/advisor/profile
2026-08-07 17:37:03 info: GET /api/advisor/profile
2026-08-07 17:37:03 info: GET /api/advisor/profile
2026-08-07 17:37:03 info: GET /api/advisor/profile
2026-08-07 17:37:03 info: GET /api/advisor/profile
2026-08-07 17:37:03 info: GET /api/advisor/profile
2026-08-07 17:37:04 info: GET /
2026-08-07 17:37:04 info: GET /favicon.ico
2026-08-07 17:37:04 error: 404 - Can't find /favicon.ico on this server!
2026-08-07 17:37:43 info: GET /api/advisor/profile
2026-08-07 17:37:43 info: GET /api/advisor/profile
2026-08-07 17:37:44 info: GET /api/advisor/profile
2026-08-07 17:37:44 info: GET /api/advisor/profile
2026-08-07 17:37:44 info: GET /api/advisor/profile
2026-08-07 17:37:44 info: GET /api/advisor/profile
2026-08-07 17:37:51 info: GET /api/advisor/farmers
2026-08-07 17:37:51 info: GET /api/advisor/farmers
2026-08-07 17:37:52 info: GET /api/product/list
2026-08-07 17:37:52 info: GET /api/product/list
2026-08-07 17:38:17 info: GET /api/advisor/farmers
2026-08-07 17:38:17 info: GET /api/advisor/profile
2026-08-07 17:38:17 info: GET /api/advisor/farmers
2026-08-07 17:38:17 info: GET /api/advisor/profile
2026-08-07 17:38:19 info: GET /api/product-order/list
2026-08-07 17:38:20 info: GET /api/product-order/list
2026-08-07 17:38:23 info: GET /api/advisor/farmers
2026-08-07 17:38:23 info: GET /api/advisor/farmers
2026-08-07 17:38:24 info: GET /api/product/list
2026-08-07 17:38:24 info: GET /api/product/list
2026-08-07 17:42:01 info: Server Started on port 4000
2026-08-07 17:42:18 info: GET /api/advisor/profile
2026-08-07 17:42:18 info: GET /api/advisor/profile
2026-08-07 17:42:18 info: GET /api/advisor/profile
2026-08-07 17:42:19 info: GET /api/advisor/profile
2026-08-07 17:42:22 info: GET /api/product/list
2026-08-07 17:42:22 info: GET /api/product/list
2026-08-07 17:42:43 info: GET /api/admin/product-orders
2026-08-07 17:42:44 info: GET /api/admin/product-orders
2026-08-07 17:45:03 info: GET /api/admin/dashboard
2026-08-07 17:45:03 info: GET /api/admin/dashboard
2026-08-07 17:45:04 info: POST /api/admin/all-advisores
2026-08-07 17:45:04 info: POST /api/admin/all-advisores
2026-08-07 17:45:06 info: GET /api/admin/dashboard
2026-08-07 17:45:06 info: GET /api/admin/dashboard
2026-08-07 17:45:09 info: GET /api/admin/dashboard
2026-08-07 17:45:09 info: GET /api/admin/dashboard
2026-08-07 17:45:09 info: GET /api/admin/dashboard
2026-08-07 17:45:10 info: GET /api/admin/dashboard
2026-08-07 17:45:40 info: GET /api/admin/product-orders
2026-08-07 17:45:40 info: GET /api/admin/product-orders
2026-08-07 17:46:02 info: Server Started on port 4000
2026-08-07 17:46:28 info: GET /api/admin/dashboard
2026-08-07 17:46:29 info: GET /api/admin/dashboard
2026-08-07 17:46:42 info: GET /api/admin/product-orders
2026-08-07 17:46:42 info: GET /api/admin/product-orders
2026-08-07 17:48:23 info: GET /api/admin/product-orders
2026-08-07 17:52:38 info: GET /api/advisor/farmers
2026-08-07 17:52:39 info: GET /api/advisor/farmers
2026-08-07 17:52:48 info: GET /api/product/list
2026-08-07 17:52:48 info: GET /api/product/list
2026-08-07 17:52:53 info: GET /api/product-order/list
2026-08-07 17:52:53 info: GET /api/product-order/list
2026-08-07 17:54:20 info: GET /api/admin/product-orders
2026-08-07 17:55:07 info: GET /api/admin/dashboard
2026-08-07 17:55:07 info: GET /api/admin/dashboard
2026-08-07 17:55:23 info: GET /api/admin/product-orders
2026-08-07 17:55:23 info: GET /api/admin/product-orders
2026-08-07 17:55:58 info: GET /api/admin/product-orders
2026-08-07 17:55:59 info: GET /api/admin/product-orders
2026-08-07 17:57:06 info: GET /api/advisor/profile
2026-08-07 17:57:06 info: GET /api/advisor/profile
2026-08-07 17:57:06 info: GET /api/advisor/profile
2026-08-07 17:57:06 info: GET /api/advisor/profile
2026-08-07 17:57:06 info: GET /api/advisor/profile
2026-08-07 17:57:06 info: GET /api/advisor/profile
2026-08-07 17:57:06 info: GET /api/advisor/profile
2026-08-07 17:57:06 info: GET /api/advisor/profile
2026-08-07 17:57:07 info: GET /api/advisor/profile
2026-08-07 17:57:07 info: GET /api/advisor/profile
2026-08-07 17:57:07 info: GET /api/advisor/profile
2026-08-07 17:57:07 info: GET /api/advisor/profile
2026-08-07 17:57:07 info: GET /api/advisor/profile
2026-08-07 17:57:07 info: GET /api/advisor/profile
2026-08-07 17:57:07 info: GET /api/advisor/profile
2026-08-07 17:57:07 info: GET /api/advisor/profile
2026-08-07 17:57:07 info: GET /api/advisor/profile
2026-08-07 17:57:07 info: GET /api/advisor/profile
2026-08-07 17:57:08 info: GET /api/advisor/profile
2026-08-07 17:57:08 info: GET /api/advisor/profile
2026-08-07 17:57:08 info: GET /api/advisor/profile
2026-08-07 17:57:08 info: GET /api/advisor/profile
2026-08-07 17:57:08 info: GET /api/advisor/profile
2026-08-07 17:57:08 info: GET /api/advisor/profile
2026-08-07 17:57:08 info: GET /api/advisor/profile
2026-08-07 17:57:08 info: GET /api/advisor/profile
2026-08-07 17:57:08 info: GET /api/advisor/profile
2026-08-07 17:57:08 info: GET /api/advisor/profile
2026-08-07 17:57:08 info: GET /api/advisor/profile
2026-08-07 17:57:09 info: GET /api/advisor/profile
2026-08-07 17:58:44 info: GET /api/product-order/list
2026-08-07 17:58:44 info: GET /api/product-order/list
2026-08-07 17:58:44 info: GET /api/advisor/profile
2026-08-07 17:58:44 info: GET /api/advisor/profile
2026-08-07 17:58:44 info: GET /api/product-order/list
2026-08-07 17:58:44 info: GET /api/product-order/list
2026-08-07 17:58:44 info: GET /api/advisor/profile
2026-08-07 17:58:44 info: GET /api/advisor/profile
2026-08-07 17:59:04 info: GET /api/product-order/list
2026-08-07 17:59:04 info: GET /api/advisor/profile
2026-08-07 17:59:04 info: GET /api/advisor/profile
2026-08-07 17:59:04 info: GET /api/product-order/list
2026-08-07 17:59:06 info: GET /api/product-order/list
2026-08-07 17:59:06 info: GET /api/advisor/profile
2026-08-07 17:59:06 info: GET /api/product-order/list
2026-08-07 17:59:06 info: GET /api/advisor/profile
2026-08-07 17:59:06 info: GET /api/advisor/profile
2026-08-07 17:59:06 info: GET /api/product-order/list
2026-08-07 17:59:06 info: GET /api/product-order/list
2026-08-07 17:59:06 info: GET /api/advisor/profile
2026-08-07 17:59:07 info: GET /api/product-order/list
2026-08-07 17:59:07 info: GET /api/product-order/list
2026-08-07 17:59:07 info: GET /api/advisor/profile
2026-08-07 17:59:07 info: GET /api/advisor/profile
2026-08-07 17:59:07 info: GET /api/product-order/list
2026-08-07 17:59:07 info: GET /api/product-order/list
2026-08-07 17:59:07 info: GET /api/advisor/profile
2026-08-07 17:59:07 info: GET /api/advisor/profile
2026-08-07 17:59:07 info: GET /api/product-order/list
2026-08-07 17:59:07 info: GET /api/advisor/profile
2026-08-07 17:59:07 info: GET /api/product-order/list
2026-08-07 17:59:07 info: GET /api/advisor/profile
2026-08-07 17:59:08 info: GET /api/product-order/list
2026-08-07 17:59:08 info: GET /api/advisor/profile
2026-08-07 17:59:08 info: GET /api/product-order/list
2026-08-07 17:59:08 info: GET /api/advisor/profile
2026-08-07 17:59:08 info: GET /api/product-order/list
2026-08-07 17:59:08 info: GET /api/advisor/profile
2026-08-07 17:59:08 info: GET /api/product-order/list
2026-08-07 17:59:08 info: GET /api/advisor/profile
2026-08-07 17:59:08 info: GET /api/product-order/list
2026-08-07 17:59:08 info: GET /api/advisor/profile
2026-08-07 17:59:08 info: GET /api/product-order/list
2026-08-07 17:59:08 info: GET /api/advisor/profile
2026-08-07 17:59:38 info: GET /api/advisor/profile
2026-08-07 17:59:38 info: GET /api/advisor/profile
2026-08-07 17:59:55 info: GET /api/advisor/profile
2026-08-07 17:59:56 info: GET /api/advisor/profile
2026-08-07 18:01:17 info: GET /api/admin/product-orders
2026-08-07 18:02:03 info: GET /api/product-order/list
2026-08-07 18:04:45 info: GET /api/admin/product-orders
2026-08-07 18:18:35 info: Server Started on port 4000
2026-08-07 18:18:47 info: GET /api/advisor/profile
2026-08-07 18:18:47 info: GET /api/advisor/profile
2026-08-07 18:18:53 info: GET /api/advisor/farmers
2026-08-07 18:18:54 info: GET /api/advisor/farmers
2026-08-07 18:18:57 info: POST /api/advisor/farmer
2026-08-07 18:18:57 info: POST /api/advisor/farmer
2026-08-07 18:20:00 info: GET /api/product/list
2026-08-07 18:20:00 info: GET /api/product/list
2026-08-07 18:20:03 info: GET /api/product-order/list
2026-08-07 18:20:04 info: GET /api/product-order/list
2026-08-07 18:20:29 info: GET /api/admin/dashboard
2026-08-07 18:20:29 info: GET /api/admin/dashboard
2026-08-07 18:20:37 info: POST /api/admin/all-advisores
2026-08-07 18:20:37 info: POST /api/admin/all-advisores
2026-08-07 18:20:40 info: GET /api/admin/product-orders
2026-08-07 18:20:41 info: GET /api/admin/product-orders
2026-08-07 18:21:22 info: Server Started on port 4000
2026-08-07 22:30:01 info: Server Started on port 4000
2026-08-07 22:30:07 info: GET /api/admin/dashboard
2026-08-07 22:30:07 info: GET /api/admin/dashboard
2026-08-07 22:30:20 info: GET /api/admin/dashboard
2026-08-07 22:30:20 info: GET /api/admin/dashboard
2026-08-07 22:30:26 info: GET /api/advisor/profile
2026-08-07 22:30:26 info: GET /api/advisor/profile
2026-08-07 22:30:41 info: GET /api/advisor/profile
2026-08-07 22:30:41 info: GET /api/advisor/profile
2026-08-07 22:30:43 info: GET /api/advisor/profile
2026-08-07 22:30:43 info: GET /api/advisor/profile
2026-08-07 22:30:46 info: GET /api/advisor/farmers
2026-08-07 22:30:46 info: GET /api/advisor/farmers
2026-08-07 22:30:49 info: GET /api/advisor/farmers
2026-08-07 22:30:49 info: GET /api/advisor/profile
2026-08-07 22:30:49 info: GET /api/advisor/farmers
2026-08-07 22:30:49 info: GET /api/advisor/profile
2026-08-07 22:30:57 info: GET /api/admin/dashboard
2026-08-07 22:30:57 info: GET /api/admin/dashboard
2026-08-07 22:30:58 info: GET /api/admin/dashboard
2026-08-07 22:30:58 info: GET /api/admin/dashboard
2026-08-07 22:30:58 info: GET /api/admin/dashboard
2026-08-07 22:30:58 info: GET /api/admin/dashboard
2026-08-07 22:31:17 info: POST /api/admin/login
2026-08-07 22:31:17 info: GET /api/admin/dashboard
2026-08-07 22:31:20 info: GET /api/admin/dashboard
2026-08-07 22:31:34 info: GET /api/advisor/farmers
2026-08-07 22:31:34 info: GET /api/advisor/profile
2026-08-07 22:31:34 info: GET /api/advisor/farmers
2026-08-07 22:31:34 info: GET /api/advisor/profile
2026-08-07 22:31:34 info: GET /api/advisor/farmers
2026-08-07 22:31:34 info: GET /api/advisor/profile
2026-08-07 22:31:34 info: GET /api/advisor/farmers
2026-08-07 22:31:34 info: GET /api/advisor/profile
2026-08-07 22:31:35 info: GET /api/advisor/farmers
2026-08-07 22:31:35 info: GET /api/advisor/profile
2026-08-07 22:31:35 info: GET /api/advisor/farmers
2026-08-07 22:31:35 info: GET /api/advisor/profile
2026-08-07 22:31:35 info: GET /api/advisor/farmers
2026-08-07 22:31:35 info: GET /api/advisor/profile
2026-08-07 22:31:35 info: GET /api/advisor/farmers
2026-08-07 22:31:35 info: GET /api/advisor/profile
2026-08-07 22:31:35 info: GET /api/advisor/farmers
2026-08-07 22:31:35 info: GET /api/advisor/profile
2026-08-07 22:31:35 info: GET /api/advisor/farmers
2026-08-07 22:31:35 info: GET /api/advisor/profile
2026-08-07 22:31:36 info: GET /api/advisor/farmers
2026-08-07 22:31:36 info: GET /api/advisor/profile
2026-08-07 22:31:36 info: GET /api/advisor/farmers
2026-08-07 22:31:36 info: GET /api/advisor/profile
2026-08-07 22:31:36 info: GET /api/advisor/farmers
2026-08-07 22:31:36 info: GET /api/advisor/profile
2026-08-07 22:31:36 info: GET /api/advisor/farmers
2026-08-07 22:31:36 info: GET /api/advisor/profile
2026-08-07 22:31:36 info: GET /api/advisor/farmers
2026-08-07 22:31:36 info: GET /api/advisor/profile
2026-08-07 22:31:36 info: GET /api/advisor/farmers
2026-08-07 22:31:36 info: GET /api/advisor/profile
2026-08-07 22:31:36 info: GET /api/advisor/farmers
2026-08-07 22:31:36 info: GET /api/advisor/farmers
2026-08-07 22:31:36 info: GET /api/advisor/profile
2026-08-07 22:31:36 info: GET /api/advisor/profile
2026-08-07 22:31:37 info: GET /api/advisor/farmers
2026-08-07 22:31:37 info: GET /api/advisor/profile
2026-08-07 22:31:37 info: GET /api/advisor/farmers
2026-08-07 22:31:37 info: GET /api/advisor/profile
2026-08-07 22:31:37 info: GET /api/advisor/farmers
2026-08-07 22:31:37 info: GET /api/advisor/profile
2026-08-07 22:31:37 info: GET /api/advisor/farmers
2026-08-07 22:31:37 info: GET /api/advisor/profile
2026-08-07 22:31:37 info: GET /api/advisor/farmers
2026-08-07 22:31:37 info: GET /api/advisor/profile
2026-08-07 22:31:37 info: GET /api/advisor/farmers
2026-08-07 22:31:37 info: GET /api/advisor/profile
2026-08-07 22:31:38 info: GET /api/advisor/farmers
2026-08-07 22:31:38 info: GET /api/advisor/profile
2026-08-07 22:31:38 info: GET /api/advisor/farmers
2026-08-07 22:31:38 info: GET /api/advisor/profile
2026-08-07 22:31:50 info: GET /api/advisor/profile
2026-08-07 22:31:51 info: GET /api/advisor/profile
2026-08-07 22:32:04 info: GET /api/advisor/farmers
2026-08-07 22:32:04 info: GET /api/advisor/farmers
2026-08-07 22:32:05 info: GET /api/product/list
2026-08-07 22:32:05 info: GET /api/product/list
2026-08-07 22:32:09 info: GET /api/product-order/list
2026-08-07 22:32:09 info: GET /api/product-order/list
2026-08-07 22:32:11 info: GET /api/product-order/list
2026-08-07 22:32:11 info: GET /api/product-order/list
2026-08-07 22:32:14 info: GET /api/product-order/list
2026-08-07 22:32:14 info: GET /api/product-order/list
2026-08-07 22:32:37 info: POST /api/admin/all-advisores
2026-08-07 22:32:37 info: POST /api/admin/all-advisores
2026-08-07 22:32:45 info: POST /api/admin/all-farmers
2026-08-07 22:32:45 info: POST /api/admin/all-farmers
2026-08-07 22:33:09 info: GET /api/product/list
2026-08-07 22:33:10 info: GET /api/product/list
2026-08-07 22:33:30 info: GET /api/admin/product-orders
2026-08-07 22:33:31 info: GET /api/admin/product-orders
2026-08-07 22:34:09 info: GET /api/admin/product-orders
2026-08-07 22:34:10 info: GET /api/admin/product-orders
2026-08-07 22:34:43 info: GET /api/advisor/profile
2026-08-07 22:34:43 info: GET /api/advisor/profile
2026-08-07 22:34:57 info: GET /api/advisor/farmers
2026-08-07 22:34:58 info: GET /api/advisor/farmers
2026-08-07 22:35:07 info: GET /api/product/list
2026-08-07 22:35:08 info: GET /api/product/list
2026-08-07 22:35:19 info: GET /api/advisor/farmers
2026-08-07 22:35:24 info: GET /api/product-order/list
2026-08-07 22:35:30 info: GET /api/product-order/list
2026-08-07 22:35:34 info: GET /api/product-order/list
2026-08-07 22:35:34 info: GET /api/product-order/list
2026-08-07 22:43:27 info: Server Started on port 4000
2026-08-07 22:43:32 info: Server Started on port 4000
2026-08-07 22:45:07 info: GET /api/advisor/dashboard
2026-08-07 22:45:07 info: GET /api/advisor/profile
2026-08-07 22:45:07 info: GET /api/advisor/profile
2026-08-07 22:45:07 info: GET /api/advisor/dashboard
2026-08-07 22:45:14 info: GET /api/advisor/dashboard
2026-08-07 22:45:14 info: GET /api/advisor/dashboard
2026-08-07 22:45:14 info: GET /api/advisor/profile
2026-08-07 22:45:14 info: GET /api/advisor/profile
2026-08-07 22:45:17 info: GET /api/advisor/farmers
2026-08-07 22:45:17 info: GET /api/advisor/farmers
2026-08-07 22:45:19 info: GET /api/product/list
2026-08-07 22:45:19 info: GET /api/product/list
2026-08-07 22:45:21 info: GET /api/product-order/list
2026-08-07 22:45:21 info: GET /api/product-order/list
2026-08-07 22:46:30 info: GET /api/product-order/list
2026-08-07 22:46:30 info: GET /api/advisor/profile
2026-08-07 22:46:30 info: GET /api/product-order/list
2026-08-07 22:46:30 info: GET /api/advisor/profile
2026-08-07 22:46:33 info: GET /api/product/list
2026-08-07 22:46:33 info: GET /api/product/list
2026-08-07 22:46:34 info: GET /api/advisor/farmers
2026-08-07 22:46:34 info: GET /api/advisor/farmers
2026-08-07 22:46:36 info: GET /api/advisor/dashboard
2026-08-07 22:46:38 info: GET /api/advisor/dashboard
2026-08-07 22:47:43 info: GET /api/advisor/dashboard
2026-08-07 22:47:43 info: GET /api/advisor/profile
2026-08-07 22:47:43 info: GET /api/advisor/dashboard
2026-08-07 22:47:43 info: GET /api/advisor/profile
2026-08-07 22:47:45 info: GET /api/advisor/dashboard
2026-08-07 22:47:45 info: GET /api/advisor/dashboard
2026-08-07 22:47:45 info: GET /api/advisor/profile
2026-08-07 22:47:45 info: GET /api/advisor/profile
2026-08-07 22:47:49 info: GET /api/advisor/farmers
2026-08-07 22:47:51 info: GET /api/advisor/farmers
2026-08-07 22:48:15 info: POST /api/advisor/add-farmer
2026-08-07 22:48:24 info: GET /api/advisor/farmers
2026-08-07 22:48:25 info: GET /api/advisor/farmers
2026-08-07 22:48:30 info: POST /api/admin/all-farmers
2026-08-07 22:48:30 info: POST /api/admin/all-farmers
2026-08-07 22:50:45 info: GET /api/advisor/farmers
2026-08-07 22:50:45 info: GET /api/advisor/profile
2026-08-07 22:50:46 info: GET /api/advisor/profile
2026-08-07 22:50:46 info: GET /api/advisor/farmers
2026-08-07 22:53:29 info: GET /api/advisor/farmers
2026-08-07 22:53:29 info: GET /api/advisor/profile
2026-08-07 22:53:29 info: GET /api/advisor/farmers
2026-08-07 22:53:29 info: GET /api/advisor/profile
2026-08-07 22:56:27 info: POST /api/advisor/login
2026-08-07 22:56:36 info: POST /api/advisor/login
2026-08-07 22:56:37 info: GET /api/advisor/dashboard
2026-08-07 22:56:37 info: GET /api/advisor/profile
2026-08-07 22:56:37 info: GET /api/advisor/profile
2026-08-07 22:56:38 info: GET /api/advisor/dashboard
2026-08-07 22:58:25 info: GET /api/product-order/list
2026-08-07 22:58:25 info: GET /api/product-order/list
2026-08-07 22:58:40 info: GET /api/product-order/list
2026-08-07 22:58:41 info: GET /api/product-order/list
2026-08-07 22:58:43 info: GET /api/product/list
2026-08-07 22:58:43 info: GET /api/product/list
2026-08-07 22:58:45 info: GET /api/advisor/farmers
2026-08-07 22:58:45 info: GET /api/advisor/farmers
2026-08-07 22:58:46 info: GET /api/advisor/dashboard
2026-08-07 22:58:46 info: GET /api/advisor/dashboard
2026-08-07 22:59:25 info: POST /api/admin/all-advisores
2026-08-07 22:59:25 info: POST /api/admin/all-advisores
2026-08-07 22:59:27 info: POST /api/admin/all-farmers
2026-08-07 22:59:27 info: POST /api/admin/all-farmers
2026-08-07 23:01:19 info: Server Started on port 4000
2026-08-07 23:02:13 info: GET /api/product-order/list
2026-08-07 23:02:18 info: GET /api/advisor/dashboard
2026-08-07 23:02:19 info: GET /api/product-order/list
2026-08-07 23:02:22 info: GET /api/advisor/dashboard
2026-08-07 23:02:23 info: GET /api/advisor/dashboard
2026-08-07 23:02:23 info: GET /api/advisor/dashboard
2026-08-07 23:02:23 info: GET /api/advisor/profile
2026-08-07 23:02:23 info: GET /api/advisor/profile
2026-08-07 23:02:51 info: GET /api/advisor/farmers
2026-08-07 23:02:51 info: GET /api/advisor/farmers
2026-08-07 23:02:57 info: POST /api/advisor/farmer
2026-08-07 23:02:57 info: POST /api/advisor/farmer
2026-08-07 23:03:36 info: GET /api/advisor/farmers
2026-08-07 23:03:36 info: GET /api/advisor/farmers
2026-08-07 23:03:38 info: GET /api/product/list
2026-08-07 23:03:49 info: GET /api/product-order/list
2026-08-07 23:03:54 info: GET /api/product-order/list
2026-08-07 23:03:58 info: GET /api/product/list
2026-08-07 23:04:26 info: GET /api/product-order/list
2026-08-07 23:04:28 info: GET /api/product-order/list
2026-08-07 23:04:47 info: GET /api/admin/dashboard
2026-08-07 23:04:48 info: GET /api/admin/dashboard
2026-08-07 23:05:21 info: POST /api/admin/all-advisores
2026-08-07 23:05:21 info: POST /api/admin/all-advisores
2026-08-07 23:05:27 info: POST /api/admin/all-farmers
2026-08-07 23:05:27 info: POST /api/admin/all-farmers
2026-08-07 23:06:01 info: GET /api/product/list
2026-08-07 23:06:01 info: GET /api/product/list
2026-08-07 23:06:21 info: GET /api/admin/product-orders
2026-08-07 23:06:22 info: GET /api/admin/product-orders
2026-08-07 23:06:31 info: GET /api/admin/product-orders
2026-08-07 23:06:31 info: GET /api/admin/product-orders
2026-08-07 23:06:51 info: GET /api/product-order/list
2026-08-07 23:06:51 info: GET /api/product-order/list
2026-08-07 23:06:52 info: GET /api/product/list
2026-08-07 23:06:52 info: GET /api/product/list
2026-08-07 23:06:53 info: GET /api/product-order/list
2026-08-07 23:06:54 info: GET /api/product-order/list
2026-08-07 23:06:56 info: GET /api/product/list
2026-08-07 23:06:57 info: GET /api/product/list
2026-08-07 23:07:00 info: GET /api/advisor/farmers
2026-08-07 23:07:00 info: GET /api/advisor/farmers
2026-08-07 23:07:06 info: GET /api/product/list
2026-08-07 23:07:06 info: GET /api/product/list
2026-08-07 23:09:32 info: GET /api/admin/product-orders
2026-08-07 23:09:36 info: GET /api/admin/product-orders
2026-08-07 23:09:46 info: GET /api/product/list
2026-08-07 23:09:47 info: GET /api/product/list
2026-08-07 23:09:47 info: POST /api/admin/all-farmers
2026-08-07 23:09:47 info: POST /api/admin/all-farmers
2026-08-07 23:11:55 info: Server Started on port 4000
2026-08-07 23:16:43 info: Server Started on port 4000
2026-08-07 23:16:52 info: Server Started on port 4000
2026-08-07 23:17:06 info: Server Started on port 4000
2026-08-07 23:18:08 info: Server Started on port 4000
2026-08-07 23:18:16 info: Server Started on port 4000
2026-08-07 23:18:23 info: Server Started on port 4000
2026-08-07 23:20:51 info: POST /api/advisor/farmer
2026-08-07 23:20:51 info: POST /api/advisor/farmer
2026-08-07 23:22:09 info: Server Started on port 4000
2026-08-07 23:22:17 info: POST /api/advisor/farmer
2026-08-07 23:23:28 info: GET /api/product/list
2026-08-07 23:23:28 info: GET /api/product/list
2026-08-07 23:23:29 info: POST /api/advisor/farmer
2026-08-07 23:23:29 info: POST /api/advisor/farmer
2026-08-07 23:23:40 info: GET /api/product-order/list
2026-08-07 23:23:40 info: GET /api/product-order/list
2026-08-07 23:23:49 info: GET /api/product/list
2026-08-07 23:23:49 info: GET /api/product/list
2026-08-07 23:23:51 info: GET /api/advisor/farmers
2026-08-07 23:23:51 info: GET /api/advisor/farmers
2026-08-07 23:23:52 info: POST /api/advisor/farmer
2026-08-07 23:23:52 info: POST /api/advisor/farmer
2026-08-07 23:24:54 info: POST /api/advisor/farmer
2026-08-07 23:26:02 info: GET /api/advisor/farmers
2026-08-07 23:26:02 info: GET /api/advisor/farmers
2026-08-07 23:26:06 info: GET /api/advisor/dashboard
2026-08-07 23:26:07 info: GET /api/advisor/dashboard
2026-08-07 23:26:12 info: GET /api/advisor/dashboard
2026-08-07 23:26:12 info: GET /api/advisor/dashboard
2026-08-07 23:26:12 info: GET /api/advisor/profile
2026-08-07 23:26:12 info: GET /api/advisor/profile
2026-08-07 23:26:18 info: GET /api/product/list
2026-08-07 23:26:18 info: GET /api/product/list
2026-08-07 23:26:20 info: GET /api/advisor/farmers
2026-08-07 23:26:20 info: GET /api/advisor/farmers
2026-08-07 23:26:21 info: GET /api/product-order/list
2026-08-07 23:26:22 info: GET /api/product-order/list
2026-08-07 23:26:23 info: GET /api/advisor/dashboard
2026-08-07 23:26:24 info: GET /api/advisor/dashboard
2026-08-07 23:27:17 info: POST /api/advisor/register
2026-08-07 23:27:39 info: POST /api/advisor/register
2026-08-07 23:28:58 info: Server Started on port 4000
2026-08-07 23:29:08 info: Server Started on port 4000
2026-08-07 23:29:36 info: POST /api/advisor/register
2026-08-07 23:30:00 info: POST /api/advisor/login
2026-08-07 23:30:06 info: POST /api/advisor/login
2026-08-07 23:30:07 info: GET /api/advisor/dashboard
2026-08-07 23:30:07 info: GET /api/advisor/profile
2026-08-07 23:30:07 info: GET /api/advisor/profile
2026-08-07 23:30:07 info: GET /api/advisor/dashboard
2026-08-07 23:30:12 info: GET /api/advisor/dashboard
2026-08-07 23:30:12 info: GET /api/advisor/profile
2026-08-07 23:30:12 info: GET /api/advisor/dashboard
2026-08-07 23:30:12 info: GET /api/advisor/profile
2026-08-07 23:30:16 info: GET /api/advisor/farmers
2026-08-07 23:30:16 info: GET /api/advisor/farmers
2026-08-07 23:30:18 info: GET /api/advisor/farmers
2026-08-07 23:30:18 info: GET /api/advisor/profile
2026-08-07 23:30:18 info: GET /api/advisor/farmers
2026-08-07 23:30:18 info: GET /api/advisor/profile
2026-08-07 23:30:19 info: GET /api/advisor/farmers
2026-08-07 23:30:19 info: GET /api/advisor/profile
2026-08-07 23:30:19 info: GET /api/advisor/farmers
2026-08-07 23:30:19 info: GET /api/advisor/profile
2026-08-07 23:30:20 info: GET /api/product/list
2026-08-07 23:30:21 info: GET /api/product/list
2026-08-07 23:30:22 info: GET /api/product-order/list
2026-08-07 23:30:22 info: GET /api/product-order/list
2026-08-07 23:30:24 info: GET /api/product-order/list
2026-08-07 23:30:24 info: GET /api/advisor/profile
2026-08-07 23:30:24 info: GET /api/product-order/list
2026-08-07 23:30:24 info: GET /api/advisor/profile
2026-08-07 23:30:26 info: GET /api/product-order/list
2026-08-07 23:30:26 info: GET /api/product-order/list
2026-08-07 23:30:28 info: GET /api/product/list
2026-08-07 23:30:28 info: GET /api/product/list
2026-08-07 23:30:29 info: GET /api/advisor/farmers
2026-08-07 23:30:29 info: GET /api/advisor/farmers
2026-08-07 23:31:00 info: POST /api/advisor/add-farmer
2026-08-07 23:31:03 info: GET /api/advisor/farmers
2026-08-07 23:31:03 info: GET /api/advisor/farmers
2026-08-07 23:31:06 info: POST /api/advisor/farmer
2026-08-07 23:31:06 info: POST /api/advisor/farmer
2026-08-07 23:31:21 info: POST /api/admin/all-farmers
2026-08-07 23:31:21 info: POST /api/admin/all-farmers
2026-08-07 23:32:24 info: GET /api/admin/product-orders
2026-08-07 23:32:25 info: GET /api/admin/product-orders
2026-08-07 23:32:39 info: GET /api/product/list
2026-08-07 23:32:39 info: GET /api/product/list
2026-08-07 23:32:42 info: POST /api/product/single
2026-08-07 23:32:42 info: POST /api/product/single
2026-08-07 23:32:44 info: GET /api/product/list
2026-08-07 23:32:44 info: GET /api/product/list
2026-08-07 23:32:46 info: POST /api/product/single
2026-08-07 23:32:46 info: POST /api/product/single
2026-08-07 23:32:50 info: GET /api/product/list
2026-08-07 23:32:51 info: GET /api/product/list
2026-08-07 23:32:52 info: GET /api/product/list
2026-08-07 23:32:52 info: GET /api/advisor/profile
2026-08-07 23:32:52 info: GET /api/product/list
2026-08-07 23:32:52 info: GET /api/advisor/profile
2026-08-07 23:32:54 info: POST /api/product/single
2026-08-07 23:32:54 info: POST /api/product/single
2026-08-07 23:33:05 info: GET /api/admin/product-orders
2026-08-07 23:33:05 info: GET /api/admin/product-orders
2026-08-07 23:33:07 info: POST /api/admin/all-farmers
2026-08-07 23:33:07 info: POST /api/admin/all-farmers
2026-08-07 23:33:19 info: POST /api/product/single
2026-08-07 23:33:19 info: POST /api/product/single
2026-08-07 23:33:19 info: GET /api/advisor/profile
2026-08-07 23:33:19 info: GET /api/advisor/profile
2026-08-07 23:33:33 info: GET /api/product/list
2026-08-07 23:33:34 info: GET /api/product/list
2026-08-07 23:33:34 info: POST /api/product/single
2026-08-07 23:33:34 info: POST /api/product/single
2026-08-07 23:33:35 info: GET /api/product/list
2026-08-07 23:33:35 info: GET /api/product/list
2026-08-07 23:33:37 info: POST /api/product/single
2026-08-07 23:33:37 info: POST /api/product/single
2026-08-07 23:33:44 info: GET /api/product/list
2026-08-07 23:33:44 info: GET /api/product/list
2026-08-07 23:33:48 info: POST /api/product/single
2026-08-07 23:33:48 info: POST /api/product/single
2026-08-07 23:34:40 info: Server Started on port 4000
2026-08-07 23:34:57 info: POST /api/admin/all-advisores
2026-08-07 23:34:57 info: POST /api/admin/all-advisores
2026-08-07 23:35:00 info: GET /api/admin/dashboard
2026-08-07 23:35:01 info: GET /api/admin/dashboard
2026-08-07 23:35:59 info: POST /api/product/single
2026-08-07 23:35:59 info: POST /api/product/single
2026-08-07 23:35:59 info: GET /api/advisor/profile
2026-08-07 23:35:59 info: GET /api/advisor/profile
2026-08-07 23:36:03 info: POST /api/product/single
2026-08-07 23:36:03 info: POST /api/product/single
2026-08-07 23:36:03 info: GET /api/advisor/profile
2026-08-07 23:36:03 info: GET /api/advisor/profile
2026-08-07 23:36:10 info: POST /api/advisor/farmer
2026-08-07 23:36:10 info: POST /api/advisor/farmer
2026-08-07 23:36:10 info: GET /api/advisor/profile
2026-08-07 23:36:10 info: GET /api/advisor/profile
2026-08-07 23:36:12 info: GET /api/product/list
2026-08-07 23:36:12 info: GET /api/product/list
2026-08-07 23:36:14 info: POST /api/product/single
2026-08-07 23:36:14 info: POST /api/product/single
2026-08-07 23:36:18 info: GET /api/product/list
2026-08-07 23:36:18 info: GET /api/advisor/profile
2026-08-07 23:36:18 info: GET /api/product/list
2026-08-07 23:36:18 info: GET /api/advisor/profile
2026-08-07 23:36:36 info: POST /api/product/single
2026-08-07 23:36:36 info: POST /api/product/single
2026-08-07 23:36:42 info: GET /api/product/list
2026-08-07 23:36:42 info: GET /api/product/list
2026-08-07 23:36:51 info: GET /api/product/list
2026-08-07 23:36:51 info: GET /api/advisor/profile
2026-08-07 23:36:51 info: GET /api/product/list
2026-08-07 23:36:51 info: GET /api/advisor/profile
2026-08-07 23:36:51 info: GET /api/product/list
2026-08-07 23:36:51 info: GET /api/advisor/profile
2026-08-07 23:36:51 info: GET /api/product/list
2026-08-07 23:36:51 info: GET /api/advisor/profile
2026-08-07 23:36:53 info: POST /api/product/single
2026-08-07 23:36:53 info: POST /api/product/single
2026-08-07 23:36:59 info: POST /api/advisor/farmer
2026-08-07 23:36:59 info: GET /api/advisor/profile
2026-08-07 23:36:59 info: POST /api/advisor/farmer
2026-08-07 23:36:59 info: GET /api/advisor/profile
2026-08-07 23:37:02 info: GET /api/product/list
2026-08-07 23:37:02 info: GET /api/product/list
2026-08-07 23:39:08 info: GET /api/product/list
2026-08-07 23:39:08 info: GET /api/advisor/profile
2026-08-07 23:39:08 info: GET /api/product/list
2026-08-07 23:39:08 info: GET /api/advisor/profile
2026-08-07 23:39:09 info: POST /api/product/single
2026-08-07 23:39:09 info: POST /api/product/single
2026-08-07 23:39:31 info: GET /api/advisor/farmers
2026-08-07 23:39:37 info: POST /api/product-order/place
2026-08-07 23:39:44 info: GET /api/product-order/list
2026-08-07 23:39:44 info: GET /api/product-order/list
2026-08-07 23:40:17 info: POST /api/product-order/pay
2026-08-07 23:40:20 info: GET /api/product-order/list
2026-08-07 23:40:25 info: GET /api/product/list
2026-08-07 23:40:25 info: GET /api/product/list
2026-08-07 23:40:29 info: GET /api/admin/dashboard
2026-08-07 23:40:29 info: GET /api/admin/dashboard
2026-08-07 23:40:37 info: POST /api/admin/all-advisores
2026-08-07 23:40:37 info: POST /api/admin/all-advisores
2026-08-07 23:40:40 info: POST /api/admin/all-farmers
2026-08-07 23:40:40 info: POST /api/admin/all-farmers
2026-08-07 23:40:45 info: GET /api/product/list
2026-08-07 23:40:45 info: GET /api/product/list
2026-08-07 23:40:47 info: GET /api/admin/product-orders
2026-08-07 23:40:48 info: GET /api/admin/product-orders
2026-08-07 23:41:15 info: POST /api/admin/update-product-order-status
2026-08-07 23:41:15 info: GET /api/admin/product-orders
2026-08-07 23:41:19 info: GET /api/admin/product-orders
2026-08-07 23:41:20 info: GET /api/admin/product-orders
2026-08-07 23:41:36 info: GET /api/product-order/list
2026-08-07 23:41:36 info: GET /api/product-order/list
2026-08-07 23:41:37 info: GET /api/product-order/list
2026-08-07 23:41:38 info: GET /api/product-order/list
2026-08-07 23:41:40 info: GET /api/advisor/farmers
2026-08-07 23:41:40 info: GET /api/advisor/farmers
2026-08-07 23:41:42 info: POST /api/advisor/farmer
2026-08-07 23:41:42 info: POST /api/advisor/farmer
2026-08-07 23:42:03 info: Server Started on port 4000
2026-08-09 09:42:14 info: Server Started on port 4000
2026-08-09 09:42:52 info: GET /api/advisor/dashboard
2026-08-09 09:42:52 info: GET /api/advisor/profile
2026-08-09 09:42:53 info: GET /api/advisor/profile
2026-08-09 09:42:53 info: GET /api/advisor/profile
2026-08-09 09:42:53 info: GET /api/advisor/profile
2026-08-09 09:42:53 info: GET /api/advisor/dashboard
2026-08-09 09:42:53 info: GET /api/advisor/profile
2026-08-09 09:42:53 info: GET /api/advisor/profile
2026-08-09 09:42:53 info: GET /api/advisor/dashboard
2026-08-09 09:42:53 info: GET /api/advisor/dashboard
2026-08-09 09:42:54 info: GET /api/advisor/dashboard
2026-08-09 09:42:54 info: GET /api/advisor/dashboard
2026-08-09 09:49:19 info: GET /api/admin/dashboard
2026-08-09 09:49:20 info: GET /api/admin/dashboard
2026-08-09 09:49:20 info: GET /api/admin/dashboard
2026-08-09 09:49:21 info: GET /api/admin/dashboard
2026-08-09 09:49:36 info: GET /api/product-order/list
2026-08-09 09:49:36 info: GET /api/product-order/list
2026-08-09 09:49:37 info: GET /api/product-order/list
2026-08-09 09:49:37 info: GET /api/product-order/list
2026-08-09 09:51:26 info: Server Started on port 4000
2026-08-09 09:51:33 info: Server Started on port 4000
2026-08-09 09:51:41 info: Server Started on port 4000
2026-08-09 09:51:48 info: Server Started on port 4000
2026-08-09 09:55:12 info: GET /api/product-order/list
2026-08-09 09:55:14 info: GET /api/product-order/list
2026-08-09 09:55:22 info: POST /api/admin/all-advisores
2026-08-09 09:55:22 info: POST /api/admin/all-advisores
2026-08-09 09:55:24 info: POST /api/admin/all-farmers
2026-08-09 09:55:24 info: POST /api/admin/all-farmers
2026-08-09 09:55:31 info: GET /api/product/list
2026-08-09 09:55:32 info: GET /api/product/list
2026-08-09 09:55:33 info: GET /api/admin/product-orders
2026-08-09 09:55:34 info: GET /api/admin/product-orders
2026-08-09 09:55:40 info: GET /api/admin/product-orders
2026-08-09 09:55:40 info: GET /api/admin/product-orders
2026-08-09 09:55:43 info: GET /api/admin/product-orders
2026-08-09 09:55:43 info: GET /api/admin/product-orders
2026-08-09 09:55:52 info: GET /api/admin/dashboard
2026-08-09 09:55:53 info: GET /api/admin/dashboard
2026-08-09 09:56:16 info: GET /api/product-order/list
2026-08-09 09:56:16 info: GET /api/product-order/list
2026-08-09 09:56:17 info: GET /api/product/list
2026-08-09 09:56:17 info: GET /api/product/list
2026-08-09 09:56:18 info: GET /api/advisor/farmers
2026-08-09 09:56:18 info: GET /api/advisor/farmers
2026-08-09 09:56:18 info: GET /api/advisor/dashboard
2026-08-09 09:56:19 info: GET /api/advisor/dashboard
2026-08-09 09:56:23 info: POST /api/admin/all-advisores
2026-08-09 09:56:23 info: POST /api/admin/all-advisores
2026-08-09 09:56:25 info: POST /api/admin/all-farmers
2026-08-09 09:56:25 info: POST /api/admin/all-farmers
2026-08-09 09:56:26 info: GET /api/product/list
2026-08-09 09:56:26 info: GET /api/product/list
2026-08-09 09:56:27 info: GET /api/admin/product-orders
2026-08-09 09:56:27 info: GET /api/admin/product-orders
2026-08-09 09:58:22 info: Server Started on port 4000
2026-08-09 09:58:30 info: Server Started on port 4000
2026-08-09 09:58:35 info: Server Started on port 4000
2026-08-09 09:58:44 info: Server Started on port 4000
2026-08-09 09:59:00 info: GET /api/estimate/list
2026-08-09 09:59:00 info: POST /api/admin/all-farmers
2026-08-09 09:59:00 info: GET /api/product/list
2026-08-09 10:00:21 info: GET /api/advisor/farmers
2026-08-09 10:00:21 info: GET /api/advisor/farmers
2026-08-09 10:00:22 info: GET /api/product/list
2026-08-09 10:00:22 info: GET /api/product/list
2026-08-09 10:00:24 info: GET /api/product-order/list
2026-08-09 10:00:24 info: GET /api/product-order/list
2026-08-09 10:00:25 info: GET /api/product-order/list
2026-08-09 10:00:26 info: GET /api/product-order/list
2026-08-09 10:02:45 info: Server Started on port 4000
2026-08-09 10:03:23 info: GET /api/admin/product-orders
2026-08-09 10:03:23 info: GET /api/admin/product-orders
2026-08-09 10:03:27 info: GET /api/admin/product-orders
2026-08-09 10:03:27 info: GET /api/admin/product-orders
2026-08-09 10:03:27 info: GET /api/admin/product-orders
2026-08-09 10:03:29 info: GET /api/admin/dashboard
2026-08-09 10:03:29 info: GET /api/admin/dashboard
2026-08-09 10:03:35 info: GET /api/admin/product-orders
2026-08-09 10:03:36 info: GET /api/admin/product-orders
2026-08-09 10:03:37 info: GET /api/admin/product-orders
2026-08-09 10:03:37 info: GET /api/admin/product-orders
2026-08-09 10:04:25 info: Server Started on port 4000
2026-08-09 10:07:03 info: GET /api/admin/dashboard
2026-08-09 10:07:04 info: GET /api/admin/dashboard
2026-08-09 10:07:07 info: POST /api/admin/all-advisores
2026-08-09 10:07:07 info: POST /api/admin/all-advisores
2026-08-09 10:07:08 info: POST /api/admin/all-farmers
2026-08-09 10:07:08 info: POST /api/admin/all-farmers
2026-08-09 10:07:09 info: GET /api/product/list
2026-08-09 10:07:09 info: GET /api/product/list
2026-08-09 10:07:10 info: GET /api/admin/product-orders
2026-08-09 10:07:11 info: GET /api/admin/product-orders
2026-08-09 10:07:11 info: GET /api/admin/product-orders
2026-08-09 10:07:11 info: GET /api/admin/product-orders
2026-08-09 10:08:42 info: GET /api/admin/product-orders
2026-08-09 10:08:42 info: GET /api/admin/all-advisors
2026-08-09 10:08:42 error: 404 - Can't find /api/admin/all-advisors on this server!
2026-08-09 10:08:42 info: GET /api/admin/all-farmers
2026-08-09 10:08:42 error: 404 - Can't find /api/admin/all-farmers on this server!
2026-08-09 10:10:18 info: GET /api/product-order/list
2026-08-09 10:10:18 info: GET /api/product-order/list
2026-08-09 10:10:21 info: GET /api/product/list
2026-08-09 10:10:21 info: GET /api/product/list
2026-08-09 10:10:26 info: GET /api/admin/product-orders
2026-08-09 10:10:27 info: GET /api/admin/product-orders
2026-08-09 10:10:28 info: GET /api/product/list
2026-08-09 10:10:28 info: GET /api/product/list
2026-08-09 10:10:59 info: POST /api/admin/all-farmers
2026-08-09 10:10:59 info: POST /api/admin/all-farmers
2026-08-09 10:11:00 info: POST /api/admin/all-advisores
2026-08-09 10:11:00 info: POST /api/admin/all-advisores
2026-08-09 10:11:01 info: GET /api/admin/dashboard
2026-08-09 10:11:02 info: GET /api/admin/dashboard
2026-08-09 10:11:04 info: GET /api/product/list
2026-08-09 10:11:04 info: GET /api/product/list
2026-08-09 10:13:39 info: GET /api/admin/dashboard
2026-08-09 10:13:40 info: GET /api/admin/dashboard
2026-08-09 10:13:44 info: POST /api/admin/all-advisores
2026-08-09 10:13:44 info: POST /api/admin/all-advisores
2026-08-09 10:13:46 info: POST /api/admin/all-farmers
2026-08-09 10:13:46 info: POST /api/admin/all-farmers
2026-08-09 10:13:48 info: GET /api/product/list
2026-08-09 10:13:48 info: GET /api/product/list
2026-08-09 10:14:29 info: GET /api/admin/dashboard
2026-08-09 10:14:30 info: GET /api/admin/dashboard
2026-08-09 10:14:33 info: POST /api/admin/all-advisores
2026-08-09 10:14:33 info: POST /api/admin/all-advisores
2026-08-09 10:14:35 info: POST /api/admin/all-farmers
2026-08-09 10:14:35 info: POST /api/admin/all-farmers
2026-08-09 10:14:36 info: GET /api/product/list
2026-08-09 10:14:37 info: GET /api/product/list
2026-08-09 10:14:49 info: GET /api/product/list
2026-08-09 10:15:44 info: GET /api/product/list
2026-08-09 10:15:44 info: GET /api/product/list
2026-08-09 10:16:00 info: GET /api/admin/dashboard
2026-08-09 10:16:00 info: GET /api/admin/dashboard
2026-08-09 10:16:01 info: GET /api/admin/dashboard
2026-08-09 10:16:02 info: GET /api/admin/dashboard
2026-08-09 10:16:02 info: GET /api/admin/dashboard
2026-08-09 10:16:03 info: GET /api/admin/dashboard
2026-08-09 10:16:04 info: GET /api/product/list
2026-08-09 10:16:04 info: GET /api/product/list
2026-08-09 10:16:15 info: GET /api/product/list
2026-08-09 10:17:19 info: GET /api/product-order/list
2026-08-09 10:17:19 info: GET /api/product-order/list
2026-08-09 10:17:20 info: GET /api/product/list
2026-08-09 10:17:20 info: GET /api/product/list
2026-08-09 10:17:22 info: GET /api/product-order/list
2026-08-09 10:17:23 info: GET /api/product-order/list
2026-08-09 10:17:24 info: GET /api/product/list
2026-08-09 10:17:24 info: GET /api/advisor/farmers
2026-08-09 10:17:24 info: GET /api/product/list
2026-08-09 10:17:29 info: GET /api/product-order/list
2026-08-09 10:17:29 info: GET /api/product-order/list
2026-08-09 10:17:31 info: GET /api/product/list
2026-08-09 10:17:31 info: GET /api/product/list
2026-08-09 10:17:34 info: GET /api/advisor/farmers
2026-08-09 10:17:34 info: GET /api/advisor/farmers
2026-08-09 10:17:37 info: GET /api/advisor/dashboard
2026-08-09 10:17:37 info: GET /api/advisor/dashboard
2026-08-09 10:17:53 info: GET /api/admin/dashboard
2026-08-09 10:17:55 info: GET /api/admin/dashboard
2026-08-09 10:17:56 info: POST /api/admin/all-advisores
2026-08-09 10:17:56 info: POST /api/admin/all-advisores
2026-08-09 10:17:59 info: POST /api/admin/all-farmers
2026-08-09 10:17:59 info: POST /api/admin/all-farmers
2026-08-09 10:18:01 info: GET /api/product/list
2026-08-09 10:18:01 info: GET /api/product/list
2026-08-09 10:18:12 info: GET /api/product/list
2026-08-09 10:18:13 info: GET /api/product/list
2026-08-09 10:18:28 info: GET /api/product/list
2026-08-09 10:18:28 info: GET /api/product/list
2026-08-09 10:22:25 info: GET /api/product/list
2026-08-09 10:22:25 info: GET /api/product/list
2026-08-09 10:23:08 info: GET /api/product/list
2026-08-09 10:23:08 info: GET /api/product/list
2026-08-09 10:26:54 info: GET /api/product/list
2026-08-09 10:26:54 info: GET /api/product/list
2026-08-09 10:27:23 info: GET /api/admin/product-orders
2026-08-09 10:27:24 info: GET /api/admin/product-orders
2026-08-09 10:27:24 info: GET /api/admin/product-orders
2026-08-09 10:27:24 info: GET /api/admin/all-advisors
2026-08-09 10:27:24 error: 404 - Can't find /api/admin/all-advisors on this server!
2026-08-09 10:27:24 info: GET /api/admin/all-farmers
2026-08-09 10:27:24 error: 404 - Can't find /api/admin/all-farmers on this server!
2026-08-09 10:27:24 info: GET /api/admin/all-advisors
2026-08-09 10:27:24 error: 404 - Can't find /api/admin/all-advisors on this server!
2026-08-09 10:27:24 info: GET /api/admin/all-farmers
2026-08-09 10:27:24 error: 404 - Can't find /api/admin/all-farmers on this server!
2026-08-09 10:27:25 info: GET /api/admin/product-orders
2026-08-09 10:30:24 info: GET /api/admin/product-orders
2026-08-09 10:30:24 info: GET /api/admin/all-farmers
2026-08-09 10:30:24 error: 404 - Can't find /api/admin/all-farmers on this server!
2026-08-09 10:30:24 info: GET /api/admin/all-advisors
2026-08-09 10:30:24 error: 404 - Can't find /api/admin/all-advisors on this server!
2026-08-09 10:30:24 info: GET /api/admin/all-farmers
2026-08-09 10:30:24 error: 404 - Can't find /api/admin/all-farmers on this server!
2026-08-09 10:30:24 info: GET /api/admin/all-advisors
2026-08-09 10:30:24 error: 404 - Can't find /api/admin/all-advisors on this server!
2026-08-09 10:30:24 info: GET /api/admin/product-orders
2026-08-09 10:30:25 info: GET /api/admin/product-orders
2026-08-09 10:30:25 info: GET /api/admin/all-advisors
2026-08-09 10:30:25 error: 404 - Can't find /api/admin/all-advisors on this server!
2026-08-09 10:30:25 info: GET /api/admin/all-farmers
2026-08-09 10:30:25 error: 404 - Can't find /api/admin/all-farmers on this server!
2026-08-09 10:30:25 info: GET /api/admin/all-advisors
2026-08-09 10:30:25 error: 404 - Can't find /api/admin/all-advisors on this server!
2026-08-09 10:30:25 info: GET /api/admin/all-farmers
2026-08-09 10:30:25 error: 404 - Can't find /api/admin/all-farmers on this server!
2026-08-09 10:30:26 info: GET /api/admin/product-orders
2026-08-09 10:30:57 info: POST /api/admin/all-farmers
2026-08-09 10:30:57 info: POST /api/admin/all-farmers
2026-08-09 10:30:59 info: GET /api/admin/all-farmers
2026-08-09 10:30:59 error: 404 - Can't find /api/admin/all-farmers on this server!
2026-08-09 10:30:59 info: GET /api/admin/all-farmers
2026-08-09 10:30:59 error: 404 - Can't find /api/admin/all-farmers on this server!
2026-08-09 10:30:59 info: GET /api/admin/product-orders
2026-08-09 10:30:59 info: GET /api/admin/all-advisors
2026-08-09 10:30:59 error: 404 - Can't find /api/admin/all-advisors on this server!
2026-08-09 10:30:59 info: GET /api/admin/all-advisors
2026-08-09 10:30:59 error: 404 - Can't find /api/admin/all-advisors on this server!
2026-08-09 10:30:59 info: GET /api/admin/product-orders
2026-08-09 10:31:01 info: POST /api/admin/all-advisores
2026-08-09 10:31:01 info: POST /api/admin/all-advisores
2026-08-09 10:31:02 info: GET /api/admin/product-orders
2026-08-09 10:31:02 info: GET /api/admin/all-advisors
2026-08-09 10:31:02 error: 404 - Can't find /api/admin/all-advisors on this server!
2026-08-09 10:31:02 info: GET /api/admin/all-advisors
2026-08-09 10:31:02 error: 404 - Can't find /api/admin/all-advisors on this server!
2026-08-09 10:31:02 info: GET /api/admin/all-farmers
2026-08-09 10:31:02 error: 404 - Can't find /api/admin/all-farmers on this server!
2026-08-09 10:31:02 info: GET /api/admin/all-farmers
2026-08-09 10:31:02 error: 404 - Can't find /api/admin/all-farmers on this server!
2026-08-09 10:31:02 info: GET /api/admin/product-orders
2026-08-09 10:31:04 info: POST /api/admin/all-advisores
2026-08-09 10:31:04 info: POST /api/admin/all-advisores
2026-08-09 10:31:04 info: GET /api/admin/all-farmers
2026-08-09 10:31:04 error: 404 - Can't find /api/admin/all-farmers on this server!
2026-08-09 10:31:04 info: GET /api/admin/product-orders
2026-08-09 10:31:04 info: GET /api/admin/all-farmers
2026-08-09 10:31:04 error: 404 - Can't find /api/admin/all-farmers on this server!
2026-08-09 10:31:04 info: GET /api/admin/all-advisors
2026-08-09 10:31:04 error: 404 - Can't find /api/admin/all-advisors on this server!
2026-08-09 10:31:04 info: GET /api/admin/all-advisors
2026-08-09 10:31:04 error: 404 - Can't find /api/admin/all-advisors on this server!
2026-08-09 10:31:05 info: GET /api/admin/product-orders
2026-08-09 10:31:07 info: POST /api/admin/all-advisores
2026-08-09 10:31:07 info: POST /api/admin/all-advisores
2026-08-09 10:31:08 info: GET /api/admin/product-orders
2026-08-09 10:31:08 info: GET /api/admin/all-advisors
2026-08-09 10:31:08 error: 404 - Can't find /api/admin/all-advisors on this server!
2026-08-09 10:31:08 info: GET /api/admin/all-advisors
2026-08-09 10:31:08 error: 404 - Can't find /api/admin/all-advisors on this server!
2026-08-09 10:31:08 info: GET /api/admin/all-farmers
2026-08-09 10:31:08 error: 404 - Can't find /api/admin/all-farmers on this server!
2026-08-09 10:31:08 info: GET /api/admin/all-farmers
2026-08-09 10:31:08 error: 404 - Can't find /api/admin/all-farmers on this server!
2026-08-09 10:31:08 info: GET /api/admin/product-orders
2026-08-09 10:33:56 info: GET /api/admin/product-orders
2026-08-09 10:33:56 info: POST /api/admin/all-advisores
2026-08-09 10:33:56 info: POST /api/admin/all-farmers
2026-08-09 10:33:56 info: GET /api/admin/product-orders
2026-08-09 10:33:56 info: POST /api/admin/all-advisores
2026-08-09 10:33:56 info: POST /api/admin/all-farmers
2026-08-09 10:34:04 info: POST /api/admin/all-farmers
2026-08-09 10:34:04 info: POST /api/admin/all-farmers
2026-08-09 10:34:08 info: POST /api/admin/all-farmers
2026-08-09 10:34:08 info: POST /api/admin/all-farmers
2026-08-09 10:34:08 info: POST /api/admin/all-advisores
2026-08-09 10:34:08 info: GET /api/admin/product-orders
2026-08-09 10:34:08 info: POST /api/admin/all-advisores
2026-08-09 10:34:09 info: GET /api/admin/product-orders
2026-08-09 10:35:25 info: GET /api/product/list
2026-08-09 10:35:26 info: GET /api/product/list
2026-08-09 10:36:05 info: POST /api/product/add
2026-08-09 10:36:11 info: GET /api/product/list
2026-08-09 10:36:11 info: GET /api/product/list
2026-08-09 10:36:16 info: GET /api/product/list
2026-08-09 10:36:16 info: GET /api/product/list
2026-08-09 10:36:17 info: POST /api/product/single
2026-08-09 10:36:17 info: POST /api/product/single
2026-08-09 10:36:19 info: GET /api/advisor/farmers
2026-08-09 10:36:24 info: POST /api/product-order/place
2026-08-09 10:36:30 info: GET /api/product-order/list
2026-08-09 10:36:30 info: GET /api/product-order/list
2026-08-09 10:36:39 info: POST /api/product-order/pay
2026-08-09 10:36:41 info: GET /api/product-order/list
2026-08-09 10:36:50 info: GET /api/admin/product-orders
2026-08-09 10:36:50 info: GET /api/admin/product-orders
2026-08-09 10:37:14 info: GET /api/admin/product-orders
2026-08-09 10:37:14 info: GET /api/admin/product-orders
2026-08-09 10:37:30 info: POST /api/admin/update-product-order-status
2026-08-09 10:37:30 info: GET /api/admin/product-orders
2026-08-09 10:37:32 info: GET /api/admin/product-orders
2026-08-09 10:37:33 info: GET /api/admin/product-orders
2026-08-09 10:37:34 info: GET /api/admin/product-orders
2026-08-09 10:37:35 info: GET /api/admin/product-orders
2026-08-09 10:37:37 info: POST /api/admin/all-advisores
2026-08-09 10:37:37 info: GET /api/admin/product-orders
2026-08-09 10:37:37 info: POST /api/admin/all-farmers
2026-08-09 10:37:37 info: POST /api/admin/all-farmers
2026-08-09 10:37:37 info: POST /api/admin/all-advisores
2026-08-09 10:37:39 info: GET /api/admin/product-orders
2026-08-09 10:37:56 info: POST /api/admin/all-advisores
2026-08-09 10:37:56 info: POST /api/admin/all-advisores
2026-08-09 10:37:58 info: POST /api/admin/all-advisores
2026-08-09 10:37:58 info: POST /api/admin/all-advisores
2026-08-09 10:37:58 info: GET /api/admin/product-orders
2026-08-09 10:37:58 info: POST /api/admin/all-farmers
2026-08-09 10:37:58 info: POST /api/admin/all-farmers
2026-08-09 10:38:00 info: GET /api/admin/product-orders
2026-08-09 10:40:47 info: GET /api/product/list
2026-08-09 10:40:47 info: POST /api/admin/all-advisores
2026-08-09 10:40:47 info: POST /api/admin/all-farmers
2026-08-09 10:40:47 info: GET /api/admin/product-orders
2026-08-09 10:44:42 info: GET /api/product/list
2026-08-09 10:44:42 info: GET /api/admin/product-orders
2026-08-09 10:44:42 info: POST /api/admin/all-advisores
2026-08-09 10:44:42 info: POST /api/admin/all-farmers
2026-08-09 10:44:42 info: POST /api/admin/all-advisores
2026-08-09 10:44:42 info: POST /api/admin/all-farmers
2026-08-09 10:44:43 info: GET /api/product/list
2026-08-09 10:44:44 info: GET /api/admin/product-orders
2026-08-09 10:47:30 info: GET /api/admin/product-orders
2026-08-09 10:47:30 info: POST /api/admin/all-advisores
2026-08-09 10:47:30 info: POST /api/admin/all-farmers
2026-08-09 10:47:30 info: POST /api/admin/all-advisores
2026-08-09 10:47:30 info: POST /api/admin/all-farmers
2026-08-09 10:47:31 info: POST /api/admin/all-advisores
2026-08-09 10:47:31 info: POST /api/admin/all-farmers
2026-08-09 10:47:31 info: POST /api/admin/all-advisores
2026-08-09 10:47:32 info: POST /api/admin/all-farmers
2026-08-09 10:47:32 info: GET /api/product/list
2026-08-09 10:47:32 info: GET /api/admin/product-orders
2026-08-09 10:47:32 info: GET /api/product/list
2026-08-09 10:47:36 info: GET /api/admin/product-orders
2026-08-09 10:47:40 info: GET /api/admin/product-orders
2026-08-09 10:47:59 info: GET /api/admin/product-orders
2026-08-09 10:47:59 info: POST /api/admin/all-advisores
2026-08-09 10:47:59 info: POST /api/admin/all-farmers
2026-08-09 10:47:59 info: POST /api/admin/all-advisores
2026-08-09 10:47:59 info: POST /api/admin/all-farmers
2026-08-09 10:48:04 info: GET /api/admin/product-orders
2026-08-09 10:48:10 info: GET /api/product/list
2026-08-09 10:48:10 info: POST /api/admin/all-advisores
2026-08-09 10:48:10 info: GET /api/admin/product-orders
2026-08-09 10:48:10 info: POST /api/admin/all-farmers
2026-08-09 10:48:10 info: POST /api/admin/all-advisores
2026-08-09 10:48:10 info: POST /api/admin/all-farmers
2026-08-09 10:48:11 info: GET /api/product/list
2026-08-09 10:48:11 info: GET /api/admin/product-orders
2026-08-09 10:48:15 info: GET /api/admin/product-orders
2026-08-09 10:48:15 info: POST /api/admin/all-advisores
2026-08-09 10:48:15 info: POST /api/admin/all-farmers
2026-08-09 10:48:15 info: POST /api/admin/all-advisores
2026-08-09 10:48:15 info: GET /api/product/list
2026-08-09 10:48:15 info: POST /api/admin/all-farmers
2026-08-09 10:48:17 info: GET /api/product/list
2026-08-09 10:48:18 info: GET /api/admin/product-orders
2026-08-09 10:48:20 info: GET /api/admin/product-orders
2026-08-09 10:48:23 info: GET /api/admin/product-orders
2026-08-09 10:48:32 info: GET /api/product/list
2026-08-09 10:48:32 info: GET /api/product/list
2026-08-09 10:48:32 info: POST /api/admin/all-advisores
2026-08-09 10:48:32 info: POST /api/admin/all-farmers
2026-08-09 10:48:32 info: GET /api/admin/product-orders
2026-08-09 10:48:32 info: GET /api/admin/product-orders
2026-08-09 10:48:32 info: POST /api/admin/all-advisores
2026-08-09 10:48:32 info: GET /api/product/list
2026-08-09 10:48:32 info: GET /api/product/list
2026-08-09 10:48:32 info: GET /api/admin/product-orders
2026-08-09 10:48:32 info: POST /api/admin/all-advisores
2026-08-09 10:48:32 info: POST /api/admin/all-farmers
2026-08-09 10:48:32 info: POST /api/admin/all-advisores
2026-08-09 10:48:33 info: POST /api/admin/all-farmers
2026-08-09 10:48:33 info: GET /api/admin/product-orders
2026-08-09 10:48:41 info: GET /api/admin/product-orders
2026-08-09 10:48:41 info: GET /api/admin/product-orders
2026-08-09 10:48:44 info: GET /api/admin/product-orders
2026-08-09 10:48:44 info: GET /api/admin/product-orders
2026-08-09 10:48:45 info: GET /api/admin/product-orders
2026-08-09 10:48:56 info: GET /api/product/list
2026-08-09 10:48:56 info: POST /api/admin/all-advisores
2026-08-09 10:48:56 info: POST /api/admin/all-farmers
2026-08-09 10:48:56 info: GET /api/admin/product-orders
2026-08-09 10:48:56 info: POST /api/admin/all-advisores
2026-08-09 10:48:56 info: POST /api/admin/all-farmers
2026-08-09 10:48:56 info: GET /api/product/list
2026-08-09 10:48:57 info: GET /api/admin/product-orders
2026-08-09 10:48:59 info: GET /api/admin/product-orders
2026-08-09 10:48:59 info: POST /api/admin/all-advisores
2026-08-09 10:48:59 info: POST /api/admin/all-farmers
2026-08-09 10:48:59 info: GET /api/product/list
2026-08-09 10:48:59 info: POST /api/admin/all-advisores
2026-08-09 10:48:59 info: POST /api/admin/all-farmers
2026-08-09 10:48:59 info: GET /api/admin/product-orders
2026-08-09 10:48:59 info: POST /api/admin/all-advisores
2026-08-09 10:48:59 info: POST /api/admin/all-farmers
2026-08-09 10:48:59 info: GET /api/product/list
2026-08-09 10:48:59 info: POST /api/admin/all-advisores
2026-08-09 10:48:59 info: POST /api/admin/all-farmers
2026-08-09 10:49:00 info: GET /api/product/list
2026-08-09 10:49:02 info: GET /api/product/list
2026-08-09 10:49:02 info: GET /api/admin/product-orders
2026-08-09 10:49:02 info: POST /api/admin/all-advisores
2026-08-09 10:49:02 info: POST /api/admin/all-farmers
2026-08-09 10:49:02 info: POST /api/admin/all-advisores
2026-08-09 10:49:02 info: POST /api/admin/all-farmers
2026-08-09 10:49:02 info: GET /api/admin/product-orders
2026-08-09 10:49:02 info: POST /api/admin/all-advisores
2026-08-09 10:49:02 info: POST /api/admin/all-farmers
2026-08-09 10:49:02 info: GET /api/product/list
2026-08-09 10:49:02 info: POST /api/admin/all-advisores
2026-08-09 10:49:02 info: POST /api/admin/all-farmers
2026-08-09 10:49:02 info: GET /api/admin/product-orders
2026-08-09 10:49:02 info: POST /api/admin/all-advisores
2026-08-09 10:49:02 info: GET /api/product/list
2026-08-09 10:49:02 info: POST /api/admin/all-farmers
2026-08-09 10:49:02 info: POST /api/admin/all-advisores
2026-08-09 10:49:02 info: POST /api/admin/all-farmers
2026-08-09 10:49:02 info: GET /api/product/list
2026-08-09 10:49:03 info: GET /api/admin/product-orders
2026-08-09 10:49:03 info: POST /api/admin/all-advisores
2026-08-09 10:49:03 info: POST /api/admin/all-farmers
2026-08-09 10:49:03 info: GET /api/product/list
2026-08-09 10:49:03 info: POST /api/admin/all-advisores
2026-08-09 10:49:03 info: POST /api/admin/all-farmers
2026-08-09 10:49:03 info: GET /api/admin/product-orders
2026-08-09 10:49:03 info: POST /api/admin/all-advisores
2026-08-09 10:49:03 info: GET /api/product/list
2026-08-09 10:49:03 info: POST /api/admin/all-farmers
2026-08-09 10:49:03 info: POST /api/admin/all-advisores
2026-08-09 10:49:03 info: POST /api/admin/all-farmers
2026-08-09 10:49:03 info: GET /api/admin/product-orders
2026-08-09 10:49:03 info: POST /api/admin/all-advisores
2026-08-09 10:49:03 info: POST /api/admin/all-farmers
2026-08-09 10:49:03 info: GET /api/product/list
2026-08-09 10:49:03 info: POST /api/admin/all-advisores
2026-08-09 10:49:03 info: POST /api/admin/all-farmers
2026-08-09 10:49:04 info: GET /api/product/list
2026-08-09 10:49:08 info: GET /api/admin/product-orders
2026-08-09 10:49:11 info: GET /api/advisor/dashboard
2026-08-09 10:49:16 info: GET /api/advisor/dashboard
2026-08-09 10:49:16 info: GET /api/advisor/dashboard
2026-08-09 10:49:16 info: GET /api/advisor/profile
2026-08-09 10:49:16 info: GET /api/advisor/dashboard
2026-08-09 10:49:16 info: GET /api/advisor/profile
2026-08-09 10:50:04 info: GET /api/advisor/dashboard
2026-08-09 10:50:13 info: GET /api/product/list
2026-08-09 10:50:13 info: POST /api/admin/all-advisores
2026-08-09 10:50:13 info: POST /api/admin/all-farmers
2026-08-09 10:50:13 info: POST /api/admin/all-advisores
2026-08-09 10:50:13 info: GET /api/admin/product-orders
2026-08-09 10:50:13 info: POST /api/admin/all-farmers
2026-08-09 10:50:13 info: POST /api/admin/all-advisores
2026-08-09 10:50:13 info: GET /api/admin/product-orders
2026-08-09 10:50:13 info: GET /api/product/list
2026-08-09 10:50:13 info: POST /api/admin/all-farmers
2026-08-09 10:50:13 info: POST /api/admin/all-advisores
2026-08-09 10:50:13 info: POST /api/admin/all-farmers
2026-08-09 10:50:14 info: GET /api/product/list
2026-08-09 10:50:14 info: GET /api/admin/product-orders
2026-08-09 10:52:15 info: GET /api/admin/dashboard
2026-08-09 10:52:21 info: GET /api/admin/dashboard
2026-08-09 10:52:27 info: POST /api/admin/all-advisores
2026-08-09 10:52:27 info: POST /api/admin/all-farmers
2026-08-09 10:52:27 info: GET /api/admin/product-orders
2026-08-09 10:52:27 info: POST /api/admin/all-advisores
2026-08-09 10:52:27 info: POST /api/admin/all-farmers
2026-08-09 10:52:30 info: GET /api/admin/product-orders
2026-08-09 10:52:44 info: GET /api/product-order/list
2026-08-09 10:52:44 info: GET /api/product-order/list
2026-08-09 10:52:50 info: GET /api/advisor/dashboard
2026-08-09 10:52:51 info: GET /api/advisor/dashboard
2026-08-09 10:52:57 info: GET /api/advisor/profile
2026-08-09 10:52:57 info: GET /api/advisor/profile
2026-08-09 10:53:52 info: POST /api/advisor/update-profile
2026-08-09 10:54:07 info: GET /api/advisor/dashboard
2026-08-09 10:54:08 info: GET /api/advisor/dashboard
2026-08-09 10:54:10 info: GET /api/admin/product-orders
2026-08-09 10:54:10 info: POST /api/admin/all-farmers
2026-08-09 10:54:10 info: POST /api/admin/all-advisores
2026-08-09 10:54:10 info: GET /api/admin/product-orders
2026-08-09 10:54:10 info: POST /api/admin/all-advisores
2026-08-09 10:54:10 info: POST /api/admin/all-farmers
2026-08-09 10:54:12 info: POST /api/admin/all-advisores
2026-08-09 10:54:12 info: POST /api/admin/all-advisores
2026-08-09 10:54:29 info: POST /api/admin/all-farmers
2026-08-09 10:54:29 info: POST /api/admin/all-farmers
2026-08-09 10:54:34 info: GET /api/advisor/profile
2026-08-09 10:54:34 info: GET /api/advisor/profile
2026-08-09 10:58:10 info: POST /api/admin/all-advisores
2026-08-09 10:58:10 info: POST /api/admin/all-advisores
2026-08-09 11:00:00 info: POST /api/admin/all-advisores
2026-08-09 11:00:00 info: POST /api/admin/all-advisores
2026-08-09 11:00:17 info: GET /api/advisor/dashboard
2026-08-09 11:00:17 info: GET /api/advisor/dashboard
2026-08-09 11:00:21 info: GET /api/advisor/profile
2026-08-09 11:00:22 info: GET /api/advisor/profile
2026-08-09 11:01:05 info: GET /api/product-order/list
2026-08-09 11:01:05 info: GET /api/product-order/list
2026-08-09 11:01:08 info: GET /api/product/list
2026-08-09 11:01:08 info: GET /api/product/list
2026-08-09 11:01:09 info: GET /api/advisor/farmers
2026-08-09 11:01:09 info: GET /api/advisor/farmers
2026-08-09 11:01:10 info: GET /api/advisor/dashboard
2026-08-09 11:01:11 info: GET /api/advisor/dashboard
2026-08-09 11:06:58 info: GET /api/admin/dashboard
2026-08-09 11:06:59 info: GET /api/admin/dashboard
2026-08-09 11:07:10 info: GET /api/advisor/dashboard
2026-08-09 11:07:10 info: GET /api/advisor/profile
2026-08-09 11:07:10 info: GET /api/advisor/dashboard
2026-08-09 11:07:10 info: GET /api/advisor/profile
2026-08-09 11:07:11 info: GET /api/advisor/profile
2026-08-09 11:07:11 info: GET /api/advisor/profile
2026-08-09 11:11:54 info: GET /api/admin/dashboard
2026-08-09 11:11:55 info: GET /api/admin/dashboard
2026-08-09 11:11:57 info: POST /api/admin/all-advisores
2026-08-09 11:11:57 info: POST /api/admin/all-farmers
2026-08-09 11:11:57 info: POST /api/admin/all-advisores
2026-08-09 11:11:57 info: POST /api/admin/all-farmers
2026-08-09 11:12:06 info: GET /api/admin/dashboard
2026-08-09 11:12:06 info: GET /api/admin/dashboard
2026-08-09 11:12:06 info: GET /api/admin/dashboard
2026-08-09 11:12:06 info: GET /api/admin/dashboard
2026-08-09 11:12:06 info: GET /api/admin/dashboard
2026-08-09 11:12:06 info: GET /api/admin/dashboard
2026-08-09 11:14:07 info: GET /api/admin/product-orders
2026-08-09 11:14:08 info: GET /api/admin/product-orders
2026-08-09 11:14:10 info: GET /api/product-order/list
2026-08-09 11:14:10 info: GET /api/product-order/list
2026-08-09 11:19:22 info: Server Started on port 4000
2026-08-09 11:20:07 info: GET /api/admin/product-orders
2026-08-09 11:20:08 info: GET /api/admin/product-orders
2026-08-09 11:21:16 info: GET /api/product/list
2026-08-09 11:21:16 info: GET /api/advisor/farmers
2026-08-09 11:21:16 info: GET /api/product/list
2026-08-09 11:21:20 info: GET /api/advisor/farmers
2026-08-09 11:21:20 info: GET /api/advisor/farmers
2026-08-09 11:22:30 info: POST /api/advisor/add-farmer
2026-08-09 11:22:33 info: GET /api/advisor/farmers
2026-08-09 11:22:33 info: GET /api/advisor/farmers
2026-08-09 11:24:52 info: GET /api/product/list
2026-08-09 11:24:52 info: GET /api/product/list
2026-08-09 11:24:53 info: POST /api/product/single
2026-08-09 11:24:53 info: POST /api/product/single
2026-08-09 11:24:57 info: GET /api/advisor/farmers
2026-08-09 11:24:57 info: GET /api/advisor/farmers
2026-08-09 11:24:59 info: GET /api/advisor/farmers
2026-08-09 11:25:07 info: POST /api/product-order/place
2026-08-09 11:25:13 info: GET /api/product-order/list
2026-08-09 11:25:13 info: GET /api/product-order/list
2026-08-09 11:25:19 info: POST /api/product-order/pay
2026-08-09 11:25:19 info: POST /api/product-order/pay
2026-08-09 11:25:21 info: GET /api/product-order/list
2026-08-09 11:25:22 info: GET /api/product-order/list
2026-08-09 11:25:29 info: GET /api/admin/product-orders
2026-08-09 11:25:30 info: GET /api/admin/product-orders
2026-08-09 11:25:40 info: POST /api/admin/update-product-order-status
2026-08-09 11:25:40 info: GET /api/admin/product-orders
2026-08-09 11:28:14 info: GET /api/admin/product-orders
2026-08-09 11:28:14 info: GET /api/admin/product-orders
2026-08-09 11:28:17 info: GET /api/product/list
2026-08-09 11:28:18 info: GET /api/product/list
2026-08-09 11:28:19 info: POST /api/product/single
2026-08-09 11:28:19 info: POST /api/product/single
2026-08-09 11:28:20 info: GET /api/advisor/farmers
2026-08-09 11:28:25 info: POST /api/product-order/place
2026-08-09 11:28:32 info: GET /api/product-order/list
2026-08-09 11:28:32 info: GET /api/product-order/list
2026-08-09 11:28:37 info: POST /api/product-order/pay
2026-08-09 11:28:39 info: GET /api/product-order/list
2026-08-09 11:28:42 info: GET /api/admin/product-orders
2026-08-09 11:28:43 info: GET /api/admin/product-orders
2026-08-09 11:28:55 info: POST /api/admin/update-product-order-status
2026-08-09 11:28:55 info: GET /api/admin/product-orders
2026-08-09 11:30:35 info: GET /api/product-order/list
2026-08-09 11:30:35 info: GET /api/advisor/profile
2026-08-09 11:30:35 info: GET /api/advisor/profile
2026-08-09 11:30:35 info: GET /api/product-order/list
2026-08-09 11:30:35 info: GET /api/product-order/list
2026-08-09 11:30:35 info: GET /api/advisor/profile
2026-08-09 11:30:36 info: GET /api/advisor/profile
2026-08-09 11:30:36 info: GET /api/product-order/list
2026-08-09 11:30:38 info: GET /api/advisor/dashboard
2026-08-09 11:30:38 info: GET /api/advisor/dashboard
2026-08-09 11:31:00 info: GET /api/advisor/farmers
2026-08-09 11:31:01 info: GET /api/advisor/farmers
2026-08-09 11:31:04 info: GET /api/advisor/dashboard
2026-08-09 11:31:05 info: GET /api/advisor/dashboard
2026-08-09 11:31:14 info: GET /api/advisor/farmers
2026-08-09 11:31:14 info: GET /api/advisor/farmers
2026-08-09 11:31:47 info: GET /api/advisor/farmers
2026-08-09 11:31:47 info: GET /api/advisor/farmers
2026-08-09 11:31:50 info: POST /api/advisor/farmer
2026-08-09 11:31:50 info: POST /api/advisor/farmer
2026-08-09 11:32:54 info: GET /api/product/list
2026-08-09 11:32:54 info: GET /api/product/list
2026-08-09 11:32:58 info: POST /api/product/single
2026-08-09 11:32:58 info: POST /api/product/single
2026-08-09 11:32:59 info: GET /api/advisor/farmers
2026-08-09 11:33:15 info: GET /api/product-order/list
2026-08-09 11:33:15 info: GET /api/product-order/list
2026-08-09 11:33:20 info: GET /api/product/list
2026-08-09 11:33:20 info: GET /api/product/list
2026-08-09 11:33:21 info: POST /api/product/single
2026-08-09 11:33:21 info: POST /api/product/single
2026-08-09 11:33:22 info: GET /api/advisor/farmers
2026-08-09 11:33:26 info: POST /api/product-order/place
2026-08-09 11:33:29 info: GET /api/product-order/list
2026-08-09 11:33:29 info: GET /api/product-order/list
2026-08-09 11:33:46 info: POST /api/product-order/pay
2026-08-09 11:33:49 info: GET /api/product-order/list
2026-08-09 11:33:51 info: GET /api/product-order/list
2026-08-09 11:33:51 info: GET /api/product-order/list
2026-08-09 11:34:05 info: GET /api/admin/dashboard
2026-08-09 11:34:06 info: GET /api/admin/dashboard
2026-08-09 11:34:14 info: POST /api/admin/all-advisores
2026-08-09 11:34:14 info: POST /api/admin/all-advisores
2026-08-09 11:34:24 info: POST /api/admin/all-farmers
2026-08-09 11:34:24 info: POST /api/admin/all-farmers
2026-08-09 11:34:32 info: GET /api/product/list
2026-08-09 11:34:32 info: GET /api/product/list
2026-08-09 11:34:37 info: GET /api/product/list
2026-08-09 11:34:37 info: GET /api/product/list
2026-08-09 11:34:41 info: GET /api/admin/product-orders
2026-08-09 11:34:42 info: GET /api/admin/product-orders
2026-08-09 11:35:10 info: POST /api/admin/update-product-order-status
2026-08-09 11:35:10 info: GET /api/admin/product-orders
2026-08-09 11:36:19 info: GET /api/admin/product-orders
2026-08-09 11:36:19 info: GET /api/admin/product-orders
2026-08-09 11:36:25 info: GET /api/admin/product-orders
2026-08-09 11:36:25 info: POST /api/admin/all-advisores
2026-08-09 11:36:25 info: POST /api/admin/all-farmers
2026-08-09 11:36:25 info: POST /api/admin/all-advisores
2026-08-09 11:36:25 info: POST /api/admin/all-farmers
2026-08-09 11:36:27 info: GET /api/admin/product-orders
2026-08-09 11:37:46 info: POST /api/admin/all-advisores
2026-08-09 11:37:46 info: POST /api/admin/all-advisores
2026-08-09 11:37:47 info: GET /api/product/list
2026-08-09 11:37:47 info: GET /api/product/list
2026-08-09 11:37:48 info: GET /api/admin/product-orders
2026-08-09 11:37:48 info: GET /api/admin/product-orders
2026-08-09 11:37:49 info: GET /api/product/list
2026-08-09 11:37:49 info: GET /api/product/list
2026-08-09 11:37:51 info: GET /api/admin/product-orders
2026-08-09 11:37:51 info: GET /api/admin/product-orders
2026-08-09 11:37:57 info: GET /api/admin/product-orders
2026-08-09 11:37:57 info: GET /api/admin/product-orders
2026-08-09 11:38:12 info: POST /api/admin/all-advisores
2026-08-09 11:38:12 info: POST /api/admin/all-farmers
2026-08-09 11:38:12 info: GET /api/admin/product-orders
2026-08-09 11:38:12 info: POST /api/admin/all-advisores
2026-08-09 11:38:12 info: POST /api/admin/all-farmers
2026-08-09 11:38:13 info: GET /api/admin/product-orders
2026-08-09 11:39:09 info: GET /api/admin/product-orders
2026-08-09 11:39:09 info: GET /api/admin/product-orders
2026-08-09 11:39:11 info: GET /api/admin/product-orders
2026-08-09 11:39:11 info: GET /api/admin/product-orders
2026-08-09 11:42:35 info: GET /api/advisor/farmers
2026-08-09 11:42:35 info: GET /api/advisor/farmers
2026-08-09 11:44:48 info: POST /api/advisor/add-farmer
2026-08-09 11:44:51 info: GET /api/advisor/farmers
2026-08-09 11:44:51 info: GET /api/advisor/farmers
2026-08-09 11:44:55 info: GET /api/product/list
2026-08-09 11:44:55 info: GET /api/product/list
2026-08-09 11:44:58 info: POST /api/product/single
2026-08-09 11:44:58 info: POST /api/product/single
2026-08-09 11:45:01 info: GET /api/advisor/farmers
2026-08-09 11:45:09 info: POST /api/product-order/place
2026-08-09 11:45:26 info: GET /api/product-order/list
2026-08-09 11:45:27 info: GET /api/product-order/list
2026-08-09 11:45:52 info: POST /api/product-order/pay
2026-08-09 11:45:57 info: GET /api/product-order/list
2026-08-09 11:46:06 info: GET /api/admin/product-orders
2026-08-09 11:46:06 info: GET /api/admin/product-orders
2026-08-09 11:46:44 info: POST /api/admin/update-product-order-status
2026-08-09 11:46:44 info: GET /api/admin/product-orders
2026-08-09 11:46:52 info: GET /api/admin/product-orders
2026-08-09 11:46:52 info: GET /api/admin/product-orders
2026-08-09 11:48:06 info: GET /api/admin/product-orders
2026-08-09 11:48:06 info: GET /api/admin/product-orders
2026-08-09 11:48:10 info: GET /api/admin/product-orders
2026-08-09 11:48:10 info: POST /api/admin/all-advisores
2026-08-09 11:48:10 info: POST /api/admin/all-farmers
2026-08-09 11:48:10 info: POST /api/admin/all-advisores
2026-08-09 11:48:10 info: POST /api/admin/all-farmers
2026-08-09 11:48:10 info: GET /api/admin/product-orders
2026-08-09 12:09:01 info: GET /api/advisor/dashboard
2026-08-09 12:09:02 info: GET /api/advisor/dashboard
2026-08-09 12:09:07 info: GET /api/advisor/farmers
2026-08-09 12:09:07 info: GET /api/advisor/farmers
2026-08-09 12:09:10 info: GET /api/product/list
2026-08-09 12:09:10 info: GET /api/product/list
2026-08-09 12:09:12 info: GET /api/product-order/list
2026-08-09 12:09:12 info: GET /api/product-order/list
2026-08-09 12:09:20 info: GET /api/product-order/list
2026-08-09 12:09:20 info: GET /api/product-order/list
2026-08-09 13:31:28 info: Server Started on port 4000
2026-08-09 13:31:38 info: GET /api/advisor/dashboard
2026-08-09 13:31:38 info: GET /api/advisor/profile
2026-08-09 13:31:38 info: GET /api/advisor/profile
2026-08-09 13:31:39 info: GET /api/advisor/profile
2026-08-09 13:31:39 info: GET /api/advisor/dashboard
2026-08-09 13:31:39 info: GET /api/advisor/profile
2026-08-09 13:31:39 info: GET /api/advisor/profile
2026-08-09 13:31:39 info: GET /api/advisor/dashboard
2026-08-09 13:31:39 info: GET /api/advisor/profile
2026-08-09 13:31:41 info: GET /api/advisor/dashboard
2026-08-09 13:31:49 info: GET /api/advisor/dashboard
2026-08-09 13:31:49 info: GET /api/advisor/profile
2026-08-09 13:31:49 info: GET /api/advisor/dashboard
2026-08-09 13:31:49 info: GET /api/advisor/profile
2026-08-09 13:31:56 info: GET /api/advisor/dashboard
2026-08-09 13:31:56 info: GET /api/advisor/profile
2026-08-09 13:31:56 info: GET /api/advisor/dashboard
2026-08-09 13:31:56 info: GET /api/advisor/profile
2026-08-09 13:31:56 info: GET /api/advisor/dashboard
2026-08-09 13:31:57 info: GET /api/advisor/profile
2026-08-09 13:31:57 info: GET /api/advisor/dashboard
2026-08-09 13:31:57 info: GET /api/advisor/profile
2026-08-09 13:31:59 info: GET /api/advisor/profile
2026-08-09 13:32:00 info: GET /api/advisor/dashboard
2026-08-09 13:32:01 info: GET /api/admin/dashboard
2026-08-09 13:32:01 info: GET /api/admin/dashboard
2026-08-09 13:32:01 info: GET /api/admin/dashboard
2026-08-09 13:32:01 info: GET /api/admin/dashboard
2026-08-09 13:32:01 info: GET /api/admin/dashboard
2026-08-09 13:32:01 info: GET /api/admin/dashboard
2026-08-09 13:33:20 info: POST /api/advisor/login
2026-08-09 13:33:33 info: POST /api/advisor/login
2026-08-09 13:33:33 info: GET /api/advisor/dashboard
2026-08-09 13:33:33 info: GET /api/advisor/profile
2026-08-09 13:33:33 info: GET /api/advisor/profile
2026-08-09 13:33:33 info: GET /api/advisor/dashboard
2026-08-09 13:33:45 info: GET /api/advisor/farmers
2026-08-09 13:33:45 info: GET /api/advisor/farmers
2026-08-09 13:33:46 info: GET /api/product/list
2026-08-09 13:33:46 info: GET /api/product/list
2026-08-09 13:33:47 info: GET /api/product-order/list
2026-08-09 13:33:47 info: GET /api/product-order/list
2026-08-09 13:35:25 info: POST /api/admin/all-farmers
2026-08-09 13:35:25 info: POST /api/admin/all-farmers
2026-08-09 13:35:33 info: GET /api/admin/dashboard
2026-08-09 13:35:33 info: GET /api/admin/dashboard
2026-08-09 13:35:36 info: POST /api/admin/all-advisores
2026-08-09 13:35:36 info: POST /api/admin/all-advisores
2026-08-09 13:35:39 info: POST /api/admin/all-advisores
2026-08-09 13:35:39 info: POST /api/admin/all-advisores
2026-08-09 13:35:44 info: GET /api/admin/product-orders
2026-08-09 13:35:44 info: GET /api/admin/product-orders
2026-08-09 13:35:46 info: GET /api/admin/product-orders
2026-08-09 13:35:46 info: GET /api/admin/product-orders
2026-08-09 13:35:47 info: GET /api/admin/product-orders
2026-08-09 13:35:47 info: GET /api/admin/product-orders
2026-08-09 13:35:47 info: GET /api/admin/product-orders
2026-08-09 13:35:47 info: GET /api/admin/product-orders
2026-08-09 13:36:00 info: GET /api/admin/product-orders
2026-08-09 13:36:00 info: GET /api/admin/product-orders
2026-08-09 13:36:00 info: GET /api/admin/product-orders
2026-08-09 13:36:00 info: GET /api/admin/product-orders
2026-08-09 13:36:01 info: GET /api/admin/product-orders
2026-08-09 13:36:01 info: GET /api/admin/product-orders
2026-08-09 13:36:01 info: GET /api/admin/product-orders
2026-08-09 13:36:01 info: GET /api/admin/product-orders
2026-08-09 13:36:01 info: GET /api/admin/product-orders
2026-08-09 13:36:01 info: GET /api/admin/product-orders
2026-08-09 13:36:02 info: POST /api/admin/all-advisores
2026-08-09 13:36:02 info: POST /api/admin/all-advisores
2026-08-09 13:36:02 info: GET /api/admin/dashboard
2026-08-09 13:36:02 info: GET /api/admin/dashboard
2026-08-09 13:36:06 info: GET /api/admin/dashboard
2026-08-09 13:36:06 info: GET /api/admin/dashboard
2026-08-09 13:36:06 info: GET /api/admin/dashboard
2026-08-09 13:36:06 info: GET /api/admin/dashboard
2026-08-09 13:36:06 info: GET /api/admin/dashboard
2026-08-09 13:36:06 info: GET /api/admin/dashboard
2026-08-09 13:36:07 info: GET /api/admin/dashboard
2026-08-09 13:36:07 info: GET /api/admin/dashboard
2026-08-09 13:36:07 info: GET /api/admin/dashboard
2026-08-09 13:36:07 info: GET /api/admin/dashboard
2026-08-09 13:36:07 info: GET /api/admin/dashboard
2026-08-09 13:36:07 info: GET /api/admin/dashboard
2026-08-09 13:36:07 info: GET /api/admin/dashboard
2026-08-09 13:36:07 info: GET /api/admin/dashboard
2026-08-09 13:36:08 info: GET /api/admin/dashboard
2026-08-09 13:36:08 info: GET /api/admin/dashboard
2026-08-09 13:36:23 info: GET /api/admin/dashboard
2026-08-09 13:36:23 info: GET /api/admin/dashboard
2026-08-09 13:36:35 info: GET /api/admin/dashboard
2026-08-09 13:36:35 info: GET /api/admin/dashboard
2026-08-09 13:36:35 info: GET /api/admin/dashboard
2026-08-09 13:36:35 info: GET /api/admin/dashboard
2026-08-09 13:36:44 info: GET /api/admin/dashboard
2026-08-09 13:36:44 info: GET /api/admin/dashboard
2026-08-09 13:36:44 info: GET /api/admin/dashboard
2026-08-09 13:36:44 info: GET /api/admin/dashboard
2026-08-09 13:36:44 info: GET /api/admin/dashboard
2026-08-09 13:36:44 info: GET /api/admin/dashboard
2026-08-09 13:36:45 info: GET /api/admin/dashboard
2026-08-09 13:36:45 info: GET /api/admin/dashboard
2026-08-09 13:36:45 info: GET /api/admin/dashboard
2026-08-09 13:36:45 info: GET /api/admin/dashboard
2026-08-09 13:36:45 info: GET /api/admin/dashboard
2026-08-09 13:36:45 info: GET /api/admin/dashboard
2026-08-09 13:36:45 info: GET /api/admin/dashboard
2026-08-09 13:36:45 info: GET /api/admin/dashboard
2026-08-09 13:36:46 info: GET /api/admin/dashboard
2026-08-09 13:36:46 info: GET /api/admin/dashboard
2026-08-09 13:36:46 info: GET /api/admin/dashboard
2026-08-09 13:36:46 info: GET /api/admin/dashboard
2026-08-09 13:36:47 info: GET /api/admin/dashboard
2026-08-09 13:36:47 info: GET /api/admin/dashboard
2026-08-09 13:36:47 info: GET /api/admin/dashboard
2026-08-09 13:36:47 info: GET /api/admin/dashboard
2026-08-09 13:36:48 info: GET /api/admin/dashboard
2026-08-09 13:36:48 info: GET /api/admin/dashboard
2026-08-09 13:36:48 info: GET /api/admin/dashboard
2026-08-09 13:36:48 info: GET /api/admin/dashboard
2026-08-09 13:36:48 info: GET /api/admin/dashboard
2026-08-09 13:36:48 info: GET /api/admin/dashboard
2026-08-09 13:36:49 info: GET /api/admin/dashboard
2026-08-09 13:36:49 info: GET /api/admin/dashboard
2026-08-09 13:36:49 info: GET /api/admin/dashboard
2026-08-09 13:36:49 info: GET /api/admin/dashboard
2026-08-09 13:36:49 info: GET /api/admin/dashboard
2026-08-09 13:36:49 info: GET /api/admin/dashboard
2026-08-09 13:36:49 info: GET /api/admin/dashboard
2026-08-09 13:36:49 info: GET /api/admin/dashboard
2026-08-09 13:36:50 info: GET /api/admin/dashboard
2026-08-09 13:36:50 info: GET /api/admin/dashboard
2026-08-09 13:37:04 info: GET /api/admin/dashboard
2026-08-09 13:37:04 info: GET /api/admin/dashboard
2026-08-09 13:37:04 info: GET /api/admin/dashboard
2026-08-09 13:37:04 info: GET /api/admin/dashboard
2026-08-09 13:37:05 info: GET /api/admin/dashboard
2026-08-09 13:37:05 info: GET /api/admin/dashboard
2026-08-09 13:37:05 info: GET /api/admin/dashboard
2026-08-09 13:37:05 info: GET /api/admin/dashboard
2026-08-09 13:37:18 info: POST /api/admin/login
2026-08-09 13:37:18 info: GET /api/admin/dashboard
2026-08-09 13:37:19 info: GET /api/admin/dashboard
2026-08-09 13:39:01 info: GET /api/product-order/list
2026-08-09 13:39:01 info: GET /api/advisor/profile
2026-08-09 13:39:01 info: GET /api/advisor/profile
2026-08-09 13:39:01 info: GET /api/product-order/list
2026-08-09 13:50:06 info: GET /api/product-order/list
2026-08-09 13:50:06 info: GET /api/product-order/list
2026-08-09 13:50:10 info: GET /api/product-order/list
2026-08-09 13:50:12 info: GET /api/product-order/list
2026-08-09 13:50:13 info: GET /api/admin/product-orders
2026-08-09 13:50:16 info: GET /api/admin/product-orders
2026-08-09 13:51:05 info: GET /api/product/list
2026-08-09 13:51:05 info: GET /api/product/list
2026-08-09 13:51:06 info: GET /api/product-order/list
2026-08-09 13:51:06 info: GET /api/product-order/list
2026-08-09 13:52:03 info: GET /api/product/list
2026-08-09 13:52:04 info: GET /api/product/list
2026-08-09 13:52:05 info: POST /api/product/single
2026-08-09 13:52:05 info: POST /api/product/single
2026-08-09 13:52:08 info: GET /api/advisor/farmers
2026-08-09 13:52:13 info: GET /api/product-order/list
2026-08-09 13:52:13 info: GET /api/product-order/list
2026-08-09 13:52:29 info: GET /api/advisor/farmers
2026-08-09 13:52:29 info: GET /api/advisor/farmers
2026-08-09 13:52:30 info: POST /api/advisor/farmer
2026-08-09 13:52:30 info: POST /api/advisor/farmer
2026-08-09 13:54:48 info: GET /api/advisor/dashboard
2026-08-09 13:54:49 info: GET /api/advisor/dashboard
2026-08-09 13:54:55 info: GET /api/advisor/dashboard
2026-08-09 13:54:56 info: GET /api/advisor/dashboard
2026-08-09 13:54:58 info: GET /api/product/list
2026-08-09 13:54:58 info: GET /api/product/list
2026-08-09 13:55:26 info: GET /api/admin/dashboard
2026-08-09 13:55:27 info: GET /api/admin/dashboard
2026-08-09 13:55:31 info: POST /api/admin/all-advisores
2026-08-09 13:55:31 info: POST /api/admin/all-advisores
2026-08-09 13:55:37 info: POST /api/admin/all-farmers
2026-08-09 13:55:37 info: POST /api/admin/all-farmers
2026-08-09 13:55:46 info: GET /api/product/list
2026-08-09 13:55:46 info: GET /api/product/list
2026-08-09 13:55:54 info: GET /api/admin/product-orders
2026-08-09 13:55:56 info: GET /api/admin/product-orders
2026-08-09 13:56:03 info: GET /api/admin/product-orders
2026-08-09 13:56:03 info: GET /api/admin/product-orders
2026-08-09 13:56:11 info: GET /api/admin/product-orders
2026-08-09 13:56:11 info: POST /api/admin/all-advisores
2026-08-09 13:56:11 info: POST /api/admin/all-farmers
2026-08-09 13:56:11 info: POST /api/admin/all-advisores
2026-08-09 13:56:11 info: POST /api/admin/all-farmers
2026-08-09 13:56:11 info: GET /api/admin/product-orders
2026-08-09 13:56:23 info: GET /api/advisor/farmers
2026-08-09 13:56:23 info: GET /api/advisor/farmers
2026-08-09 13:56:24 info: POST /api/advisor/farmer
2026-08-09 13:56:24 info: POST /api/advisor/farmer
2026-08-09 13:57:03 info: GET /api/advisor/farmers
2026-08-09 13:57:03 info: GET /api/advisor/farmers
2026-08-09 13:57:06 info: POST /api/advisor/farmer
2026-08-09 13:57:06 info: POST /api/advisor/farmer
2026-08-09 13:57:10 info: GET /api/advisor/farmers
2026-08-09 13:57:10 info: GET /api/advisor/farmers
2026-08-09 13:59:05 info: GET /api/admin/product-orders
2026-08-09 13:59:05 info: POST /api/admin/all-advisores
2026-08-09 13:59:05 info: POST /api/admin/all-farmers
2026-08-09 13:59:05 info: POST /api/admin/all-advisores
2026-08-09 13:59:05 info: POST /api/admin/all-farmers
2026-08-09 13:59:06 info: GET /api/admin/product-orders
2026-08-09 13:59:12 info: GET /api/advisor/farmers
2026-08-09 13:59:12 info: GET /api/advisor/profile
2026-08-09 13:59:12 info: GET /api/advisor/profile
2026-08-09 13:59:12 info: GET /api/advisor/farmers
2026-08-09 14:01:38 info: GET /api/product/list
2026-08-09 14:01:39 info: GET /api/product/list
2026-08-09 14:01:40 info: POST /api/product/single
2026-08-09 14:01:40 info: POST /api/product/single
2026-08-09 14:03:49 info: POST /api/product/single
2026-08-09 14:03:49 info: GET /api/advisor/profile
2026-08-09 14:03:49 info: POST /api/product/single
2026-08-09 14:03:50 info: GET /api/advisor/profile
2026-08-09 14:06:12 info: GET /api/admin/product-orders
2026-08-09 14:06:12 info: GET /api/admin/product-orders
2026-08-09 14:06:33 info: GET /api/product-order/list
2026-08-09 14:06:33 info: GET /api/product-order/list
2026-08-09 14:07:35 info: Server Started on port 4000
2026-08-09 14:07:44 info: Server Started on port 4000
2026-08-09 14:08:11 info: Server Started on port 4000
2026-08-09 14:08:35 info: GET /api/product-order/list
2026-08-09 14:08:35 info: GET /api/advisor/profile
2026-08-09 14:08:35 info: GET /api/advisor/profile
2026-08-09 14:08:36 info: GET /api/product-order/list
2026-08-09 14:08:37 info: GET /api/product/list
2026-08-09 14:08:37 info: GET /api/product/list
2026-08-09 14:08:39 info: POST /api/product/single
2026-08-09 14:08:39 info: POST /api/product/single
2026-08-09 14:08:53 info: POST /api/product/single
2026-08-09 14:08:54 info: POST /api/product/single
2026-08-09 14:08:54 info: GET /api/advisor/profile
2026-08-09 14:08:54 info: POST /api/product/single
2026-08-09 14:08:54 info: GET /api/advisor/profile
2026-08-09 14:08:54 info: POST /api/product/single
2026-08-09 14:08:54 info: GET /api/advisor/profile
2026-08-09 14:09:45 info: GET /api/product/list
2026-08-09 14:09:46 info: GET /api/product/list
2026-08-09 14:09:48 info: GET /api/product-order/list
2026-08-09 14:09:48 info: GET /api/product-order/list
2026-08-09 14:11:37 info: GET /api/product-order/list
2026-08-09 14:11:37 info: GET /api/advisor/profile
2026-08-09 14:11:37 info: GET /api/advisor/profile
2026-08-09 14:11:37 info: GET /api/product-order/list
2026-08-09 14:14:10 info: GET /api/product/list
2026-08-09 14:14:12 info: GET /api/product/list
2026-08-09 14:14:15 info: GET /api/product/list
2026-08-09 14:14:15 info: GET /api/advisor/profile
2026-08-09 14:14:15 info: GET /api/product/list
2026-08-09 14:14:15 info: GET /api/advisor/profile
2026-08-09 14:14:15 info: GET /api/advisor/profile
2026-08-09 14:14:15 info: GET /api/product/list
2026-08-09 14:14:15 info: GET /api/product/list
2026-08-09 14:14:15 info: GET /api/advisor/profile
2026-08-09 14:14:15 info: GET /api/product/list
2026-08-09 14:14:15 info: GET /api/advisor/profile
2026-08-09 14:14:16 info: POST /api/product/single
2026-08-09 14:14:16 info: POST /api/product/single
2026-08-09 14:14:20 info: GET /api/product/list
2026-08-09 14:14:20 info: GET /api/product/list
2026-08-09 14:14:23 info: GET /api/product/list
2026-08-09 14:14:24 info: GET /api/product/list
2026-08-09 14:14:24 info: GET /api/product/list
2026-08-09 14:14:24 info: GET /api/product/list
2026-08-09 14:14:24 info: GET /api/product/list
2026-08-09 14:14:24 info: GET /api/product/list
2026-08-09 14:14:26 info: POST /api/product/single
2026-08-09 14:14:26 info: POST /api/product/single
2026-08-09 14:15:05 info: POST /api/product/update
2026-08-09 14:15:06 info: GET /api/product/list
2026-08-09 14:15:06 info: GET /api/product/list
2026-08-09 14:15:18 info: POST /api/product/single
2026-08-09 14:15:18 info: POST /api/product/single
2026-08-09 14:15:18 info: GET /api/advisor/profile
2026-08-09 14:15:19 info: GET /api/advisor/profile
2026-08-09 14:15:19 info: POST /api/product/single
2026-08-09 14:15:19 info: GET /api/advisor/profile
2026-08-09 14:15:19 info: POST /api/product/single
2026-08-09 14:15:19 info: GET /api/advisor/profile
2026-08-09 14:15:35 info: GET /api/product-order/list
2026-08-09 14:15:35 info: GET /api/product-order/list
2026-08-09 14:18:19 info: POST /api/product/single
2026-08-09 14:18:19 info: POST /api/product/single
2026-08-09 14:19:09 info: POST /api/product/update
2026-08-09 14:19:11 info: GET /api/product/list
2026-08-09 14:19:11 info: GET /api/product/list
2026-08-09 14:19:14 info: GET /api/product/list
2026-08-09 14:19:14 info: GET /api/product/list
2026-08-09 14:19:15 info: POST /api/product/single
2026-08-09 14:19:15 info: POST /api/product/single
2026-08-09 14:19:17 info: POST /api/product/single
2026-08-09 14:19:17 info: POST /api/product/single
2026-08-09 14:19:17 info: GET /api/advisor/profile
2026-08-09 14:19:17 info: GET /api/advisor/profile
2026-08-09 14:19:21 info: GET /api/advisor/farmers
2026-08-09 14:19:29 info: POST /api/product-order/place
2026-08-09 14:19:33 info: GET /api/product-order/list
2026-08-09 14:19:33 info: GET /api/product-order/list
2026-08-09 14:19:38 info: GET /api/admin/product-orders
2026-08-09 14:19:39 info: GET /api/admin/product-orders
2026-08-09 14:19:40 info: GET /api/admin/product-orders
2026-08-09 14:19:40 info: GET /api/admin/product-orders
2026-08-09 14:19:40 info: GET /api/admin/product-orders
2026-08-09 14:19:40 info: GET /api/admin/product-orders
2026-08-09 14:19:40 info: GET /api/admin/product-orders
2026-08-09 14:19:42 info: GET /api/admin/product-orders
2026-08-09 14:20:48 info: GET /api/product/list
2026-08-09 14:20:49 info: GET /api/product/list
2026-08-09 14:21:06 info: GET /api/product/list
2026-08-09 14:21:07 info: GET /api/product/list
2026-08-09 14:21:15 info: GET /api/product/list
2026-08-09 14:21:20 info: GET /api/product/list
2026-08-09 14:21:24 info: POST /api/product/single
2026-08-09 14:21:24 info: POST /api/product/single
2026-08-09 14:21:32 info: GET /api/product/list
2026-08-09 14:21:34 info: GET /api/product/list
2026-08-09 14:24:27 info: GET /api/product-order/list
2026-08-09 14:24:27 info: GET /api/advisor/profile
2026-08-09 14:24:28 info: GET /api/advisor/profile
2026-08-09 14:24:32 info: GET /api/product-order/list
2026-08-09 14:24:50 info: GET /api/admin/product-orders
2026-08-09 14:24:57 info: GET /api/admin/product-orders
2026-08-09 14:25:31 info: GET /api/admin/product-orders
2026-08-09 14:25:33 info: GET /api/admin/product-orders
2026-08-09 14:25:44 info: GET /api/admin/product-orders
2026-08-09 14:25:44 info: GET /api/admin/product-orders
2026-08-09 14:26:21 info: GET /api/product/list
2026-08-09 14:26:22 info: GET /api/product/list
2026-08-09 14:26:24 info: POST /api/admin/all-farmers
2026-08-09 14:26:24 info: POST /api/admin/all-farmers
2026-08-09 14:26:27 info: GET /api/product/list
2026-08-09 14:26:27 info: GET /api/product/list
2026-08-09 14:26:29 info: POST /api/product/single
2026-08-09 14:26:29 info: POST /api/product/single
2026-08-09 14:28:26 info: GET /api/admin/product-orders
2026-08-09 14:28:27 info: GET /api/admin/product-orders
2026-08-09 14:29:01 info: GET /api/product-order/list
2026-08-09 14:29:01 info: GET /api/advisor/profile
2026-08-09 14:29:01 info: GET /api/product-order/list
2026-08-09 14:29:01 info: GET /api/advisor/profile
2026-08-09 14:29:01 info: GET /api/product-order/list
2026-08-09 14:29:01 info: GET /api/product-order/list
2026-08-09 14:29:01 info: GET /api/advisor/profile
2026-08-09 14:29:01 info: GET /api/advisor/profile
2026-08-09 14:29:02 info: GET /api/product-order/list
2026-08-09 14:29:06 info: GET /api/product-order/list
2026-08-09 14:29:06 info: GET /api/product-order/list
2026-08-09 14:29:08 info: GET /api/product-order/list
2026-08-09 14:29:09 info: GET /api/product-order/list
2026-08-09 14:29:09 info: GET /api/advisor/farmers
2026-08-09 14:29:10 info: GET /api/advisor/farmers
2026-08-09 14:29:12 info: POST /api/advisor/farmer
2026-08-09 14:29:12 info: POST /api/advisor/farmer
2026-08-09 14:29:32 info: GET /api/product/list
2026-08-09 14:29:32 info: GET /api/product/list
2026-08-09 14:29:49 info: POST /api/product/single
2026-08-09 14:29:49 info: POST /api/product/single
2026-08-09 14:29:57 info: GET /api/product/list
2026-08-09 14:29:57 info: GET /api/product/list
2026-08-09 14:29:59 info: POST /api/product/single
2026-08-09 14:29:59 info: POST /api/product/single
2026-08-09 14:30:00 info: GET /api/product/list
2026-08-09 14:30:00 info: GET /api/product/list
2026-08-09 14:33:02 info: GET /api/product/list
2026-08-09 14:33:02 info: GET /api/product/list
2026-08-09 14:33:04 info: POST /api/product/single
2026-08-09 14:33:04 info: POST /api/product/single
2026-08-09 14:35:41 info: GET /api/product/list
2026-08-09 14:35:41 info: GET /api/product/list
2026-08-09 14:37:40 info: GET /api/product/list
2026-08-09 14:37:40 info: GET /api/advisor/profile
2026-08-09 14:37:40 info: GET /api/product/list
2026-08-09 14:37:40 info: GET /api/advisor/profile
2026-08-09 14:38:10 info: GET /api/product/list
2026-08-09 14:38:10 info: GET /api/advisor/profile
2026-08-09 14:38:10 info: GET /api/advisor/profile
2026-08-09 14:38:10 info: GET /api/product/list
2026-08-09 14:38:11 info: GET /api/product/list
2026-08-09 14:38:11 info: GET /api/advisor/profile
2026-08-09 14:38:11 info: GET /api/product/list
2026-08-09 14:38:11 info: GET /api/advisor/profile
2026-08-09 14:38:15 info: GET /api/advisor/profile
2026-08-09 14:38:15 info: GET /api/advisor/dashboard
2026-08-09 14:38:15 info: GET /api/advisor/profile
2026-08-09 14:38:15 info: GET /api/advisor/dashboard
2026-08-09 14:38:18 info: GET /api/product/list
2026-08-09 14:38:18 info: GET /api/product/list
2026-08-09 14:38:21 info: GET /api/advisor/dashboard
2026-08-09 14:38:21 info: GET /api/advisor/profile
2026-08-09 14:38:21 info: GET /api/advisor/profile
2026-08-09 14:38:22 info: GET /api/advisor/dashboard
2026-08-09 14:38:23 info: GET /api/advisor/farmers
2026-08-09 14:38:23 info: GET /api/advisor/farmers
2026-08-09 14:38:28 info: GET /api/product-order/list
2026-08-09 14:38:28 info: GET /api/product-order/list
2026-08-09 14:38:29 info: GET /api/product/list
2026-08-09 14:38:29 info: GET /api/product/list
2026-08-09 14:38:35 info: GET /api/advisor/farmers
2026-08-09 14:38:35 info: GET /api/advisor/profile
2026-08-09 14:38:35 info: GET /api/advisor/farmers
2026-08-09 14:38:35 info: GET /api/advisor/profile
2026-08-09 14:38:37 info: POST /api/advisor/farmer
2026-08-09 14:38:37 info: POST /api/advisor/farmer
2026-08-09 14:38:41 info: GET /api/advisor/farmers
2026-08-09 14:38:41 info: GET /api/advisor/farmers
2026-08-09 14:38:42 info: POST /api/advisor/farmer
2026-08-09 14:38:42 info: POST /api/advisor/farmer
2026-08-09 14:38:49 info: GET /api/advisor/farmers
2026-08-09 14:38:49 info: GET /api/advisor/farmers
2026-08-09 14:40:10 info: GET /api/product/list
2026-08-09 14:40:10 info: GET /api/product/list
2026-08-09 14:40:11 info: GET /api/product/list
2026-08-09 14:40:11 info: GET /api/advisor/profile
2026-08-09 14:40:11 info: GET /api/product/list
2026-08-09 14:40:11 info: GET /api/advisor/profile
2026-08-09 14:40:12 info: GET /api/product/list
2026-08-09 14:40:12 info: GET /api/advisor/profile
2026-08-09 14:40:12 info: GET /api/product/list
2026-08-09 14:40:12 info: GET /api/advisor/profile
2026-08-09 14:40:12 info: GET /api/product/list
2026-08-09 14:40:12 info: GET /api/advisor/profile
2026-08-09 14:40:12 info: GET /api/advisor/profile
2026-08-09 14:40:12 info: GET /api/product/list
2026-08-09 14:40:13 info: GET /api/product/list
2026-08-09 14:40:13 info: GET /api/advisor/profile
2026-08-09 14:40:13 info: GET /api/product/list
2026-08-09 14:40:13 info: GET /api/advisor/profile
2026-08-09 14:40:13 info: GET /api/product/list
2026-08-09 14:40:13 info: GET /api/advisor/profile
2026-08-09 14:40:13 info: GET /api/advisor/profile
2026-08-09 14:40:13 info: GET /api/product/list
2026-08-09 14:40:13 info: GET /api/advisor/profile
2026-08-09 14:40:13 info: GET /api/product/list
2026-08-09 14:40:13 info: GET /api/advisor/profile
2026-08-09 14:40:14 info: GET /api/product/list
2026-08-09 14:40:14 info: GET /api/advisor/profile
2026-08-09 14:40:14 info: GET /api/product/list
2026-08-09 14:40:14 info: GET /api/advisor/profile
2026-08-09 14:40:14 info: GET /api/product/list
2026-08-09 14:40:14 info: GET /api/advisor/profile
2026-08-09 14:40:14 info: GET /api/product/list
2026-08-09 14:40:14 info: GET /api/advisor/profile
2026-08-09 14:40:14 info: GET /api/product/list
2026-08-09 14:40:14 info: GET /api/advisor/profile
2026-08-09 14:40:14 info: GET /api/product/list
2026-08-09 14:40:14 info: GET /api/advisor/profile
2026-08-09 14:40:14 info: GET /api/product/list
2026-08-09 14:40:14 info: GET /api/advisor/profile
2026-08-09 14:40:14 info: GET /api/product/list
2026-08-09 14:40:14 info: GET /api/advisor/profile
2026-08-09 14:40:14 info: GET /api/product/list
2026-08-09 14:40:14 info: GET /api/advisor/profile
2026-08-09 14:40:14 info: GET /api/product/list
2026-08-09 14:40:14 info: GET /api/advisor/profile
2026-08-09 14:40:15 info: GET /api/product/list
2026-08-09 14:40:15 info: GET /api/advisor/profile
2026-08-09 14:40:15 info: GET /api/product/list
2026-08-09 14:40:15 info: GET /api/advisor/profile
2026-08-09 14:40:15 info: GET /api/product/list
2026-08-09 14:40:15 info: GET /api/advisor/profile
2026-08-09 14:40:15 info: GET /api/product/list
2026-08-09 14:40:15 info: GET /api/advisor/profile
2026-08-09 14:40:15 info: GET /api/advisor/profile
2026-08-09 14:40:15 info: GET /api/product/list
2026-08-09 14:40:15 info: GET /api/advisor/profile
2026-08-09 14:40:15 info: GET /api/product/list
2026-08-09 14:40:16 info: GET /api/product/list
2026-08-09 14:40:16 info: GET /api/advisor/profile
2026-08-09 14:40:16 info: GET /api/product/list
2026-08-09 14:40:16 info: GET /api/advisor/profile
2026-08-09 14:40:16 info: GET /api/product/list
2026-08-09 14:40:16 info: GET /api/advisor/profile
2026-08-09 14:40:16 info: GET /api/product/list
2026-08-09 14:40:16 info: GET /api/advisor/profile
2026-08-09 14:40:16 info: GET /api/product/list
2026-08-09 14:40:16 info: GET /api/advisor/profile
2026-08-09 14:40:16 info: GET /api/product/list
2026-08-09 14:40:16 info: GET /api/advisor/profile
2026-08-09 14:40:38 info: GET /api/advisor/dashboard
2026-08-09 14:40:38 info: GET /api/advisor/profile
2026-08-09 14:40:38 info: GET /api/advisor/profile
2026-08-09 14:40:38 info: GET /api/advisor/profile
2026-08-09 14:40:38 info: GET /api/advisor/profile
2026-08-09 14:40:38 info: GET /api/advisor/dashboard
2026-08-09 14:40:39 info: GET /api/advisor/dashboard
2026-08-09 14:40:39 info: GET /api/advisor/dashboard
2026-08-09 14:40:40 info: GET /api/product/list
2026-08-09 14:40:40 info: GET /api/product/list
2026-08-09 14:40:42 info: GET /api/product/list
2026-08-09 14:40:42 info: GET /api/advisor/profile
2026-08-09 14:40:42 info: GET /api/product/list
2026-08-09 14:40:42 info: GET /api/advisor/profile
2026-08-09 14:40:50 info: GET /api/product/list
2026-08-09 14:40:50 info: GET /api/advisor/profile
2026-08-09 14:40:50 info: GET /api/product/list
2026-08-09 14:40:50 info: GET /api/advisor/profile
2026-08-09 14:41:05 info: GET /api/product/list
2026-08-09 14:41:05 info: GET /api/advisor/profile
2026-08-09 14:41:05 info: GET /api/advisor/profile
2026-08-09 14:41:05 info: GET /api/product/list
2026-08-09 14:41:05 info: GET /api/advisor/profile
2026-08-09 14:41:05 info: GET /api/advisor/profile
2026-08-09 14:41:05 info: GET /api/product/list
2026-08-09 14:41:05 info: GET /api/product/list
2026-08-09 14:41:05 info: GET /api/advisor/profile
2026-08-09 14:41:05 info: GET /api/product/list
2026-08-09 14:41:05 info: GET /api/advisor/profile
2026-08-09 14:45:05 info: GET /api/product/list
2026-08-09 14:45:05 info: GET /api/advisor/profile
2026-08-09 14:45:05 info: GET /api/product/list
2026-08-09 14:45:05 info: GET /api/advisor/profile
2026-08-09 14:45:44 info: Server Started on port 4000
2026-08-09 14:47:29 info: Server Started on port 4000
2026-08-09 14:47:35 info: GET /api/admin/dashboard
2026-08-09 14:47:35 info: GET /api/admin/dashboard
2026-08-09 14:47:50 info: GET /api/advisor/dashboard
2026-08-09 14:47:50 info: GET /api/advisor/profile
2026-08-09 14:47:50 info: GET /api/advisor/profile
2026-08-09 14:47:50 info: GET /api/advisor/dashboard
2026-08-09 14:47:53 info: GET /api/advisor/dashboard
2026-08-09 14:47:53 info: GET /api/advisor/profile
2026-08-09 14:47:53 info: GET /api/advisor/dashboard
2026-08-09 14:47:53 info: GET /api/advisor/profile
2026-08-09 14:48:24 info: GET /api/admin/dashboard
2026-08-09 14:48:24 info: GET /api/admin/dashboard
2026-08-09 14:49:09 info: POST /api/advisor/login
2026-08-09 14:49:09 info: GET /api/advisor/dashboard
2026-08-09 14:49:09 info: GET /api/advisor/profile
2026-08-09 14:49:09 info: GET /api/advisor/profile
2026-08-09 14:49:10 info: GET /api/advisor/dashboard
2026-08-09 14:49:23 info: GET /api/admin/dashboard
2026-08-09 14:49:23 info: GET /api/admin/dashboard
2026-08-09 14:49:24 info: POST /api/admin/all-farmers
2026-08-09 14:49:24 info: POST /api/admin/all-farmers
2026-08-09 14:49:25 info: POST /api/admin/all-farmers
2026-08-09 14:49:25 info: POST /api/admin/all-farmers
2026-08-09 14:49:26 info: POST /api/admin/all-farmers
2026-08-09 14:49:26 info: POST /api/admin/all-farmers
2026-08-09 14:49:26 info: GET /api/admin/dashboard
2026-08-09 14:49:26 info: GET /api/admin/dashboard
2026-08-09 14:49:28 info: GET /api/admin/dashboard
2026-08-09 14:49:28 info: GET /api/admin/dashboard
2026-08-09 14:49:28 info: GET /api/admin/dashboard
2026-08-09 14:49:28 info: GET /api/admin/dashboard
2026-08-09 14:49:28 info: GET /api/admin/dashboard
2026-08-09 14:49:28 info: GET /api/admin/dashboard
2026-08-09 14:49:28 info: GET /api/admin/dashboard
2026-08-09 14:49:28 info: GET /api/admin/dashboard
2026-08-09 14:49:39 info: POST /api/admin/login
2026-08-09 14:49:39 info: GET /api/admin/dashboard
2026-08-09 14:49:39 info: GET /api/admin/dashboard
2026-08-09 14:49:44 info: POST /api/admin/all-advisores
2026-08-09 14:49:44 info: POST /api/admin/all-advisores
2026-08-09 14:49:45 info: POST /api/admin/all-farmers
2026-08-09 14:49:45 info: POST /api/admin/all-farmers
2026-08-09 14:49:46 info: POST /api/admin/all-advisores
2026-08-09 14:49:46 info: POST /api/admin/all-advisores
2026-08-09 15:06:29 info: GET /api/product/list
2026-08-09 15:06:29 info: GET /api/product/list
2026-08-09 15:06:29 info: GET /api/product-order/list
2026-08-09 15:06:31 info: GET /api/product-order/list
2026-08-09 15:09:07 info: GET /api/product-order/list
2026-08-09 15:09:07 info: GET /api/product-order/list
2026-08-09 15:09:18 info: GET /api/product-order/list
2026-08-09 15:09:18 info: GET /api/product-order/list
2026-08-09 15:09:20 info: GET /api/advisor/farmers
2026-08-09 15:09:20 info: GET /api/advisor/farmers
2026-08-09 15:09:24 info: POST /api/advisor/farmer
2026-08-09 15:09:24 info: POST /api/advisor/farmer
2026-08-09 15:09:29 info: GET /api/advisor/farmers
2026-08-09 15:09:29 info: GET /api/advisor/farmers
2026-08-09 15:09:32 info: GET /api/product/list
2026-08-09 15:09:32 info: GET /api/product/list
2026-08-09 15:10:33 info: GET /api/product/list
2026-08-09 15:10:34 info: GET /api/product/list
2026-08-09 15:10:36 info: POST /api/product/single
2026-08-09 15:10:36 info: POST /api/product/single
2026-08-09 15:12:32 info: POST /api/product/single
2026-08-09 15:12:32 info: POST /api/product/single
2026-08-09 15:12:50 info: GET /api/product/list
2026-08-09 15:12:50 info: GET /api/product/list
2026-08-09 15:14:55 info: GET /api/product/list
2026-08-09 15:14:55 info: GET /api/product/list
2026-08-09 15:14:59 info: GET /api/product/list
2026-08-09 15:14:59 info: GET /api/advisor/profile
2026-08-09 15:14:59 info: GET /api/product/list
2026-08-09 15:14:59 info: GET /api/advisor/profile
2026-08-09 15:14:59 info: GET /api/product/list
2026-08-09 15:14:59 info: GET /api/advisor/profile
2026-08-09 15:14:59 info: GET /api/advisor/profile
2026-08-09 15:14:59 info: GET /api/product/list
2026-08-09 15:14:59 info: GET /api/advisor/profile
2026-08-09 15:14:59 info: GET /api/product/list
2026-08-09 15:15:02 info: GET /api/product-order/list
2026-08-09 15:15:02 info: GET /api/product-order/list
2026-08-09 15:19:03 info: Server Started on port 4000
2026-08-09 15:20:49 info: GET /api/product/list
2026-08-09 15:20:49 info: GET /api/product/list
2026-08-09 15:20:52 info: GET /api/product-order/list
2026-08-09 15:20:52 info: GET /api/advisor/profile
2026-08-09 15:20:52 info: GET /api/advisor/profile
2026-08-09 15:20:52 info: GET /api/product-order/list
2026-08-09 15:20:52 info: GET /api/advisor/profile
2026-08-09 15:20:52 info: GET /api/advisor/profile
2026-08-09 15:20:52 info: GET /api/product-order/list
2026-08-09 15:37:19 info: POST /api/advisor/login
2026-08-09 15:37:19 info: GET /api/advisor/dashboard
2026-08-09 15:37:19 info: GET /api/advisor/profile
2026-08-09 15:37:25 info: GET /api/advisor/farmers
2026-08-09 15:43:58 info: POST /api/advisor/login
2026-08-09 15:43:58 info: GET /api/advisor/dashboard
2026-08-09 15:43:58 info: GET /api/advisor/profile
2026-08-09 15:48:44 info: Server Started on port 4000
2026-08-09 15:48:56 info: Server Started on port 4000
2026-08-09 15:49:13 info: Server Started on port 4000
2026-08-09 15:50:49 info: POST /api/advisor/forgot-password
2026-08-09 15:51:43 info: POST /api/advisor/reset-password
2026-08-09 15:51:54 info: POST /api/advisor/forgot-password
2026-08-09 15:52:22 info: POST /api/advisor/reset-password
2026-08-09 15:52:37 info: POST /api/advisor/login
2026-08-09 15:52:37 info: GET /api/advisor/dashboard
2026-08-09 15:52:37 info: GET /api/advisor/profile
2026-08-09 15:52:37 info: GET /api/advisor/profile
2026-08-09 15:52:38 info: GET /api/advisor/dashboard
2026-08-09 15:53:23 info: Server Started on port 4000
2026-08-09 15:53:37 info: Server Started on port 4000
2026-08-09 15:53:50 info: Server Started on port 4000
2026-08-09 15:54:11 info: Server Started on port 4000
2026-08-09 15:55:08 info: POST /api/advisor/forgot-password
2026-08-09 15:55:08 info: MOCK SMS Sent to 9510459100: Your Agriculture ERP password reset OTP is: 242249. Valid for 10 minutes.
2026-08-09 15:55:31 info: Server Started on port 4000
2026-08-09 15:57:16 info: Server Started on port 4000
2026-08-09 15:57:34 info: Server Started on port 4000
2026-08-09 15:58:56 info: POST /api/advisor/forgot-password
2026-08-09 15:58:57 info: MOCK SMS Sent to 9510459100: Your AgriIndia verification OTP for password reset is: 972835. Valid for 10 minutes.
2026-08-09 16:00:58 info: Server Started on port 4000
2026-08-09 16:02:49 info: POST /api/advisor/forgot-password
2026-08-09 16:03:20 info: POST /api/advisor/forgot-password
2026-08-09 16:03:56 info: Server Started on port 4000
2026-08-09 16:04:47 info: Server Started on port 4000
2026-08-09 16:05:25 info: POST /api/advisor/forgot-password
2026-08-09 16:05:26 info: MOCK SMS Sent to 9510459100: Your AgriIndia verification OTP is: 955193. Valid for 10 minutes.
2026-08-09 16:06:20 info: POST /api/advisor/register
2026-08-09 16:06:42 info: POST /api/advisor/forgot-password
2026-08-09 16:06:42 info: MOCK SMS Sent to 9898485650: Your AgriIndia verification OTP is: 288791. Valid for 10 minutes.
2026-08-09 16:07:15 info: Server Started on port 4000
2026-08-09 16:07:19 info: Server Started on port 4000
2026-08-09 16:07:28 info: POST /api/advisor/forgot-password
2026-08-09 16:12:38 info: POST /api/advisor/forgot-password
2026-08-09 16:13:00 info: POST /api/advisor/login
2026-08-09 16:13:04 info: POST /api/advisor/forgot-password
2026-08-09 16:13:46 info: POST /api/advisor/login
2026-08-09 16:13:46 info: GET /api/advisor/dashboard
2026-08-09 16:13:46 info: GET /api/advisor/profile
2026-08-09 16:13:46 info: GET /api/advisor/profile
2026-08-09 16:13:47 info: GET /api/advisor/dashboard
2026-08-09 16:14:58 info: GET /api/advisor/dashboard
2026-08-09 16:14:58 info: GET /api/advisor/profile
2026-08-09 16:14:58 info: GET /api/advisor/profile
2026-08-09 16:14:59 info: GET /api/advisor/dashboard
2026-08-09 16:14:59 info: GET /api/advisor/profile
2026-08-09 16:14:59 info: GET /api/advisor/profile
2026-08-09 16:14:59 info: GET /api/advisor/dashboard
2026-08-09 16:15:44 info: POST /api/advisor/login
2026-08-09 16:15:44 info: GET /api/advisor/dashboard
2026-08-09 16:15:44 info: GET /api/advisor/profile
2026-08-09 16:15:44 info: GET /api/advisor/profile
2026-08-09 16:15:44 info: GET /api/advisor/dashboard
2026-08-09 16:15:51 info: GET /api/advisor/farmers
2026-08-09 16:15:52 info: GET /api/advisor/farmers
2026-08-09 16:15:53 info: GET /api/product/list
2026-08-09 16:15:53 info: GET /api/product/list
2026-08-09 16:15:57 info: GET /api/product-order/list
2026-08-09 16:15:57 info: GET /api/product-order/list
2026-08-09 16:42:20 info: Server Started on port 4000
2026-08-09 17:19:22 info: Server Started on port 4000
2026-08-09 17:19:34 info: GET /api/admin/dashboard
2026-08-09 17:19:45 info: GET /api/admin/dashboard
2026-08-09 17:20:12 info: POST /api/advisor/login
2026-08-09 17:20:12 info: GET /api/advisor/dashboard
2026-08-09 17:20:12 info: GET /api/advisor/profile
2026-08-09 17:20:12 info: GET /api/advisor/profile
2026-08-09 17:20:13 info: GET /api/advisor/dashboard
2026-08-09 17:20:43 info: GET /api/product-order/list
2026-08-09 17:20:44 info: GET /api/product-order/list
2026-08-09 17:20:54 info: GET /api/advisor/dashboard
2026-08-09 17:20:55 info: GET /api/advisor/dashboard
2026-08-09 17:21:02 info: GET /api/advisor/farmers
2026-08-09 17:21:02 info: GET /api/advisor/farmers
2026-08-09 17:21:45 info: GET /api/advisor/farmers
2026-08-09 17:21:45 info: GET /api/advisor/farmers
2026-08-09 17:21:53 info: POST /api/advisor/farmer
2026-08-09 17:21:53 info: POST /api/advisor/farmer
2026-08-09 17:23:16 info: GET /api/product/list
2026-08-09 17:23:17 info: GET /api/product/list
2026-08-09 17:23:39 info: POST /api/product/single
2026-08-09 17:23:39 info: POST /api/product/single
2026-08-09 17:23:51 info: GET /api/advisor/farmers
2026-08-09 17:24:22 info: POST /api/product-order/place
2026-08-09 17:24:31 info: GET /api/product-order/list
2026-08-09 17:24:32 info: GET /api/product-order/list
2026-08-09 17:25:37 info: POST /api/product-order/pay
2026-08-09 17:25:39 info: GET /api/product-order/list
2026-08-09 17:25:51 info: GET /api/product-order/list
2026-08-09 17:25:52 info: GET /api/product-order/list
2026-08-09 17:26:09 info: POST /api/admin/all-advisores
2026-08-09 17:26:09 info: POST /api/admin/all-advisores
2026-08-09 17:26:29 info: POST /api/admin/all-farmers
2026-08-09 17:26:29 info: POST /api/admin/all-farmers
2026-08-09 17:26:55 info: GET /api/product/list
2026-08-09 17:26:55 info: GET /api/product/list
2026-08-09 17:27:27 info: GET /api/admin/product-orders
2026-08-09 17:27:27 info: GET /api/admin/product-orders
2026-08-09 17:27:58 info: POST /api/admin/update-product-order-status
2026-08-09 17:27:58 info: GET /api/admin/product-orders
2026-08-09 17:28:40 info: GET /api/admin/product-orders
2026-08-09 17:28:40 info: GET /api/admin/product-orders
2026-08-09 17:29:00 info: POST /api/admin/all-advisores
2026-08-09 17:29:00 info: POST /api/admin/all-farmers
2026-08-09 17:29:00 info: POST /api/admin/all-advisores
2026-08-09 17:29:00 info: POST /api/admin/all-farmers
2026-08-09 17:29:00 info: GET /api/admin/product-orders
2026-08-09 17:29:02 info: GET /api/admin/product-orders
2026-08-09 17:31:36 info: Server Started on port 4000
2026-08-10 13:40:20 info: Server Started on port 4000
2026-08-10 13:40:33 info: GET /api/advisor/dashboard
2026-08-10 13:40:33 info: GET /api/advisor/profile
2026-08-10 13:40:34 info: GET /api/advisor/profile
2026-08-10 13:40:34 info: GET /api/advisor/dashboard
2026-08-10 13:40:42 info: GET /api/admin/dashboard
2026-08-10 13:40:42 info: GET /api/admin/dashboard
2026-08-10 13:40:46 info: GET /api/admin/dashboard
2026-08-10 13:40:47 info: GET /api/admin/dashboard
2026-08-10 13:40:47 info: GET /api/admin/dashboard
2026-08-10 13:40:47 info: GET /api/admin/dashboard
2026-08-10 13:40:47 info: GET /api/admin/dashboard
2026-08-10 13:40:49 info: GET /api/admin/dashboard
2026-08-10 13:41:01 info: GET /api/product-order/list
2026-08-10 13:41:01 info: GET /api/product-order/list
2026-08-10 13:41:23 info: GET /api/product-order/list
2026-08-10 13:41:23 info: GET /api/product-order/list
2026-08-10 13:41:32 info: GET /api/product-order/list
2026-08-10 13:41:32 info: GET /api/product-order/list
2026-08-10 13:41:40 info: GET /api/product/list
2026-08-10 13:41:40 info: GET /api/product/list
2026-08-10 13:41:43 info: GET /api/admin/product-orders
2026-08-10 13:41:45 info: GET /api/admin/product-orders
2026-08-10 13:41:49 info: GET /api/admin/product-orders
2026-08-10 13:41:49 info: GET /api/admin/product-orders
2026-08-10 13:44:58 info: GET /api/product/list
2026-08-10 13:44:58 info: GET /api/product/list
2026-08-10 13:47:13 info: GET /api/product-order/list
2026-08-10 13:47:13 info: GET /api/advisor/profile
2026-08-10 13:47:13 info: GET /api/product-order/list
2026-08-10 13:47:13 info: GET /api/advisor/profile
2026-08-10 13:47:14 info: GET /api/product-order/list
2026-08-10 13:47:14 info: GET /api/advisor/profile
2026-08-10 13:47:14 info: GET /api/advisor/profile
2026-08-10 13:47:14 info: GET /api/product-order/list
2026-08-10 13:47:14 info: GET /api/product-order/list
2026-08-10 13:47:14 info: GET /api/advisor/profile
2026-08-10 13:47:15 info: GET /api/product/list
2026-08-10 13:47:15 info: GET /api/advisor/profile
2026-08-10 13:47:16 info: GET /api/product/list
2026-08-10 13:47:18 info: GET /api/product-order/list
2026-08-10 13:47:29 info: POST /api/product/single
2026-08-10 13:47:29 info: POST /api/product/single
2026-08-10 13:47:40 info: GET /api/product/list
2026-08-10 13:47:42 info: GET /api/product/list
2026-08-10 13:47:42 info: POST /api/product/single
2026-08-10 13:47:42 info: POST /api/product/single
2026-08-10 13:47:49 info: GET /api/product/list
2026-08-10 13:47:51 info: GET /api/product/list
2026-08-10 13:47:51 info: POST /api/product/single
2026-08-10 13:47:51 info: POST /api/product/single
2026-08-10 13:47:56 info: GET /api/advisor/farmers
2026-08-10 13:48:00 info: POST /api/product-order/place
2026-08-10 13:48:09 info: GET /api/product-order/list
2026-08-10 13:48:09 info: GET /api/product-order/list
2026-08-10 13:48:32 info: GET /api/product/list
2026-08-10 13:48:32 info: GET /api/product/list
2026-08-10 13:48:33 info: POST /api/product/single
2026-08-10 13:48:33 info: POST /api/product/single
2026-08-10 13:49:07 info: POST /api/product/single
2026-08-10 13:49:07 info: POST /api/product/single
2026-08-10 13:49:07 info: GET /api/advisor/profile
2026-08-10 13:49:07 info: GET /api/advisor/profile
2026-08-10 13:49:10 info: GET /api/product/list
2026-08-10 13:49:10 info: GET /api/product/list
2026-08-10 13:49:13 info: GET /api/product/list
2026-08-10 13:49:13 info: GET /api/advisor/profile
2026-08-10 13:49:13 info: GET /api/advisor/profile
2026-08-10 13:49:13 info: GET /api/product/list
2026-08-10 13:49:13 info: GET /api/advisor/profile
2026-08-10 13:49:13 info: GET /api/product/list
2026-08-10 13:49:13 info: GET /api/advisor/profile
2026-08-10 13:49:13 info: GET /api/advisor/profile
2026-08-10 13:49:13 info: GET /api/product/list
2026-08-10 13:49:13 info: GET /api/advisor/profile
2026-08-10 13:49:13 info: GET /api/product/list
2026-08-10 13:51:37 info: Server Started on port 4000
2026-08-10 13:51:46 info: Server Started on port 4000
2026-08-10 13:51:55 info: Server Started on port 4000
2026-08-10 13:53:38 info: GET /api/admin/product-orders
2026-08-10 13:53:53 info: GET /api/admin/product-orders
2026-08-10 13:54:17 info: GET /api/admin/product-orders
2026-08-10 13:54:18 info: GET /api/admin/product-orders
2026-08-10 13:54:24 info: GET /api/admin/product-orders
2026-08-10 13:54:25 info: GET /api/admin/product-orders
2026-08-10 13:54:26 info: GET /api/product/list
2026-08-10 13:54:28 info: POST /api/admin/all-farmers
2026-08-10 13:54:28 info: POST /api/admin/all-farmers
2026-08-10 13:54:29 info: GET /api/product/list
2026-08-10 13:54:29 info: POST /api/admin/all-farmers
2026-08-10 13:54:29 info: POST /api/admin/all-farmers
2026-08-10 13:54:30 info: POST /api/admin/all-farmers
2026-08-10 13:54:30 info: POST /api/admin/all-farmers
2026-08-10 13:54:30 info: POST /api/admin/all-farmers
2026-08-10 13:54:30 info: POST /api/admin/all-farmers
2026-08-10 13:54:30 info: POST /api/admin/all-farmers
2026-08-10 13:54:30 info: POST /api/admin/all-farmers
2026-08-10 13:54:30 info: POST /api/admin/all-farmers
2026-08-10 13:54:30 info: POST /api/admin/all-farmers
2026-08-10 13:54:32 info: GET /api/admin/product-orders
2026-08-10 13:54:33 info: GET /api/admin/product-orders
2026-08-10 13:54:46 info: GET /api/admin/product-orders
2026-08-10 13:54:46 info: GET /api/admin/product-orders
2026-08-10 13:54:54 info: POST /api/admin/all-advisores
2026-08-10 13:54:54 info: GET /api/admin/product-orders
2026-08-10 13:54:54 info: POST /api/admin/all-farmers
2026-08-10 13:54:54 info: POST /api/admin/all-advisores
2026-08-10 13:54:54 info: POST /api/admin/all-farmers
2026-08-10 13:54:55 info: GET /api/admin/product-orders
2026-08-10 13:55:03 info: GET /api/product-order/list
2026-08-10 13:55:03 info: GET /api/product-order/list
2026-08-10 13:55:07 info: POST /api/product-order/pay
2026-08-10 13:55:09 info: GET /api/product-order/list
2026-08-10 13:55:13 info: GET /api/admin/product-orders
2026-08-10 13:55:13 info: GET /api/admin/product-orders
2026-08-10 13:55:26 info: GET /api/product/list
2026-08-10 13:55:26 info: GET /api/product/list
2026-08-10 13:55:29 info: POST /api/product/single
2026-08-10 13:55:29 info: POST /api/product/single
2026-08-10 13:56:17 info: POST /api/product/update
2026-08-10 13:56:19 info: GET /api/product/list
2026-08-10 13:56:19 info: GET /api/product/list
2026-08-10 13:56:25 info: GET /api/product/list
2026-08-10 13:56:26 info: GET /api/product/list
2026-08-10 13:56:33 info: POST /api/product/single
2026-08-10 13:56:33 info: POST /api/product/single
2026-08-10 13:56:40 info: GET /api/product-order/list
2026-08-10 13:56:40 info: GET /api/product-order/list
2026-08-10 13:56:46 info: GET /api/product-order/list
2026-08-10 13:56:46 info: GET /api/product-order/list
2026-08-10 13:56:47 info: GET /api/product-order/list
2026-08-10 13:56:47 info: GET /api/product-order/list
2026-08-10 13:56:52 info: GET /api/product-order/list
2026-08-10 13:56:52 info: GET /api/product-order/list
2026-08-10 13:56:58 info: GET /api/admin/product-orders
2026-08-10 13:56:58 info: GET /api/admin/product-orders
2026-08-10 14:02:21 info: GET /api/product-order/list
2026-08-10 14:02:21 info: GET /api/advisor/profile
2026-08-10 14:02:22 info: GET /api/advisor/profile
2026-08-10 14:02:24 info: GET /api/product-order/list
2026-08-10 14:02:50 info: GET /api/product-order/list
2026-08-10 14:02:50 info: GET /api/advisor/profile
2026-08-10 14:04:18 info: GET /api/advisor/farmers
2026-08-10 14:04:20 info: GET /api/advisor/farmers
2026-08-10 14:04:23 info: GET /api/advisor/dashboard
2026-08-10 14:04:24 info: GET /api/advisor/dashboard
2026-08-10 14:04:26 info: GET /api/product/list
2026-08-10 14:04:26 info: GET /api/product/list
2026-08-10 14:04:28 info: POST /api/product/single
2026-08-10 14:04:28 info: POST /api/product/single
2026-08-10 14:04:31 info: GET /api/product/list
2026-08-10 14:04:31 info: GET /api/product/list
2026-08-10 14:04:40 info: GET /api/admin/product-orders
2026-08-10 14:04:41 info: GET /api/advisor/farmers
2026-08-10 14:04:42 info: GET /api/advisor/farmers
2026-08-10 14:04:43 info: GET /api/admin/product-orders
2026-08-10 14:04:57 info: POST /api/advisor/farmer
2026-08-10 14:04:57 info: POST /api/advisor/farmer
2026-08-10 14:05:48 info: GET /api/admin/product-orders
2026-08-10 14:06:08 info: POST /api/advisor/farmer
2026-08-10 14:06:08 info: GET /api/advisor/profile
2026-08-10 14:06:08 info: GET /api/admin/product-orders
2026-08-10 14:06:08 info: GET /api/admin/product-orders
2026-08-10 14:06:09 info: POST /api/advisor/farmer
2026-08-10 14:06:09 info: GET /api/advisor/profile
2026-08-10 14:06:09 info: POST /api/advisor/farmer
2026-08-10 14:06:10 info: GET /api/advisor/profile
2026-08-10 14:06:12 info: GET /api/admin/product-orders
2026-08-10 14:06:16 info: GET /api/advisor/dashboard
2026-08-10 14:06:20 info: GET /api/advisor/dashboard
2026-08-10 14:06:30 info: GET /api/advisor/farmers
2026-08-10 14:06:30 info: GET /api/advisor/farmers
2026-08-10 14:06:31 info: GET /api/product-order/list
2026-08-10 14:06:32 info: GET /api/product-order/list
2026-08-10 14:12:48 info: GET /api/product-order/list
2026-08-10 14:12:48 info: GET /api/advisor/profile
2026-08-10 14:12:48 info: GET /api/admin/product-orders
2026-08-10 14:12:48 info: GET /api/advisor/profile
2026-08-10 14:12:48 info: GET /api/product-order/list
2026-08-10 14:12:51 info: GET /api/admin/product-orders
2026-08-10 14:13:33 info: GET /api/admin/product-orders
2026-08-10 14:13:33 info: GET /api/admin/product-orders
2026-08-10 14:13:35 info: GET /api/admin/product-orders
2026-08-10 14:14:08 info: GET /api/admin/product-orders
2026-08-10 14:14:08 info: GET /api/admin/product-orders
2026-08-10 14:14:09 info: GET /api/admin/product-orders
2026-08-10 14:14:09 info: GET /api/admin/product-orders
2026-08-10 14:14:09 info: GET /api/admin/product-orders
2026-08-10 14:14:09 info: GET /api/admin/product-orders
2026-08-10 14:16:34 info: GET /api/admin/product-orders
2026-08-10 14:16:34 info: GET /api/admin/product-orders
2026-08-10 14:16:34 info: GET /api/admin/product-orders
2026-08-10 14:16:35 info: GET /api/admin/product-orders
2026-08-10 14:16:35 info: GET /api/admin/product-orders
2026-08-10 14:16:35 info: GET /api/admin/product-orders
2026-08-10 14:16:35 info: GET /api/admin/product-orders
2026-08-10 14:16:35 info: GET /api/admin/product-orders
2026-08-10 14:16:35 info: GET /api/admin/product-orders
2026-08-10 14:16:35 info: GET /api/admin/product-orders
2026-08-10 14:16:35 info: GET /api/admin/product-orders
2026-08-10 14:16:35 info: GET /api/admin/product-orders
2026-08-10 14:16:49 info: GET /api/admin/product-orders
2026-08-10 14:18:47 info: GET /api/admin/product-orders
2026-08-10 14:18:52 info: GET /api/admin/product-orders
2026-08-10 14:19:12 info: GET /api/admin/product-orders
2026-08-10 14:19:17 info: GET /api/admin/product-orders
2026-08-10 14:21:22 info: GET /api/advisor/dashboard
2026-08-10 14:21:22 info: GET /api/advisor/profile
2026-08-10 14:21:22 info: GET /api/advisor/profile
2026-08-10 14:21:22 info: GET /api/advisor/dashboard
2026-08-10 14:21:31 info: GET /api/advisor/dashboard
2026-08-10 14:21:31 info: GET /api/advisor/profile
2026-08-10 14:21:31 info: GET /api/advisor/dashboard
2026-08-10 14:21:31 info: GET /api/advisor/profile
2026-08-10 14:21:32 info: GET /api/advisor/profile
2026-08-10 14:21:32 info: GET /api/advisor/dashboard
2026-08-10 14:21:32 info: GET /api/advisor/profile
2026-08-10 14:21:32 info: GET /api/advisor/profile
2026-08-10 14:21:32 info: GET /api/advisor/dashboard
2026-08-10 14:22:31 info: GET /api/admin/dashboard
2026-08-10 14:22:33 info: GET /api/admin/dashboard
2026-08-10 14:22:47 info: POST /api/admin/all-farmers
2026-08-10 14:22:47 info: POST /api/admin/all-farmers
2026-08-10 14:22:48 info: GET /api/product/list
2026-08-10 14:22:48 info: GET /api/product/list
2026-08-10 14:22:48 info: GET /api/admin/product-orders
2026-08-10 14:22:50 info: GET /api/admin/product-orders
2026-08-10 14:27:34 info: Server Started on port 4000
2026-08-10 15:11:22 info: Server Started on port 4000
2026-08-10 15:11:35 info: GET /api/admin/dashboard
2026-08-10 15:11:36 info: GET /api/admin/dashboard
2026-08-10 15:11:41 info: GET /api/advisor/profile
2026-08-10 15:11:41 info: GET /api/advisor/dashboard
2026-08-10 15:11:41 info: GET /api/advisor/profile
2026-08-10 15:11:42 info: GET /api/advisor/dashboard
2026-08-10 15:12:47 info: GET /api/product/list
2026-08-10 15:12:47 info: GET /api/product/list
2026-08-10 15:12:50 info: POST /api/product/single
2026-08-10 15:12:50 info: POST /api/product/single
2026-08-10 15:12:58 info: GET /api/product/list
2026-08-10 15:12:58 info: GET /api/product/list
2026-08-10 15:13:05 info: GET /api/advisor/farmers
2026-08-10 15:13:08 info: GET /api/advisor/farmers
2026-08-10 15:13:09 info: GET /api/advisor/farmers
2026-08-10 15:13:17 info: POST /api/product/single
2026-08-10 15:13:17 info: POST /api/product/single
2026-08-10 15:13:25 info: GET /api/advisor/farmers
2026-08-10 15:13:25 info: GET /api/advisor/farmers
2026-08-10 15:13:28 info: POST /api/advisor/farmer
2026-08-10 15:13:28 info: POST /api/advisor/farmer
2026-08-10 15:16:23 info: Server Started on port 4000
2026-08-10 17:02:37 info: Server Started on port 4000
2026-08-10 17:02:42 info: GET /api/admin/dashboard
2026-08-10 17:02:43 info: GET /api/admin/dashboard
2026-08-10 17:03:32 info: POST /api/advisor/login
2026-08-10 17:03:32 info: GET /api/advisor/dashboard
2026-08-10 17:03:32 info: GET /api/advisor/profile
2026-08-10 17:03:32 info: GET /api/advisor/profile
2026-08-10 17:03:33 info: GET /api/advisor/dashboard
2026-08-10 17:03:48 info: GET /api/advisor/farmers
2026-08-10 17:03:48 info: GET /api/advisor/farmers
2026-08-10 17:03:51 info: POST /api/advisor/farmer
2026-08-10 17:03:51 info: POST /api/advisor/farmer
2026-08-10 17:04:04 info: GET /api/advisor/farmers
2026-08-10 17:04:04 info: GET /api/advisor/farmers
2026-08-10 17:04:10 info: GET /api/advisor/farmers
2026-08-10 17:04:10 info: GET /api/advisor/farmers
2026-08-10 17:04:28 info: GET /api/product/list
2026-08-10 17:04:28 info: GET /api/product/list
2026-08-10 17:04:31 info: POST /api/product/single
2026-08-10 17:04:31 info: POST /api/product/single
2026-08-10 17:04:40 info: GET /api/product/list
2026-08-10 17:04:40 info: GET /api/product/list
2026-08-10 17:04:44 info: POST /api/product/single
2026-08-10 17:04:44 info: POST /api/product/single
2026-08-10 17:04:54 info: GET /api/product-order/list
2026-08-10 17:04:55 info: GET /api/product-order/list
2026-08-10 17:05:23 info: GET /api/product-order/list
2026-08-10 17:05:23 info: GET /api/product-order/list
2026-08-10 17:05:25 info: GET /api/product-order/list
2026-08-10 17:05:25 info: GET /api/product-order/list
2026-08-10 17:05:28 info: GET /api/product/list
2026-08-10 17:05:28 info: GET /api/product/list
2026-08-10 17:05:30 info: GET /api/product-order/list
2026-08-10 17:05:30 info: GET /api/product-order/list
2026-08-10 17:06:09 info: GET /api/product/list
2026-08-10 17:06:09 info: GET /api/product/list
2026-08-10 17:06:26 info: POST /api/product/single
2026-08-10 17:06:26 info: POST /api/product/single
2026-08-10 17:06:31 info: GET /api/product/list
2026-08-10 17:06:31 info: GET /api/product/list
2026-08-10 17:06:35 info: GET /api/advisor/farmers
2026-08-10 17:06:35 info: GET /api/advisor/farmers
2026-08-10 17:06:39 info: GET /api/product/list
2026-08-10 17:06:39 info: GET /api/product/list
2026-08-10 17:06:44 info: GET /api/product-order/list
2026-08-10 17:06:44 info: GET /api/product-order/list
2026-08-10 17:06:45 info: GET /api/product-order/list
2026-08-10 17:06:45 info: GET /api/product-order/list
2026-08-10 17:06:56 info: GET /api/advisor/farmers
2026-08-10 17:06:56 info: GET /api/advisor/farmers
2026-08-10 17:07:03 info: GET /api/product/list
2026-08-10 17:07:03 info: GET /api/product/list
2026-08-10 17:07:03 info: POST /api/product/single
2026-08-10 17:07:03 info: POST /api/product/single
2026-08-10 17:07:13 info: GET /api/advisor/farmers
2026-08-10 17:07:21 info: GET /api/product-order/list
2026-08-10 17:07:21 info: GET /api/product-order/list
2026-08-10 17:07:36 info: GET /api/product/list
2026-08-10 17:07:37 info: GET /api/product/list
2026-08-10 17:07:37 info: POST /api/product/single
2026-08-10 17:07:37 info: POST /api/product/single
2026-08-10 17:07:40 info: GET /api/advisor/farmers
2026-08-10 17:07:58 info: GET /api/product-order/list
2026-08-10 17:07:58 info: GET /api/product-order/list
2026-08-10 17:08:06 info: GET /api/product-order/list
2026-08-10 17:08:06 info: GET /api/product-order/list
2026-08-10 17:08:13 info: GET /api/advisor/profile
2026-08-10 17:08:13 info: GET /api/advisor/profile
2026-08-10 17:08:17 info: GET /api/product-order/list
2026-08-10 17:08:18 info: GET /api/product-order/list
2026-08-10 17:08:31 info: Server Started on port 4000
2026-08-10 17:12:03 info: Server Started on port 4000
2026-08-10 17:12:26 info: GET /api/advisor/dashboard
2026-08-10 17:12:26 info: GET /api/advisor/profile
2026-08-10 17:12:27 info: GET /api/advisor/profile
2026-08-10 17:12:28 info: GET /api/advisor/dashboard
2026-08-10 17:12:29 info: GET /api/admin/dashboard
2026-08-10 17:12:29 info: GET /api/admin/dashboard
2026-08-10 17:12:47 info: GET /api/advisor/farmers
2026-08-10 17:12:47 info: GET /api/advisor/farmers
2026-08-10 17:13:22 info: POST /api/advisor/login
2026-08-10 17:13:23 info: GET /api/advisor/dashboard
2026-08-10 17:13:23 info: GET /api/advisor/profile
2026-08-10 17:13:23 info: GET /api/advisor/profile
2026-08-10 17:13:23 info: GET /api/advisor/dashboard
2026-08-10 17:13:30 info: GET /api/advisor/farmers
2026-08-10 17:13:31 info: GET /api/advisor/farmers
2026-08-10 17:13:41 info: GET /api/advisor/dashboard
2026-08-10 17:13:42 info: GET /api/advisor/dashboard
2026-08-10 17:13:52 info: GET /api/product-order/list
2026-08-10 17:13:53 info: GET /api/product-order/list
2026-08-10 17:14:06 info: GET /api/advisor/dashboard
2026-08-10 17:14:06 info: GET /api/advisor/dashboard
2026-08-10 17:14:18 info: GET /api/product-order/list
2026-08-10 17:14:18 info: GET /api/product-order/list
2026-08-10 17:14:19 info: GET /api/advisor/dashboard
2026-08-10 17:14:19 info: GET /api/advisor/dashboard
2026-08-10 17:14:23 info: GET /api/advisor/dashboard
2026-08-10 17:14:30 info: GET /api/advisor/farmers
2026-08-10 17:14:30 info: GET /api/advisor/farmers
2026-08-10 17:14:43 info: GET /api/advisor/farmers
2026-08-10 17:14:43 info: GET /api/advisor/farmers
2026-08-10 17:14:47 info: POST /api/advisor/farmer
2026-08-10 17:14:47 info: POST /api/advisor/farmer
2026-08-10 17:15:06 info: GET /api/advisor/farmers
2026-08-10 17:15:06 info: GET /api/advisor/farmers
2026-08-10 17:15:10 info: GET /api/product/list
2026-08-10 17:15:11 info: GET /api/product/list
2026-08-10 17:15:13 info: POST /api/product/single
2026-08-10 17:15:13 info: POST /api/product/single
2026-08-10 17:15:28 info: GET /api/advisor/farmers
2026-08-10 17:15:37 info: POST /api/product-order/place
2026-08-10 17:15:46 info: GET /api/product-order/list
2026-08-10 17:15:47 info: GET /api/product-order/list
2026-08-10 17:16:08 info: POST /api/product/single
2026-08-10 17:16:08 info: POST /api/product/single
2026-08-10 17:16:09 info: GET /api/product/list
2026-08-10 17:16:09 info: GET /api/product/list
2026-08-10 17:16:11 info: GET /api/advisor/farmers
2026-08-10 17:16:11 info: GET /api/advisor/farmers
2026-08-10 17:16:12 info: GET /api/advisor/dashboard
2026-08-10 17:16:12 info: GET /api/advisor/dashboard
2026-08-10 17:16:12 info: GET /api/product-order/list
2026-08-10 17:16:13 info: GET /api/product-order/list
2026-08-10 17:16:14 info: GET /api/advisor/dashboard
2026-08-10 17:16:14 info: GET /api/advisor/dashboard
2026-08-10 17:16:42 info: GET /api/advisor/farmers
2026-08-10 17:16:42 info: GET /api/advisor/farmers
2026-08-10 17:16:44 info: GET /api/product/list
2026-08-10 17:16:44 info: GET /api/product/list
2026-08-10 17:16:45 info: GET /api/product-order/list
2026-08-10 17:16:45 info: GET /api/product-order/list
2026-08-10 17:16:47 info: GET /api/product-order/list
2026-08-10 17:16:47 info: GET /api/product-order/list
2026-08-10 17:16:48 info: GET /api/product-order/list
2026-08-10 17:16:48 info: GET /api/product-order/list
2026-08-10 17:16:49 info: GET /api/product/list
2026-08-10 17:16:49 info: GET /api/product/list
2026-08-10 17:16:51 info: GET /api/advisor/farmers
2026-08-10 17:16:51 info: GET /api/advisor/farmers
2026-08-10 17:16:52 info: GET /api/advisor/dashboard
2026-08-10 17:16:52 info: GET /api/advisor/dashboard
2026-08-10 17:16:55 info: GET /api/product-order/list
2026-08-10 17:16:55 info: GET /api/product-order/list
2026-08-10 17:17:08 info: GET /api/admin/dashboard
2026-08-10 17:17:08 info: GET /api/admin/dashboard
2026-08-10 17:17:14 info: POST /api/admin/login
2026-08-10 17:17:20 info: POST /api/admin/login
2026-08-10 17:17:24 info: POST /api/admin/login
2026-08-10 17:17:31 info: POST /api/admin/login
2026-08-10 17:17:32 info: POST /api/admin/login
2026-08-10 17:18:05 info: POST /api/admin/login
2026-08-10 17:18:05 info: GET /api/admin/dashboard
2026-08-10 17:18:06 info: GET /api/admin/dashboard
2026-08-10 17:18:22 info: POST /api/admin/all-advisores
2026-08-10 17:18:22 info: POST /api/admin/all-advisores
2026-08-10 17:18:27 info: POST /api/admin/all-farmers
2026-08-10 17:18:27 info: POST /api/admin/all-farmers
2026-08-10 17:18:32 info: GET /api/product/list
2026-08-10 17:18:32 info: GET /api/product/list
2026-08-10 17:18:37 info: GET /api/admin/product-orders
2026-08-10 17:18:37 info: GET /api/admin/product-orders
2026-08-10 17:18:40 info: GET /api/product/list
2026-08-10 17:18:40 info: GET /api/product/list
2026-08-10 17:18:42 info: GET /api/admin/product-orders
2026-08-10 17:18:42 info: GET /api/admin/product-orders
2026-08-10 17:18:49 info: GET /api/admin/product-orders
2026-08-10 17:18:49 info: GET /api/admin/product-orders
2026-08-10 17:18:54 info: POST /api/admin/all-advisores
2026-08-10 17:18:54 info: GET /api/admin/product-orders
2026-08-10 17:18:54 info: POST /api/admin/all-farmers
2026-08-10 17:18:54 info: POST /api/admin/all-advisores
2026-08-10 17:18:54 info: POST /api/admin/all-farmers
2026-08-10 17:18:54 info: GET /api/admin/product-orders
2026-08-10 17:20:27 info: GET /api/advisor/farmers
2026-08-10 17:20:27 info: GET /api/advisor/farmers
2026-08-10 17:20:30 info: POST /api/advisor/farmer
2026-08-10 17:20:30 info: POST /api/advisor/farmer
2026-08-10 17:22:36 info: Server Started on port 4000
2026-08-10 17:22:41 info: Server Started on port 4000
2026-08-10 17:22:51 info: Server Started on port 4000
2026-08-10 17:23:00 info: Server Started on port 4000
2026-08-10 17:23:07 info: Server Started on port 4000
2026-08-10 17:23:20 info: POST /api/advisor/farmer
2026-08-10 17:26:59 info: Server Started on port 4000
2026-08-10 17:32:27 info: Server Started on port 4000
2026-08-10 17:32:28 info: POST /api/admin/login
2026-08-10 17:32:35 info: POST /api/admin/login
2026-08-10 17:32:53 info: POST /api/admin/login
2026-08-10 17:32:53 info: GET /api/admin/dashboard
2026-08-10 17:32:54 info: GET /api/admin/dashboard
2026-08-10 17:32:59 info: POST /api/advisor/login
2026-08-10 17:32:59 info: GET /api/advisor/dashboard
2026-08-10 17:32:59 info: GET /api/advisor/profile
2026-08-10 17:32:59 info: GET /api/advisor/profile
2026-08-10 17:33:00 info: GET /api/advisor/dashboard
2026-08-10 17:33:05 info: GET /api/advisor/farmers
2026-08-10 17:33:05 info: GET /api/advisor/farmers
2026-08-10 17:33:07 info: POST /api/advisor/farmer
2026-08-10 17:33:07 info: POST /api/advisor/farmer
2026-08-10 17:33:16 info: GET /api/advisor/farmers
2026-08-10 17:33:16 info: GET /api/advisor/farmers
2026-08-10 17:33:19 info: POST /api/advisor/farmer
2026-08-10 17:33:19 info: POST /api/advisor/farmer
2026-08-10 17:34:21 info: POST /api/advisor/update-farmer
2026-08-10 17:34:22 info: POST /api/advisor/farmer
2026-08-10 17:34:31 info: GET /api/admin/dashboard
2026-08-10 17:34:32 info: GET /api/admin/dashboard
2026-08-10 17:34:33 info: POST /api/admin/all-farmers
2026-08-10 17:34:33 info: POST /api/admin/all-farmers
2026-08-10 17:35:39 info: POST /api/admin/all-farmers
2026-08-10 17:35:39 info: POST /api/admin/all-farmers
2026-08-10 17:35:40 info: POST /api/admin/all-farmers
2026-08-10 17:35:40 info: POST /api/admin/all-farmers
2026-08-10 17:35:40 info: POST /api/admin/all-farmers
2026-08-10 17:35:40 info: POST /api/admin/all-farmers
2026-08-10 17:35:40 info: POST /api/admin/all-farmers
2026-08-10 17:35:40 info: POST /api/admin/all-farmers
2026-08-10 17:36:23 info: POST /api/advisor/farmer
2026-08-10 17:36:23 info: POST /api/advisor/farmer
2026-08-10 17:36:23 info: GET /api/advisor/profile
2026-08-10 17:36:23 info: GET /api/advisor/profile
2026-08-10 17:36:24 info: POST /api/advisor/farmer
2026-08-10 17:36:24 info: GET /api/advisor/profile
2026-08-10 17:36:24 info: POST /api/advisor/farmer
2026-08-10 17:36:24 info: GET /api/advisor/profile
2026-08-10 17:36:24 info: POST /api/advisor/farmer
2026-08-10 17:36:24 info: GET /api/advisor/profile
2026-08-10 17:36:24 info: POST /api/advisor/farmer
2026-08-10 17:36:24 info: GET /api/advisor/profile
2026-08-10 17:36:24 info: POST /api/advisor/farmer
2026-08-10 17:36:24 info: GET /api/advisor/profile
2026-08-10 17:36:24 info: POST /api/advisor/farmer
2026-08-10 17:36:24 info: GET /api/advisor/profile
2026-08-10 17:36:42 info: POST /api/advisor/update-farmer
2026-08-10 17:36:42 info: POST /api/advisor/farmer
2026-08-10 17:36:48 info: POST /api/admin/all-farmers
2026-08-10 17:36:48 info: POST /api/admin/all-farmers
2026-08-10 17:36:48 info: POST /api/admin/all-farmers
2026-08-10 17:36:48 info: POST /api/admin/all-farmers
2026-08-10 17:36:48 info: POST /api/admin/all-farmers
2026-08-10 17:36:48 info: POST /api/admin/all-farmers
2026-08-10 17:39:51 info: Server Started on port 4000
2026-08-10 17:40:05 info: POST /api/admin/all-farmers
2026-08-10 17:40:05 info: POST /api/admin/all-advisores
2026-08-10 17:40:32 info: POST /api/admin/all-farmers
2026-08-10 17:40:32 info: POST /api/admin/all-advisores
2026-08-10 17:40:32 info: POST /api/admin/all-farmers
2026-08-10 17:40:32 info: POST /api/admin/all-advisores
2026-08-10 17:40:32 info: POST /api/admin/all-farmers
2026-08-10 17:40:32 info: POST /api/admin/all-advisores
2026-08-10 17:40:32 info: POST /api/admin/all-farmers
2026-08-10 17:40:32 info: POST /api/admin/all-advisores
2026-08-10 17:40:33 info: POST /api/admin/all-farmers
2026-08-10 17:40:33 info: POST /api/admin/all-advisores
2026-08-10 17:40:33 info: POST /api/admin/all-farmers
2026-08-10 17:40:33 info: POST /api/admin/all-advisores
2026-08-10 17:40:33 info: POST /api/admin/all-farmers
2026-08-10 17:40:33 info: POST /api/admin/all-advisores
2026-08-10 17:40:33 info: POST /api/admin/all-farmers
2026-08-10 17:40:33 info: POST /api/admin/all-advisores
2026-08-10 17:40:33 info: POST /api/admin/all-farmers
2026-08-10 17:40:33 info: POST /api/admin/all-advisores
2026-08-10 17:40:33 info: POST /api/admin/all-farmers
2026-08-10 17:40:33 info: POST /api/admin/all-advisores
2026-08-10 17:40:34 info: POST /api/admin/all-farmers
2026-08-10 17:40:34 info: POST /api/admin/all-advisores
2026-08-10 17:40:34 info: POST /api/admin/all-farmers
2026-08-10 17:40:34 info: POST /api/admin/all-advisores
2026-08-10 17:40:34 info: POST /api/admin/all-farmers
2026-08-10 17:40:34 info: POST /api/admin/all-advisores
2026-08-10 17:40:34 info: POST /api/admin/all-farmers
2026-08-10 17:40:34 info: POST /api/admin/all-advisores
2026-08-10 17:40:34 info: POST /api/admin/all-farmers
2026-08-10 17:40:34 info: POST /api/admin/all-advisores
2026-08-10 17:40:34 info: POST /api/admin/all-farmers
2026-08-10 17:40:34 info: POST /api/admin/all-advisores
2026-08-10 17:40:34 info: POST /api/admin/all-farmers
2026-08-10 17:40:34 info: POST /api/admin/all-advisores
2026-08-10 17:40:34 info: POST /api/admin/all-farmers
2026-08-10 17:40:34 info: POST /api/admin/all-advisores
2026-08-10 17:40:34 info: POST /api/admin/all-farmers
2026-08-10 17:40:34 info: POST /api/admin/all-advisores
2026-08-10 17:40:34 info: POST /api/admin/all-farmers
2026-08-10 17:40:34 info: POST /api/admin/all-advisores
2026-08-10 17:40:35 info: POST /api/admin/all-farmers
2026-08-10 17:40:35 info: POST /api/admin/all-advisores
2026-08-10 17:40:35 info: POST /api/admin/all-farmers
2026-08-10 17:40:35 info: POST /api/admin/all-advisores
2026-08-10 17:41:00 info: GET /api/admin/dashboard
2026-08-10 17:41:01 info: GET /api/admin/dashboard
2026-08-10 17:41:05 info: POST /api/admin/all-farmers
2026-08-10 17:41:05 info: POST /api/admin/all-advisores
2026-08-10 17:41:05 info: POST /api/admin/all-farmers
2026-08-10 17:41:05 info: POST /api/admin/all-advisores
2026-08-10 17:41:11 info: POST /api/advisor/farmer
2026-08-10 17:41:11 info: GET /api/advisor/profile
2026-08-10 17:41:11 info: POST /api/advisor/farmer
2026-08-10 17:41:12 info: GET /api/advisor/profile
2026-08-10 17:41:12 info: POST /api/advisor/farmer
2026-08-10 17:41:12 info: POST /api/advisor/farmer
2026-08-10 17:41:12 info: GET /api/advisor/profile
2026-08-10 17:41:12 info: GET /api/advisor/profile
2026-08-10 17:41:20 info: POST /api/admin/all-farmers
2026-08-10 17:41:21 info: Server Started on port 4000
2026-08-10 17:41:21 info: POST /api/admin/all-farmers
2026-08-10 17:41:39 info: POST /api/advisor/farmer
2026-08-10 17:41:39 info: GET /api/advisor/profile
2026-08-10 17:41:39 info: POST /api/advisor/farmer
2026-08-10 17:41:39 info: GET /api/advisor/profile
2026-08-10 17:41:40 info: GET /api/advisor/profile
2026-08-10 17:41:40 info: POST /api/advisor/farmer
2026-08-10 17:41:40 info: POST /api/advisor/farmer
2026-08-10 17:41:40 info: GET /api/advisor/profile
2026-08-10 17:42:36 info: POST /api/admin/all-advisores
2026-08-10 17:42:36 info: POST /api/admin/all-advisores
2026-08-10 17:42:39 info: POST /api/admin/all-farmers
2026-08-10 17:42:39 info: POST /api/admin/all-farmers
2026-08-10 17:42:42 info: POST /api/admin/all-farmers
2026-08-10 17:43:10 info: POST /api/admin/all-farmers
2026-08-10 17:43:10 info: POST /api/admin/all-farmers
2026-08-10 17:43:10 info: POST /api/admin/all-farmers
2026-08-10 17:43:10 info: POST /api/admin/all-farmers
2026-08-10 17:43:21 info: POST /api/advisor/farmer
2026-08-10 17:43:21 info: POST /api/advisor/farmer
2026-08-10 17:43:21 info: GET /api/advisor/profile
2026-08-10 17:43:21 info: POST /api/advisor/farmer
2026-08-10 17:43:21 info: GET /api/advisor/profile
2026-08-10 17:43:21 info: POST /api/advisor/farmer
2026-08-10 17:43:21 info: GET /api/advisor/profile
2026-08-10 17:43:21 info: POST /api/advisor/farmer
2026-08-10 17:43:21 info: GET /api/advisor/profile
2026-08-10 17:43:21 info: POST /api/advisor/farmer
2026-08-10 17:43:22 info: GET /api/advisor/profile
2026-08-10 17:43:22 info: POST /api/advisor/farmer
2026-08-10 17:43:22 info: GET /api/advisor/profile
2026-08-10 17:43:22 info: POST /api/advisor/farmer
2026-08-10 17:43:22 info: GET /api/advisor/profile
2026-08-10 17:43:22 info: POST /api/advisor/farmer
2026-08-10 17:43:22 info: GET /api/advisor/profile
2026-08-10 17:43:22 info: POST /api/advisor/farmer
2026-08-10 17:43:22 info: POST /api/advisor/farmer
2026-08-10 17:43:22 info: GET /api/advisor/profile
2026-08-10 17:43:22 info: POST /api/advisor/farmer
2026-08-10 17:43:22 info: GET /api/advisor/profile
2026-08-10 17:43:22 info: POST /api/advisor/farmer
2026-08-10 17:43:22 info: GET /api/advisor/profile
2026-08-10 17:43:22 info: POST /api/advisor/farmer
2026-08-10 17:43:22 info: GET /api/advisor/profile
2026-08-10 17:43:22 info: POST /api/advisor/farmer
2026-08-10 17:43:22 info: POST /api/advisor/farmer
2026-08-10 17:43:22 info: GET /api/advisor/profile
2026-08-10 17:43:22 info: GET /api/advisor/profile
2026-08-10 17:43:22 info: POST /api/advisor/farmer
2026-08-10 17:43:22 info: GET /api/advisor/profile
2026-08-10 17:43:22 info: POST /api/advisor/farmer
2026-08-10 17:43:23 info: GET /api/advisor/profile
2026-08-10 17:43:23 info: POST /api/advisor/farmer
2026-08-10 17:43:23 info: GET /api/advisor/profile
2026-08-10 17:43:23 info: POST /api/advisor/farmer
2026-08-10 17:43:23 info: GET /api/advisor/profile
2026-08-10 17:43:23 info: POST /api/advisor/farmer
2026-08-10 17:43:23 info: POST /api/advisor/farmer
2026-08-10 17:43:23 info: GET /api/advisor/profile
2026-08-10 17:43:23 info: GET /api/advisor/profile
2026-08-10 17:43:24 info: POST /api/advisor/farmer
2026-08-10 17:43:24 info: GET /api/advisor/profile
2026-08-10 17:43:24 info: POST /api/advisor/farmer
2026-08-10 17:43:24 info: GET /api/advisor/profile
2026-08-10 17:43:24 info: POST /api/advisor/farmer
2026-08-10 17:43:24 info: GET /api/advisor/profile
2026-08-10 17:43:24 info: POST /api/advisor/farmer
2026-08-10 17:43:24 info: GET /api/advisor/profile
2026-08-10 17:43:24 info: POST /api/advisor/farmer
2026-08-10 17:43:24 info: GET /api/advisor/profile
2026-08-10 17:43:24 info: POST /api/advisor/farmer
2026-08-10 17:43:24 info: GET /api/advisor/profile
2026-08-10 17:43:24 info: POST /api/advisor/farmer
2026-08-10 17:43:24 info: GET /api/advisor/profile
2026-08-10 17:43:24 info: POST /api/advisor/farmer
2026-08-10 17:43:24 info: GET /api/advisor/profile
2026-08-10 17:43:24 info: POST /api/advisor/farmer
2026-08-10 17:43:24 info: GET /api/advisor/profile
2026-08-10 17:43:24 info: POST /api/advisor/farmer
2026-08-10 17:43:24 info: GET /api/advisor/profile
2026-08-10 17:43:24 info: POST /api/advisor/farmer
2026-08-10 17:43:24 info: GET /api/advisor/profile
2026-08-10 17:43:24 info: POST /api/advisor/farmer
2026-08-10 17:43:25 info: GET /api/advisor/profile
2026-08-10 17:47:17 info: POST /api/advisor/update-farmer
2026-08-10 17:47:17 info: POST /api/advisor/farmer
2026-08-10 17:47:20 info: POST /api/admin/all-farmers
2026-08-10 17:47:20 info: POST /api/admin/all-farmers
2026-08-10 17:47:20 info: POST /api/admin/all-farmers
2026-08-10 17:47:20 info: POST /api/admin/all-farmers
2026-08-10 17:50:39 info: POST /api/admin/all-farmers
2026-08-10 17:50:39 info: POST /api/admin/all-farmers
2026-08-10 17:50:44 info: POST /api/advisor/farmer
2026-08-10 17:50:44 info: POST /api/advisor/farmer
2026-08-10 17:50:44 info: GET /api/advisor/profile
2026-08-10 17:50:44 info: GET /api/advisor/profile
2026-08-10 17:50:59 info: POST /api/admin/all-farmers
2026-08-10 17:51:17 info: GET /api/product/list
2026-08-10 17:51:17 info: GET /api/product/list
2026-08-10 17:51:19 info: GET /api/admin/product-orders
2026-08-10 17:51:19 info: GET /api/admin/product-orders
2026-08-10 17:51:21 info: POST /api/admin/all-advisores
2026-08-10 17:51:21 info: POST /api/admin/all-advisores
2026-08-10 17:51:22 info: GET /api/admin/dashboard
2026-08-10 17:51:23 info: GET /api/admin/dashboard
2026-08-10 17:52:29 info: GET /api/admin/dashboard
2026-08-10 17:52:29 info: POST /api/advisor/farmer
2026-08-10 17:52:29 info: POST /api/advisor/farmer
2026-08-10 17:52:29 info: GET /api/advisor/profile
2026-08-10 17:52:29 info: GET /api/advisor/profile
2026-08-10 17:52:36 info: GET /api/admin/dashboard
2026-08-10 17:52:36 info: POST /api/advisor/farmer
2026-08-10 17:52:36 info: GET /api/advisor/profile
2026-08-10 17:52:36 info: POST /api/advisor/farmer
2026-08-10 17:52:36 info: GET /api/advisor/profile
2026-08-10 17:52:36 info: GET /api/admin/dashboard
2026-08-10 17:54:16 info: Server Started on port 4000
2026-08-11 10:22:04 info: Server Started on port 4000
2026-08-11 10:22:10 info: GET /api/admin/dashboard
2026-08-11 10:22:10 info: GET /api/admin/dashboard
2026-08-11 10:22:10 info: GET /api/admin/dashboard
2026-08-11 10:22:10 info: GET /api/admin/dashboard
2026-08-11 10:22:19 info: GET /api/advisor/profile
2026-08-11 10:22:19 info: GET /api/advisor/dashboard
2026-08-11 10:22:19 info: GET /api/advisor/profile
2026-08-11 10:22:20 info: GET /api/advisor/dashboard
2026-08-11 10:22:43 info: POST /api/advisor/login
2026-08-11 10:22:43 info: GET /api/advisor/dashboard
2026-08-11 10:22:43 info: GET /api/advisor/profile
2026-08-11 10:22:43 info: GET /api/advisor/profile
2026-08-11 10:22:44 info: GET /api/advisor/dashboard
2026-08-11 10:22:57 info: POST /api/admin/login
2026-08-11 10:22:57 info: GET /api/admin/dashboard
2026-08-11 10:22:57 info: GET /api/admin/dashboard
2026-08-11 10:23:25 info: GET /api/product-order/list
2026-08-11 10:23:26 info: GET /api/product-order/list
2026-08-11 10:23:27 info: GET /api/advisor/dashboard
2026-08-11 10:23:27 info: GET /api/advisor/dashboard
2026-08-11 10:23:41 info: GET /api/advisor/farmers
2026-08-11 10:23:41 info: GET /api/advisor/farmers
2026-08-11 10:23:47 info: POST /api/admin/all-advisores
2026-08-11 10:23:47 info: POST /api/admin/all-advisores
2026-08-11 10:24:23 info: POST /api/admin/all-farmers
2026-08-11 10:24:23 info: POST /api/admin/all-farmers
2026-08-11 10:24:36 info: GET /api/product/list
2026-08-11 10:24:36 info: GET /api/product/list
2026-08-11 10:24:44 info: GET /api/product/list
2026-08-11 10:24:44 info: GET /api/product/list
2026-08-11 10:24:53 info: POST /api/product/single
2026-08-11 10:24:53 info: POST /api/product/single
2026-08-11 10:25:13 info: GET /api/advisor/farmers
2026-08-11 10:25:13 info: GET /api/advisor/farmers
2026-08-11 10:25:17 info: POST /api/advisor/farmer
2026-08-11 10:25:17 info: POST /api/advisor/farmer
2026-08-11 10:26:08 info: GET /api/advisor/farmers
2026-08-11 10:26:08 info: GET /api/advisor/farmers
2026-08-11 10:29:16 info: GET /api/advisor/farmers
2026-08-11 10:29:16 info: GET /api/advisor/farmers
2026-08-11 10:29:19 info: GET /api/product/list
2026-08-11 10:29:19 info: GET /api/product/list
2026-08-11 10:29:26 info: POST /api/product/single
2026-08-11 10:29:26 info: POST /api/product/single
2026-08-11 10:29:28 info: GET /api/advisor/farmers
2026-08-11 10:29:33 info: POST /api/product-order/place
2026-08-11 10:29:38 info: GET /api/product-order/list
2026-08-11 10:29:39 info: GET /api/product-order/list
2026-08-11 10:30:35 info: GET /api/advisor/farmers
2026-08-11 10:30:35 info: GET /api/advisor/farmers
2026-08-11 10:31:19 info: GET /api/product/list
2026-08-11 10:31:19 info: GET /api/product/list
2026-08-11 10:31:28 info: POST /api/product/single
2026-08-11 10:31:28 info: POST /api/product/single
2026-08-11 10:31:34 info: GET /api/product-order/list
2026-08-11 10:31:34 info: GET /api/product-order/list
2026-08-11 10:35:49 info: GET /api/admin/product-orders
2026-08-11 10:35:50 info: GET /api/admin/product-orders
2026-08-11 10:37:13 info: GET /api/product/list
2026-08-11 10:37:13 info: GET /api/product/list
2026-08-11 10:37:14 info: POST /api/product/single
2026-08-11 10:37:14 info: POST /api/product/single
2026-08-11 10:37:20 info: GET /api/advisor/farmers
2026-08-11 10:37:25 info: POST /api/product-order/place
2026-08-11 10:37:36 info: POST /api/product/single
2026-08-11 10:37:36 info: GET /api/advisor/profile
2026-08-11 10:37:36 info: POST /api/product/single
2026-08-11 10:37:36 info: GET /api/advisor/profile
2026-08-11 10:38:03 info: GET /api/product/list
2026-08-11 10:38:03 info: GET /api/product/list
2026-08-11 10:38:13 info: POST /api/product/single
2026-08-11 10:38:13 info: POST /api/product/single
2026-08-11 10:45:34 info: GET /api/product/list
2026-08-11 10:45:34 info: GET /api/product/list
2026-08-11 10:49:20 info: GET /api/product/list
2026-08-11 10:49:20 info: GET /api/product/list
2026-08-11 10:53:33 info: GET /api/advisor/dashboard
2026-08-11 10:53:33 info: GET /api/advisor/dashboard
2026-08-11 10:54:38 info: GET /api/admin/product-orders
2026-08-11 10:54:39 info: GET /api/admin/product-orders
2026-08-11 10:54:43 info: GET /api/product-order/list
2026-08-11 10:54:43 info: GET /api/product-order/list
2026-08-11 10:54:50 info: POST /api/product-order/pay
2026-08-11 10:54:53 info: GET /api/product-order/list
2026-08-11 10:54:58 info: GET /api/admin/product-orders
2026-08-11 10:54:58 info: GET /api/admin/product-orders
2026-08-11 10:55:10 info: POST /api/admin/update-product-order-status
2026-08-11 10:55:10 info: GET /api/admin/product-orders
2026-08-11 10:58:09 info: GET /api/advisor/farmers
2026-08-11 10:58:09 info: GET /api/advisor/farmers
2026-08-11 11:04:34 info: Server Started on port 4000
2026-08-11 11:51:25 info: Server Started on port 4000
2026-08-11 11:51:37 info: GET /api/advisor/dashboard
2026-08-11 11:51:37 info: GET /api/advisor/profile
2026-08-11 11:51:43 info: GET /api/admin/dashboard
2026-08-11 11:51:47 info: GET /api/advisor/dashboard
2026-08-11 11:51:47 info: GET /api/advisor/profile
2026-08-11 11:51:53 info: GET /api/admin/dashboard
2026-08-11 11:51:55 error: UNHANDLED REJECTION! Shutting down...
2026-08-11 11:51:55 error: MongooseServerSelectionError: connect ECONNREFUSED 127.0.0.1:27017
2026-08-11 12:08:42 info: Server Started on port 4000
2026-08-11 12:08:47 info: POST /api/advisor/login
2026-08-11 12:08:48 info: GET /api/advisor/dashboard
2026-08-11 12:08:48 info: GET /api/advisor/profile
2026-08-11 12:08:48 info: GET /api/advisor/profile
2026-08-11 12:08:48 info: GET /api/advisor/dashboard
2026-08-11 12:09:19 info: POST /api/admin/login
2026-08-11 12:09:19 info: GET /api/admin/dashboard
2026-08-11 12:09:20 info: GET /api/admin/dashboard
2026-08-11 12:09:31 info: POST /api/admin/all-advisores
2026-08-11 12:09:31 info: POST /api/admin/all-advisores
2026-08-11 12:12:51 info: POST /api/advisor/forgot-password
2026-08-11 12:14:12 info: POST /api/advisor/login
2026-08-11 12:14:12 info: GET /api/advisor/dashboard
2026-08-11 12:14:12 info: GET /api/advisor/profile
2026-08-11 12:14:12 info: GET /api/advisor/profile
2026-08-11 12:14:12 info: GET /api/advisor/dashboard
2026-08-11 12:17:35 info: POST /api/advisor/login
2026-08-11 12:17:35 info: GET /api/advisor/dashboard
2026-08-11 12:17:35 info: GET /api/advisor/profile
2026-08-11 12:17:35 info: GET /api/advisor/profile
2026-08-11 12:17:35 info: GET /api/advisor/dashboard
2026-08-11 12:17:40 info: GET /api/advisor/farmers
2026-08-11 12:17:40 info: GET /api/advisor/farmers
2026-08-11 12:17:49 info: GET /api/advisor/farmers
2026-08-11 12:17:49 info: GET /api/advisor/farmers
2026-08-11 12:17:52 info: POST /api/advisor/farmer
2026-08-11 12:17:52 info: POST /api/advisor/farmer
2026-08-11 12:25:08 info: GET /api/product/list
2026-08-11 12:25:08 info: GET /api/product/list
2026-08-11 12:25:09 info: GET /api/product-order/list
2026-08-11 12:25:10 info: GET /api/product-order/list
2026-08-11 12:25:11 info: GET /api/product-order/list
2026-08-11 12:25:11 info: GET /api/product-order/list
2026-08-11 12:25:13 info: GET /api/product/list
2026-08-11 12:25:13 info: GET /api/product/list
2026-08-11 13:17:34 info: GET /api/product/list
2026-08-11 13:17:34 info: GET /api/advisor/profile
2026-08-11 13:17:34 info: GET /api/product/list
2026-08-11 13:17:34 info: GET /api/advisor/profile
2026-08-11 13:17:36 info: POST /api/admin/all-advisores
2026-08-11 13:17:36 info: POST /api/admin/all-advisores
2026-08-11 13:17:51 info: Server Started on port 4000
2026-08-11 13:18:04 info: Server Started on port 4000
2026-08-11 13:18:20 info: Server Started on port 4000
2026-08-11 13:21:08 info: POST /api/admin/all-advisores
2026-08-11 13:21:08 info: POST /api/admin/all-advisores
2026-08-11 13:21:14 info: Server Started on port 4000
2026-08-11 13:26:48 info: POST /api/admin/all-advisores
2026-08-11 13:26:48 info: POST /api/admin/all-advisores
2026-08-11 13:33:17 info: POST /api/admin/add-advisor
2026-08-11 13:33:57 info: POST /api/admin/add-advisor
2026-08-11 13:34:01 info: POST /api/admin/all-advisores
2026-08-11 13:34:01 info: POST /api/admin/all-advisores
2026-08-11 13:38:11 info: POST /api/advisor/login
2026-08-11 13:38:11 info: GET /api/advisor/dashboard
2026-08-11 13:38:11 info: GET /api/advisor/profile
2026-08-11 13:38:11 info: GET /api/advisor/profile
2026-08-11 13:38:11 info: GET /api/advisor/dashboard
2026-08-11 13:38:23 info: GET /api/advisor/profile
2026-08-11 13:38:23 info: GET /api/advisor/profile
2026-08-11 13:38:31 info: POST /api/advisor/update-profile
2026-08-11 13:38:35 info: POST /api/admin/all-advisores
2026-08-11 13:38:35 info: POST /api/admin/all-advisores
2026-08-11 13:38:35 info: POST /api/admin/all-advisores
2026-08-11 13:38:35 info: POST /api/admin/all-advisores
2026-08-11 13:38:35 info: POST /api/admin/all-advisores
2026-08-11 13:38:35 info: POST /api/admin/all-advisores
2026-08-11 13:38:36 info: POST /api/admin/all-advisores
2026-08-11 13:38:36 info: POST /api/admin/all-advisores
2026-08-11 13:38:36 info: POST /api/admin/all-advisores
2026-08-11 13:38:36 info: POST /api/admin/all-advisores
2026-08-11 13:38:36 info: POST /api/admin/all-advisores
2026-08-11 13:38:36 info: POST /api/admin/all-advisores
2026-08-11 13:38:36 info: POST /api/admin/all-advisores
2026-08-11 13:38:36 info: POST /api/admin/all-advisores
2026-08-11 13:38:36 info: POST /api/admin/all-advisores
2026-08-11 13:38:36 info: POST /api/admin/all-advisores
2026-08-11 13:38:44 info: GET /api/advisor/profile
2026-08-11 13:38:44 info: GET /api/advisor/profile
2026-08-11 13:38:44 info: GET /api/advisor/profile
2026-08-11 13:38:45 info: GET /api/advisor/profile
2026-08-11 13:38:45 info: GET /api/advisor/profile
2026-08-11 13:38:45 info: GET /api/advisor/profile
2026-08-11 13:38:45 info: GET /api/advisor/profile
2026-08-11 13:38:49 info: POST /api/advisor/update-profile
2026-08-11 13:38:51 info: GET /api/advisor/dashboard
2026-08-11 13:38:52 info: GET /api/advisor/dashboard
2026-08-11 13:39:23 info: POST /api/advisor/login
2026-08-11 13:39:35 info: POST /api/advisor/login
2026-08-11 13:39:41 info: POST /api/advisor/login
2026-08-11 13:39:47 info: POST /api/advisor/login
2026-08-11 13:39:49 info: POST /api/advisor/login
2026-08-11 13:39:49 info: GET /api/advisor/dashboard
2026-08-11 13:39:49 info: GET /api/advisor/profile
2026-08-11 13:39:49 info: GET /api/advisor/profile
2026-08-11 13:39:50 info: GET /api/advisor/dashboard
2026-08-11 13:40:20 info: POST /api/advisor/forgot-password
2026-08-11 13:40:45 info: POST /api/advisor/reset-password
2026-08-11 13:41:02 info: POST /api/advisor/login
2026-08-11 13:41:02 info: GET /api/advisor/dashboard
2026-08-11 13:41:02 info: GET /api/advisor/profile
2026-08-11 13:41:02 info: GET /api/advisor/profile
2026-08-11 13:41:02 info: GET /api/advisor/dashboard
2026-08-11 13:41:26 info: POST /api/advisor/login
2026-08-11 13:41:28 info: POST /api/advisor/login
2026-08-11 13:41:33 info: POST /api/advisor/login
2026-08-11 13:41:33 info: GET /api/advisor/dashboard
2026-08-11 13:41:33 info: GET /api/advisor/profile
2026-08-11 13:41:33 info: GET /api/advisor/profile
2026-08-11 13:41:33 info: GET /api/advisor/dashboard
2026-08-11 13:48:32 info: POST /api/admin/all-advisores
2026-08-11 13:48:32 info: POST /api/admin/all-advisores
2026-08-11 13:48:34 info: POST /api/admin/all-farmers
2026-08-11 13:48:34 info: POST /api/admin/all-farmers
2026-08-11 13:48:52 info: POST /api/admin/all-advisores
2026-08-11 13:48:52 info: POST /api/admin/all-advisores
2026-08-11 13:49:57 info: POST /api/admin/add-advisor
2026-08-11 13:49:59 info: POST /api/admin/all-advisores
2026-08-11 13:50:00 info: POST /api/admin/all-advisores
2026-08-11 13:50:17 info: POST /api/admin/all-advisores
2026-08-11 13:50:17 info: POST /api/admin/all-advisores
2026-08-11 13:50:40 info: POST /api/advisor/login
2026-08-11 13:50:40 info: GET /api/advisor/dashboard
2026-08-11 13:50:40 info: GET /api/advisor/profile
2026-08-11 13:50:40 info: GET /api/advisor/profile
2026-08-11 13:50:40 info: GET /api/advisor/dashboard
2026-08-11 13:50:47 info: GET /api/advisor/farmers
2026-08-11 13:50:47 info: GET /api/advisor/farmers
2026-08-11 13:50:53 info: GET /api/product/list
2026-08-11 13:50:53 info: GET /api/product/list
2026-08-11 13:50:55 info: GET /api/product-order/list
2026-08-11 13:50:55 info: GET /api/product-order/list
2026-08-11 13:50:56 info: GET /api/product-order/list
2026-08-11 13:50:56 info: GET /api/product-order/list
2026-08-11 13:51:03 info: GET /api/advisor/dashboard
2026-08-11 13:51:03 info: GET /api/advisor/dashboard
2026-08-11 13:51:04 info: GET /api/advisor/farmers
2026-08-11 13:51:04 info: GET /api/advisor/farmers
2026-08-11 13:51:05 info: GET /api/product/list
2026-08-11 13:51:05 info: GET /api/product/list
2026-08-11 13:51:05 info: GET /api/product-order/list
2026-08-11 13:51:05 info: GET /api/product-order/list
2026-08-11 13:59:14 info: POST /api/advisor/forgot-password
2026-08-11 14:01:29 info: POST /api/admin/all-advisores
2026-08-11 14:01:29 info: POST /api/admin/all-advisores
2026-08-11 14:02:24 info: Server Started on port 4000
2026-08-11 14:02:38 info: Server Started on port 4000
2026-08-11 14:03:21 info: POST /api/admin/all-advisores
2026-08-11 14:04:43 info: GET /api/admin/dashboard
2026-08-11 14:04:44 info: GET /api/admin/dashboard
2026-08-11 14:04:48 info: POST /api/admin/all-advisores
2026-08-11 14:04:48 info: POST /api/admin/all-advisores
2026-08-11 14:04:53 info: POST /api/admin/all-advisores
2026-08-11 14:04:53 info: POST /api/admin/all-advisores
2026-08-11 14:04:53 info: POST /api/admin/all-advisores
2026-08-11 14:04:53 info: POST /api/admin/all-advisores
2026-08-11 14:04:54 info: POST /api/admin/all-advisores
2026-08-11 14:04:54 info: POST /api/admin/all-advisores
2026-08-11 14:05:03 info: Server Started on port 4000
2026-08-11 14:05:04 info: POST /api/admin/all-advisores
2026-08-11 14:05:24 info: Server Started on port 4000
2026-08-11 14:05:30 info: Server Started on port 4000
2026-08-11 14:05:37 info: Server Started on port 4000
2026-08-11 14:05:43 info: POST /api/admin/all-advisores
2026-08-11 14:07:25 info: POST /api/admin/add-advisor
2026-08-11 14:07:37 info: POST /api/admin/add-advisor
2026-08-11 14:07:39 info: POST /api/admin/all-advisores
2026-08-11 14:07:39 info: POST /api/admin/all-advisores
2026-08-11 14:08:07 info: POST /api/advisor/login
2026-08-11 14:08:07 info: GET /api/advisor/dashboard
2026-08-11 14:08:07 info: GET /api/advisor/profile
2026-08-11 14:08:07 info: GET /api/advisor/profile
2026-08-11 14:08:07 info: GET /api/advisor/dashboard
2026-08-11 14:08:19 info: POST /api/advisor/forgot-password
2026-08-11 14:08:39 info: POST /api/advisor/reset-password
2026-08-11 14:08:51 info: POST /api/advisor/login
2026-08-11 14:08:51 info: GET /api/advisor/dashboard
2026-08-11 14:08:51 info: GET /api/advisor/profile
2026-08-11 14:08:51 info: GET /api/advisor/profile
2026-08-11 14:08:51 info: GET /api/advisor/dashboard
2026-08-11 14:09:06 info: POST /api/admin/all-advisores
2026-08-11 14:09:06 info: POST /api/admin/all-advisores
2026-08-11 14:09:32 info: POST /api/advisor/login
2026-08-11 14:09:34 info: POST /api/advisor/login
2026-08-11 14:09:42 info: POST /api/advisor/login
2026-08-11 14:09:43 info: POST /api/advisor/login
2026-08-11 14:09:44 info: GET /api/advisor/dashboard
2026-08-11 14:09:44 info: GET /api/advisor/profile
2026-08-11 14:09:44 info: GET /api/advisor/profile
2026-08-11 14:09:44 info: GET /api/advisor/dashboard
2026-08-11 14:12:50 info: GET /api/advisor/dashboard
2026-08-11 14:12:50 info: GET /api/advisor/profile
2026-08-11 14:12:50 info: GET /api/advisor/profile
2026-08-11 14:12:50 info: GET /api/advisor/dashboard
2026-08-11 14:13:43 info: Server Started on port 4000
2026-08-11 14:14:13 info: Server Started on port 4000
2026-08-11 14:14:21 info: Server Started on port 4000
2026-08-11 14:14:28 info: Server Started on port 4000
2026-08-11 14:15:07 info: GET /api/admin/dashboard
2026-08-11 14:15:07 info: GET /api/admin/dashboard
2026-08-11 14:15:07 info: GET /api/admin/dashboard
2026-08-11 14:15:07 info: GET /api/admin/dashboard
2026-08-11 14:15:07 info: GET /api/admin/dashboard
2026-08-11 14:15:07 info: GET /api/admin/dashboard
2026-08-11 14:15:12 info: POST /api/admin/all-advisores
2026-08-11 14:15:12 info: POST /api/admin/all-advisores
2026-08-11 14:17:20 info: GET /api/advisor/dashboard
2026-08-11 14:17:20 info: GET /api/advisor/profile
2026-08-11 14:17:20 info: GET /api/advisor/profile
2026-08-11 14:17:20 info: GET /api/advisor/dashboard
2026-08-11 14:17:23 info: GET /api/advisor/dashboard
2026-08-11 14:17:23 info: GET /api/advisor/profile
2026-08-11 14:17:23 info: GET /api/advisor/dashboard
2026-08-11 14:17:23 info: GET /api/advisor/profile
2026-08-11 14:18:27 info: Server Started on port 4000
2026-08-11 14:18:36 info: Server Started on port 4000
2026-08-11 14:18:51 info: POST /api/admin/all-advisores
2026-08-11 14:19:30 info: POST /api/admin/all-advisores
2026-08-11 14:19:30 info: POST /api/admin/all-advisores
2026-08-11 14:19:30 info: POST /api/admin/all-advisores
2026-08-11 14:19:30 info: POST /api/admin/all-advisores
2026-08-11 14:19:30 info: POST /api/admin/all-advisores
2026-08-11 14:19:30 info: POST /api/admin/all-advisores
2026-08-11 14:19:30 info: POST /api/admin/all-advisores
2026-08-11 14:19:30 info: POST /api/admin/all-advisores
2026-08-11 14:19:39 info: POST /api/admin/all-advisores
2026-08-11 14:19:39 info: POST /api/admin/all-advisores
2026-08-11 14:19:40 info: POST /api/admin/all-advisores
2026-08-11 14:19:40 info: POST /api/admin/all-advisores
2026-08-11 14:19:40 info: POST /api/admin/all-advisores
2026-08-11 14:19:40 info: POST /api/admin/all-advisores
2026-08-11 14:19:40 info: POST /api/admin/all-advisores
2026-08-11 14:19:40 info: POST /api/admin/all-advisores
2026-08-11 14:19:40 info: POST /api/admin/all-advisores
2026-08-11 14:19:40 info: POST /api/admin/all-advisores
2026-08-11 14:19:40 info: POST /api/admin/all-advisores
2026-08-11 14:19:40 info: POST /api/admin/all-advisores
2026-08-11 14:19:40 info: POST /api/admin/all-advisores
2026-08-11 14:19:40 info: POST /api/admin/all-advisores
2026-08-11 14:19:41 info: POST /api/admin/all-advisores
2026-08-11 14:19:41 info: POST /api/admin/all-advisores
2026-08-11 14:19:41 info: POST /api/admin/all-advisores
2026-08-11 14:19:41 info: POST /api/admin/all-advisores
2026-08-11 14:19:41 info: POST /api/admin/all-advisores
2026-08-11 14:19:41 info: POST /api/admin/all-advisores
2026-08-11 14:19:41 info: POST /api/admin/all-advisores
2026-08-11 14:19:41 info: POST /api/admin/all-advisores
2026-08-11 14:19:41 info: POST /api/admin/all-advisores
2026-08-11 14:19:41 info: POST /api/admin/all-advisores
2026-08-11 14:19:50 info: Server Started on port 4000
2026-08-11 14:19:50 info: POST /api/admin/all-advisores
2026-08-11 14:20:12 info: POST /api/admin/all-advisores
2026-08-11 14:20:14 info: Server Started on port 4000
2026-08-11 14:21:47 info: Server Started on port 4000
2026-08-11 14:21:52 info: Server Started on port 4000
2026-08-11 14:21:56 info: Server Started on port 4000
2026-08-11 14:22:05 info: POST /api/admin/all-advisores
2026-08-11 14:23:55 info: Server Started on port 4000
2026-08-11 14:24:05 info: Server Started on port 4000
2026-08-11 14:24:12 info: Server Started on port 4000
2026-08-11 14:24:19 info: Server Started on port 4000
2026-08-11 14:24:28 info: POST /api/admin/all-advisores
2026-08-11 14:25:02 info: Server Started on port 4000
2026-08-11 14:25:03 info: POST /api/admin/all-advisores
2026-08-11 14:25:50 info: POST /api/admin/add-advisor
2026-08-11 14:25:53 info: POST /api/admin/all-advisores
2026-08-11 14:25:53 info: POST /api/admin/all-advisores
2026-08-11 14:26:34 info: POST /api/advisor/forgot-password
2026-08-11 14:27:05 info: POST /api/advisor/reset-password
2026-08-11 14:27:12 info: POST /api/advisor/login
2026-08-11 14:27:22 info: POST /api/advisor/login
2026-08-11 14:27:22 info: GET /api/advisor/dashboard
2026-08-11 14:27:22 info: GET /api/advisor/profile
2026-08-11 14:27:22 info: GET /api/advisor/profile
2026-08-11 14:27:22 info: GET /api/advisor/dashboard
2026-08-11 14:28:00 info: POST /api/advisor/forgot-password
2026-08-11 14:28:21 info: POST /api/advisor/reset-password
2026-08-11 14:28:30 info: POST /api/advisor/login
2026-08-11 14:28:38 info: POST /api/advisor/login
2026-08-11 14:28:38 info: GET /api/advisor/dashboard
2026-08-11 14:28:38 info: GET /api/advisor/profile
2026-08-11 14:28:38 info: GET /api/advisor/profile
2026-08-11 14:28:38 info: GET /api/advisor/dashboard
2026-08-11 14:28:46 info: POST /api/admin/all-advisores
2026-08-11 14:28:46 info: POST /api/admin/all-advisores
2026-08-11 14:28:46 info: POST /api/admin/all-advisores
2026-08-11 14:28:46 info: POST /api/admin/all-advisores
2026-08-11 14:28:47 info: POST /api/admin/all-advisores
2026-08-11 14:28:47 info: POST /api/admin/all-advisores
2026-08-11 14:41:03 info: POST /api/admin/all-advisores
2026-08-11 14:41:03 info: POST /api/admin/all-advisores
2026-08-11 14:41:03 info: GET /api/advisor/dashboard
2026-08-11 14:41:03 info: GET /api/advisor/profile
2026-08-11 14:41:03 info: GET /api/advisor/dashboard
2026-08-11 14:41:03 info: GET /api/advisor/profile
2026-08-11 14:46:22 info: POST /api/advisor/forgot-password
2026-08-11 14:47:03 info: POST /api/advisor/reset-password
2026-08-11 14:47:08 info: POST /api/admin/all-advisores
2026-08-11 14:47:08 info: POST /api/admin/all-advisores
2026-08-11 14:47:08 info: POST /api/admin/all-advisores
2026-08-11 14:47:08 info: POST /api/admin/all-advisores
2026-08-11 14:47:09 info: POST /api/admin/all-advisores
2026-08-11 14:47:09 info: POST /api/admin/all-advisores
2026-08-11 14:47:23 info: POST /api/advisor/login
2026-08-11 14:47:23 info: GET /api/advisor/dashboard
2026-08-11 14:47:23 info: GET /api/advisor/profile
2026-08-11 14:47:23 info: GET /api/advisor/profile
2026-08-11 14:47:23 info: GET /api/advisor/dashboard
2026-08-11 14:47:25 info: GET /api/product-order/list
2026-08-11 14:47:25 info: GET /api/product-order/list
2026-08-11 14:52:11 info: GET /api/product-order/list
2026-08-11 14:52:11 info: GET /api/advisor/profile
2026-08-11 14:52:11 info: GET /api/advisor/profile
2026-08-11 14:52:11 info: GET /api/product-order/list
2026-08-11 14:52:11 info: GET /api/product-order/list
2026-08-11 14:52:11 info: GET /api/advisor/profile
2026-08-11 14:52:11 info: GET /api/advisor/profile
2026-08-11 14:52:11 info: GET /api/product-order/list
2026-08-11 14:52:16 info: POST /api/admin/all-advisores
2026-08-11 14:52:16 info: POST /api/admin/all-advisores
2026-08-11 14:52:16 info: POST /api/admin/all-advisores
2026-08-11 14:52:16 info: POST /api/admin/all-advisores
2026-08-11 14:52:16 info: POST /api/admin/all-advisores
2026-08-11 14:52:16 info: POST /api/admin/all-advisores
2026-08-11 14:52:16 info: POST /api/admin/all-advisores
2026-08-11 14:52:16 info: POST /api/admin/all-advisores
2026-08-11 14:54:07 info: POST /api/admin/all-advisores
2026-08-11 14:54:07 info: GET /api/admin/product-orders
2026-08-11 14:54:07 info: POST /api/admin/all-farmers
2026-08-11 14:54:07 info: POST /api/admin/all-advisores
2026-08-11 14:54:07 info: POST /api/admin/all-farmers
2026-08-11 14:54:07 info: GET /api/admin/product-orders
2026-08-11 14:56:40 info: POST /api/admin/all-advisores
2026-08-11 14:56:40 info: POST /api/admin/all-farmers
2026-08-11 14:56:40 info: GET /api/admin/product-orders
2026-08-11 14:58:35 info: GET /api/admin/product-orders
2026-08-11 14:58:36 info: GET /api/admin/product-orders
2026-08-11 14:58:37 info: GET /api/admin/product-orders
2026-08-11 14:58:37 info: GET /api/admin/product-orders
2026-08-11 15:11:24 info: GET /api/admin/product-orders
2026-08-11 15:11:24 info: GET /api/admin/product-orders
2026-08-11 15:11:25 info: GET /api/admin/product-orders
2026-08-11 15:11:25 info: POST /api/admin/all-advisores
2026-08-11 15:11:25 info: POST /api/admin/all-farmers
2026-08-11 15:11:25 info: POST /api/admin/all-advisores
2026-08-11 15:11:25 info: POST /api/admin/all-farmers
2026-08-11 15:11:25 info: GET /api/admin/product-orders
2026-08-11 15:15:04 info: GET /api/admin/dashboard
2026-08-11 15:15:05 info: GET /api/admin/dashboard
2026-08-11 15:15:08 info: POST /api/admin/all-farmers
2026-08-11 15:15:08 info: POST /api/admin/all-farmers
2026-08-11 15:17:00 info: GET /api/product/list
2026-08-11 15:17:00 info: GET /api/product/list
2026-08-11 15:17:04 info: POST /api/product/single
2026-08-11 15:17:04 info: POST /api/product/single
2026-08-11 15:18:31 info: GET /api/admin/product-orders
2026-08-11 15:18:31 info: GET /api/admin/product-orders
2026-08-11 15:23:46 info: GET /api/admin/product-orders
2026-08-11 15:23:46 info: GET /api/admin/product-orders
2026-08-11 15:24:18 info: POST /api/admin/all-advisores
2026-08-11 15:24:18 info: POST /api/admin/all-advisores
2026-08-11 15:24:27 info: POST /api/admin/all-advisores
2026-08-11 15:24:27 info: GET /api/admin/product-orders
2026-08-11 15:24:27 info: POST /api/admin/all-advisores
2026-08-11 15:24:27 info: POST /api/admin/all-farmers
2026-08-11 15:24:27 info: POST /api/admin/all-farmers
2026-08-11 15:24:27 info: GET /api/admin/product-orders
2026-08-11 15:24:41 info: GET /api/product/list
2026-08-11 15:24:41 info: GET /api/product/list
2026-08-11 15:24:46 info: POST /api/admin/all-advisores
2026-08-11 15:24:46 info: POST /api/admin/all-farmers
2026-08-11 15:24:46 info: GET /api/admin/product-orders
2026-08-11 15:24:46 info: POST /api/admin/all-advisores
2026-08-11 15:24:46 info: POST /api/admin/all-farmers
2026-08-11 15:24:47 info: GET /api/admin/product-orders
2026-08-11 15:25:06 info: GET /api/admin/product-orders
2026-08-11 15:25:06 info: POST /api/admin/all-advisores
2026-08-11 15:25:06 info: POST /api/admin/all-farmers
2026-08-11 15:25:06 info: POST /api/admin/all-advisores
2026-08-11 15:25:06 info: POST /api/admin/all-farmers
2026-08-11 15:25:06 info: POST /api/admin/all-advisores
2026-08-11 15:25:06 info: GET /api/admin/product-orders
2026-08-11 15:25:06 info: POST /api/admin/all-farmers
2026-08-11 15:25:06 info: POST /api/admin/all-advisores
2026-08-11 15:25:06 info: POST /api/admin/all-farmers
2026-08-11 15:25:06 info: GET /api/admin/product-orders
2026-08-11 15:25:06 info: POST /api/admin/all-advisores
2026-08-11 15:25:06 info: POST /api/admin/all-farmers
2026-08-11 15:25:06 info: POST /api/admin/all-advisores
2026-08-11 15:25:06 info: POST /api/admin/all-farmers
2026-08-11 15:25:07 info: GET /api/admin/product-orders
2026-08-11 15:25:48 info: GET /api/product/list
2026-08-11 15:25:48 info: GET /api/product/list
2026-08-11 15:25:55 info: POST /api/product/single
2026-08-11 15:25:55 info: POST /api/product/single
2026-08-11 15:25:57 info: GET /api/advisor/farmers
2026-08-11 15:26:03 info: GET /api/advisor/farmers
2026-08-11 15:26:03 info: GET /api/advisor/farmers
2026-08-11 15:26:33 info: POST /api/advisor/add-farmer
2026-08-11 15:26:46 info: POST /api/advisor/add-farmer
2026-08-11 15:26:49 info: GET /api/advisor/farmers
2026-08-11 15:26:49 info: GET /api/advisor/farmers
2026-08-11 15:26:50 info: POST /api/advisor/farmer
2026-08-11 15:26:50 info: POST /api/advisor/farmer
2026-08-11 15:26:53 info: GET /api/product/list
2026-08-11 15:26:53 info: GET /api/product/list
2026-08-11 15:26:54 info: POST /api/product/single
2026-08-11 15:26:54 info: POST /api/product/single
2026-08-11 15:26:56 info: GET /api/advisor/farmers
2026-08-11 15:27:00 info: GET /api/advisor/farmers
2026-08-11 15:27:05 info: GET /api/product/list
2026-08-11 15:27:05 info: GET /api/product/list
2026-08-11 15:27:06 info: POST /api/product/single
2026-08-11 15:27:06 info: POST /api/product/single
2026-08-11 15:27:08 info: GET /api/product/list
2026-08-11 15:27:08 info: GET /api/product/list
2026-08-11 15:27:14 info: GET /api/advisor/farmers
2026-08-11 15:27:20 info: GET /api/advisor/farmers
2026-08-11 15:27:20 info: GET /api/advisor/farmers
2026-08-11 15:27:25 info: POST /api/advisor/farmer
2026-08-11 15:27:25 info: POST /api/advisor/farmer
2026-08-11 15:27:31 info: GET /api/product/list
2026-08-11 15:27:31 info: GET /api/product/list
2026-08-11 15:27:36 info: POST /api/product/single
2026-08-11 15:27:36 info: POST /api/product/single
2026-08-11 15:27:39 info: GET /api/product/list
2026-08-11 15:27:39 info: GET /api/product/list
2026-08-11 15:27:44 info: GET /api/advisor/dashboard
2026-08-11 15:27:44 info: GET /api/advisor/dashboard
2026-08-11 15:28:09 info: GET /api/product/list
2026-08-11 15:28:09 info: GET /api/product/list
2026-08-11 15:28:10 info: POST /api/product/single
2026-08-11 15:28:10 info: POST /api/product/single
2026-08-11 15:28:13 info: GET /api/advisor/farmers
2026-08-11 15:28:16 info: POST /api/product-order/place
2026-08-11 15:28:19 info: GET /api/advisor/dashboard
2026-08-11 15:28:19 info: GET /api/advisor/dashboard
2026-08-11 15:28:28 info: GET /api/product-order/list
2026-08-11 15:28:28 info: GET /api/product-order/list
2026-08-11 15:28:29 info: GET /api/advisor/dashboard
2026-08-11 15:28:29 info: GET /api/advisor/dashboard
2026-08-11 15:28:31 info: GET /api/product-order/list
2026-08-11 15:28:31 info: GET /api/product-order/list
2026-08-11 15:29:32 info: POST /api/product-order/pay
2026-08-11 15:29:34 info: GET /api/product-order/list
2026-08-11 15:29:36 info: GET /api/product-order/list
2026-08-11 15:29:36 info: GET /api/product-order/list
2026-08-11 15:29:44 info: GET /api/admin/product-orders
2026-08-11 15:29:45 info: GET /api/admin/product-orders
2026-08-11 15:29:49 info: POST /api/admin/update-product-order-status
2026-08-11 15:29:49 info: GET /api/admin/product-orders
2026-08-11 15:30:22 info: GET /api/product-order/list
2026-08-11 15:30:22 info: GET /api/product-order/list
2026-08-11 15:30:42 info: GET /api/advisor/dashboard
2026-08-11 15:30:42 info: GET /api/advisor/dashboard
2026-08-11 15:31:00 info: POST /api/admin/all-advisores
2026-08-11 15:31:00 info: POST /api/admin/all-farmers
2026-08-11 15:31:00 info: GET /api/admin/product-orders
2026-08-11 15:31:00 info: POST /api/admin/all-advisores
2026-08-11 15:31:00 info: POST /api/admin/all-farmers
2026-08-11 15:31:00 info: GET /api/admin/product-orders
2026-08-11 15:33:20 info: GET /api/admin/product-orders
2026-08-11 15:33:20 info: GET /api/admin/product-orders
2026-08-11 15:35:03 info: GET /api/advisor/farmers
2026-08-11 15:35:03 info: GET /api/advisor/farmers
2026-08-11 15:35:03 info: GET /api/product-order/list
2026-08-11 15:35:03 info: GET /api/product-order/list
2026-08-11 15:37:06 info: Server Started on port 4000
2026-08-11 15:37:40 info: GET /api/product-order/list
2026-08-11 15:37:40 info: GET /api/advisor/profile
2026-08-11 15:37:40 info: GET /api/product-order/list
2026-08-11 15:37:40 info: GET /api/advisor/profile
2026-08-11 15:40:50 info: GET /api/advisor/farmers
2026-08-11 15:40:50 info: GET /api/advisor/farmers
2026-08-11 15:40:51 info: GET /api/advisor/dashboard
2026-08-11 15:40:51 info: GET /api/advisor/dashboard
2026-08-11 15:59:03 info: GET /api/admin/product-orders
2026-08-11 15:59:03 info: POST /api/admin/all-advisores
2026-08-11 15:59:03 info: POST /api/admin/all-farmers
2026-08-11 15:59:03 info: POST /api/admin/all-advisores
2026-08-11 15:59:03 info: POST /api/admin/all-farmers
2026-08-11 15:59:04 info: GET /api/admin/product-orders
2026-08-11 15:59:12 info: POST /api/admin/all-advisores
2026-08-11 15:59:12 info: POST /api/admin/all-advisores
2026-08-11 15:59:15 info: GET /api/admin/product-orders
2026-08-11 15:59:16 info: GET /api/admin/product-orders
2026-08-11 15:59:19 info: GET /api/admin/product-orders
2026-08-11 15:59:19 info: POST /api/admin/all-advisores
2026-08-11 15:59:19 info: POST /api/admin/all-farmers
2026-08-11 15:59:19 info: POST /api/admin/all-advisores
2026-08-11 15:59:19 info: POST /api/admin/all-farmers
2026-08-11 15:59:19 info: GET /api/admin/product-orders
2026-08-11 16:01:00 info: POST /api/admin/all-advisores
2026-08-11 16:01:00 info: GET /api/admin/product-orders
2026-08-11 16:01:00 info: POST /api/admin/all-farmers
2026-08-11 16:05:23 info: GET /api/admin/product-orders
2026-08-11 16:05:23 info: POST /api/admin/all-advisores
2026-08-11 16:05:23 info: GET /api/admin/product-orders
2026-08-11 16:05:23 info: POST /api/admin/all-advisores
2026-08-11 16:05:23 info: POST /api/admin/all-farmers
2026-08-11 16:05:23 info: POST /api/admin/all-advisores
2026-08-11 16:05:23 info: POST /api/admin/all-farmers
2026-08-11 16:05:23 info: GET /api/admin/product-orders
2026-08-11 16:05:23 info: GET /api/admin/product-orders
2026-08-11 16:05:23 info: POST /api/admin/all-advisores
2026-08-11 16:05:23 info: POST /api/admin/all-farmers
2026-08-11 16:05:23 info: POST /api/admin/all-advisores
2026-08-11 16:05:23 info: GET /api/admin/product-orders
2026-08-11 16:05:23 info: POST /api/admin/all-farmers
2026-08-11 16:10:51 info: POST /api/admin/all-farmers
2026-08-11 16:10:51 info: POST /api/admin/all-advisores
2026-08-11 16:10:51 info: GET /api/admin/product-orders
2026-08-11 16:14:31 info: GET /api/admin/product-orders
2026-08-11 16:14:31 info: POST /api/admin/all-advisores
2026-08-11 16:14:31 info: POST /api/admin/all-farmers
2026-08-11 16:20:28 info: GET /api/admin/product-orders
2026-08-11 16:20:28 info: GET /api/admin/product-orders
2026-08-11 16:20:29 info: GET /api/admin/product-orders
2026-08-11 16:20:30 info: GET /api/admin/product-orders
2026-08-11 16:20:30 info: GET /api/product/list
2026-08-11 16:20:30 info: GET /api/product/list
2026-08-11 16:20:34 info: POST /api/admin/all-farmers
2026-08-11 16:20:34 info: POST /api/admin/all-farmers
2026-08-11 16:20:34 info: POST /api/admin/all-advisores
2026-08-11 16:20:34 info: POST /api/admin/all-advisores
2026-08-11 16:20:35 info: GET /api/admin/dashboard
2026-08-11 16:20:35 info: GET /api/admin/dashboard
2026-08-11 16:20:39 info: POST /api/admin/all-farmers
2026-08-11 16:20:39 info: POST /api/admin/all-farmers
2026-08-11 16:20:40 info: POST /api/admin/all-advisores
2026-08-11 16:20:40 info: POST /api/admin/all-advisores
2026-08-11 16:21:38 info: POST /api/admin/all-farmers
2026-08-11 16:21:38 info: POST /api/admin/all-farmers
2026-08-11 16:23:30 info: GET /api/product/list
2026-08-11 16:23:30 info: GET /api/product/list
2026-08-11 16:23:42 info: GET /api/admin/dashboard
2026-08-11 16:23:42 info: GET /api/admin/dashboard
2026-08-11 16:23:45 info: POST /api/admin/all-farmers
2026-08-11 16:23:45 info: POST /api/admin/all-farmers
2026-08-11 16:30:05 info: POST /api/admin/all-advisores
2026-08-11 16:30:05 info: POST /api/admin/all-advisores
2026-08-11 16:31:44 info: GET /api/advisor/profile
2026-08-11 16:31:44 info: GET /api/advisor/profile
2026-08-11 16:31:49 info: POST /api/advisor/update-profile
2026-08-11 16:32:01 info: POST /api/admin/all-advisores
2026-08-11 16:32:01 info: POST /api/admin/all-advisores
2026-08-11 16:32:02 info: POST /api/admin/all-advisores
2026-08-11 16:32:02 info: POST /api/admin/all-advisores
2026-08-11 16:32:02 info: POST /api/admin/all-advisores
2026-08-11 16:32:02 info: POST /api/admin/all-advisores
2026-08-11 16:32:02 info: POST /api/admin/all-advisores
2026-08-11 16:32:02 info: POST /api/admin/all-advisores
2026-08-11 16:32:41 info: POST /api/advisor/update-profile
2026-08-11 16:32:52 info: POST /api/admin/all-advisores
2026-08-11 16:32:52 info: POST /api/admin/all-advisores
2026-08-11 16:32:52 info: POST /api/admin/all-advisores
2026-08-11 16:32:52 info: POST /api/admin/all-advisores
2026-08-11 16:32:52 info: POST /api/admin/all-advisores
2026-08-11 16:32:52 info: POST /api/admin/all-advisores
2026-08-11 16:35:27 info: Server Started on port 4000
2026-08-11 16:35:33 info: Server Started on port 4000
2026-08-11 16:35:49 info: POST /api/admin/all-advisores
2026-08-11 16:39:40 info: POST /api/advisor/update-profile
2026-08-11 16:39:43 info: GET /api/product/list
2026-08-11 16:39:43 info: GET /api/product/list
2026-08-11 16:39:44 info: POST /api/product/single
2026-08-11 16:39:44 info: POST /api/product/single
2026-08-11 16:39:45 info: GET /api/advisor/farmers
2026-08-11 16:39:58 info: POST /api/product-order/place
2026-08-11 16:40:24 info: Server Started on port 4000
2026-08-11 16:40:31 info: Server Started on port 4000
2026-08-11 16:41:10 info: GET /api/advisor/farmers
2026-08-11 16:41:16 info: POST /api/product/single
2026-08-11 16:41:16 info: GET /api/advisor/profile
2026-08-11 16:41:16 info: POST /api/product/single
2026-08-11 16:41:16 info: GET /api/advisor/profile
2026-08-11 16:41:16 info: POST /api/product/single
2026-08-11 16:41:16 info: GET /api/advisor/profile
2026-08-11 16:41:16 info: POST /api/product/single
2026-08-11 16:41:16 info: GET /api/advisor/profile
2026-08-11 16:41:16 info: POST /api/product/single
2026-08-11 16:41:16 info: POST /api/product/single
2026-08-11 16:41:16 info: GET /api/advisor/profile
2026-08-11 16:41:16 info: GET /api/advisor/profile
2026-08-11 16:41:19 info: GET /api/advisor/farmers
2026-08-11 16:41:23 info: POST /api/product-order/place
2026-08-11 16:41:34 info: GET /api/advisor/profile
2026-08-11 16:41:34 info: GET /api/advisor/profile
2026-08-11 16:41:36 info: POST /api/advisor/update-profile
2026-08-11 16:41:39 info: POST /api/admin/all-advisores
2026-08-11 16:41:39 info: POST /api/admin/all-advisores
2026-08-11 16:41:40 info: POST /api/admin/all-advisores
2026-08-11 16:41:40 info: POST /api/admin/all-advisores
2026-08-11 16:41:40 info: POST /api/admin/all-advisores
2026-08-11 16:41:40 info: POST /api/admin/all-advisores
2026-08-11 16:42:01 info: POST /api/admin/update-advisor
2026-08-11 16:42:03 info: POST /api/admin/all-advisores
2026-08-11 16:42:10 info: GET /api/advisor/profile
2026-08-11 16:42:10 info: GET /api/advisor/profile
2026-08-11 16:42:10 info: GET /api/advisor/profile
2026-08-11 16:42:10 info: GET /api/advisor/profile
2026-08-11 16:42:10 info: GET /api/advisor/profile
2026-08-11 16:42:10 info: GET /api/advisor/profile
2026-08-11 16:42:10 info: GET /api/advisor/profile
2026-08-11 16:42:10 info: GET /api/advisor/profile
2026-08-11 16:42:11 info: GET /api/advisor/profile
2026-08-11 16:42:11 info: GET /api/advisor/profile
2026-08-11 16:42:11 info: GET /api/advisor/profile
2026-08-11 16:42:11 info: GET /api/advisor/profile
2026-08-11 16:43:51 info: Server Started on port 4000
2026-08-11 16:44:11 info: GET /api/advisor/profile
2026-08-11 16:44:11 info: GET /api/advisor/profile
2026-08-11 16:44:11 info: GET /api/advisor/profile
2026-08-11 16:44:11 info: GET /api/advisor/profile
2026-08-11 16:44:11 info: GET /api/advisor/profile
2026-08-11 16:44:12 info: GET /api/advisor/profile
2026-08-11 16:44:12 info: GET /api/advisor/profile
2026-08-11 16:44:12 info: GET /api/advisor/profile
2026-08-11 16:44:12 info: GET /api/advisor/profile
2026-08-11 16:44:22 info: POST /api/admin/update-advisor
2026-08-11 16:44:23 info: POST /api/admin/all-advisores
2026-08-11 16:44:27 info: GET /api/advisor/profile
2026-08-11 16:44:27 info: GET /api/advisor/profile
2026-08-11 16:44:27 info: GET /api/advisor/profile
2026-08-11 16:44:27 info: GET /api/advisor/profile
2026-08-11 16:44:27 info: GET /api/advisor/profile
2026-08-11 16:44:27 info: GET /api/advisor/profile
2026-08-11 16:44:27 info: GET /api/advisor/profile
2026-08-11 16:44:27 info: GET /api/advisor/profile
2026-08-11 16:44:28 info: GET /api/advisor/profile
2026-08-11 16:44:28 info: GET /api/advisor/profile
2026-08-11 16:44:28 info: GET /api/advisor/profile
2026-08-11 16:44:50 info: POST /api/admin/update-advisor
2026-08-11 16:44:51 info: POST /api/admin/all-advisores
2026-08-11 16:45:01 info: GET /api/advisor/profile
2026-08-11 16:45:01 info: GET /api/advisor/profile
2026-08-11 16:45:01 info: GET /api/advisor/profile
2026-08-11 16:45:01 info: GET /api/advisor/profile
2026-08-11 16:45:01 info: GET /api/advisor/profile
2026-08-11 16:45:01 info: GET /api/advisor/profile
2026-08-11 16:45:01 info: GET /api/advisor/profile
2026-08-11 16:45:06 info: GET /api/product/list
2026-08-11 16:45:06 info: GET /api/product/list
2026-08-11 16:45:07 info: POST /api/product/single
2026-08-11 16:45:07 info: POST /api/product/single
2026-08-11 16:45:08 info: GET /api/advisor/farmers
2026-08-11 16:45:11 info: POST /api/product-order/place
2026-08-11 16:45:38 info: GET /api/product/list
2026-08-11 16:45:38 info: GET /api/product/list
2026-08-11 16:48:23 info: GET /api/advisor/dashboard
2026-08-11 16:48:23 info: GET /api/advisor/profile
2026-08-11 16:48:23 info: GET /api/advisor/profile
2026-08-11 16:48:23 info: GET /api/advisor/dashboard
2026-08-11 16:49:20 info: POST /api/admin/all-advisores
2026-08-11 16:49:20 info: POST /api/admin/all-advisores
2026-08-11 16:53:31 info: POST /api/admin/all-advisores
2026-08-11 16:53:31 info: POST /api/admin/all-advisores
2026-08-11 16:53:33 info: POST /api/admin/all-farmers
2026-08-11 16:53:33 info: POST /api/admin/all-farmers
2026-08-11 16:53:41 info: GET /api/product/list
2026-08-11 16:53:41 info: GET /api/product/list
2026-08-11 16:53:47 info: GET /api/admin/product-orders
2026-08-11 16:53:49 info: GET /api/admin/product-orders
2026-08-11 17:09:35 info: Server Started on port 4000
2026-08-11 17:09:43 info: Server Started on port 4000
2026-08-11 17:09:51 info: Server Started on port 4000
2026-08-11 17:10:00 info: Server Started on port 4000
2026-08-11 17:10:07 info: Server Started on port 4000
2026-08-11 17:10:20 info: GET /api/admin/advisor-locations
2026-08-11 17:10:27 info: GET /api/admin/advisor-locations
2026-08-11 17:10:32 info: GET /api/admin/advisor-locations
2026-08-11 17:10:36 info: GET /api/advisor/dashboard
2026-08-11 17:10:36 info: GET /api/advisor/profile
2026-08-11 17:10:38 info: GET /api/admin/advisor-locations
2026-08-11 17:10:44 info: GET /api/admin/advisor-locations
2026-08-11 17:10:50 info: GET /api/admin/advisor-locations
2026-08-11 17:10:57 info: GET /api/admin/advisor-locations
2026-08-11 17:11:03 info: GET /api/admin/advisor-locations
2026-08-11 17:11:09 info: GET /api/admin/advisor-locations
2026-08-11 17:11:15 info: GET /api/admin/advisor-locations
2026-08-11 17:11:21 info: GET /api/admin/advisor-locations
2026-08-11 17:11:27 info: GET /api/admin/advisor-locations
2026-08-11 17:11:33 info: GET /api/admin/advisor-locations
2026-08-11 17:11:39 info: GET /api/admin/advisor-locations
2026-08-11 17:11:45 info: GET /api/admin/advisor-locations
2026-08-11 17:11:51 info: GET /api/admin/advisor-locations
2026-08-11 17:12:32 info: GET /api/admin/advisor-locations
2026-08-11 17:12:36 info: POST /api/advisor/update-location
2026-08-11 17:12:36 info: POST /api/advisor/update-location
2026-08-11 17:12:38 info: GET /api/admin/advisor-locations
2026-08-11 17:12:44 info: GET /api/admin/advisor-locations
2026-08-11 17:12:50 info: GET /api/admin/advisor-locations
2026-08-11 17:12:56 info: GET /api/admin/advisor-locations
2026-08-11 17:13:02 info: GET /api/admin/advisor-locations
2026-08-11 17:13:08 info: GET /api/admin/advisor-locations
2026-08-11 17:13:14 info: GET /api/admin/advisor-locations
2026-08-11 17:13:20 info: GET /api/admin/advisor-locations
2026-08-11 17:13:27 info: POST /api/advisor/update-location
2026-08-11 17:13:27 info: GET /api/admin/advisor-locations
2026-08-11 17:13:32 info: GET /api/admin/advisor-locations
2026-08-11 17:13:38 info: GET /api/admin/advisor-locations
2026-08-11 17:13:44 info: GET /api/admin/advisor-locations
2026-08-11 17:13:50 info: GET /api/admin/advisor-locations
2026-08-11 17:13:56 info: GET /api/admin/advisor-locations
2026-08-11 17:14:02 info: GET /api/admin/advisor-locations
2026-08-11 17:14:08 info: GET /api/admin/advisor-locations
2026-08-11 17:14:14 info: GET /api/admin/advisor-locations
2026-08-11 17:14:20 info: GET /api/admin/advisor-locations
2026-08-11 17:14:26 info: GET /api/admin/advisor-locations
2026-08-11 17:14:32 info: GET /api/admin/advisor-locations
2026-08-11 17:14:37 info: GET /api/admin/advisor-locations
2026-08-11 17:14:37 info: GET /api/admin/advisor-locations
2026-08-11 17:14:38 info: GET /api/admin/advisor-locations
2026-08-11 17:14:38 info: GET /api/admin/advisor-locations
2026-08-11 17:14:38 info: GET /api/admin/advisor-locations
2026-08-11 17:14:38 info: GET /api/admin/advisor-locations
2026-08-11 17:14:38 info: GET /api/admin/advisor-locations
2026-08-11 17:14:44 info: GET /api/admin/advisor-locations
2026-08-11 17:14:49 info: GET /api/admin/advisor-locations
2026-08-11 17:14:49 info: GET /api/admin/advisor-locations
2026-08-11 17:14:49 info: GET /api/admin/advisor-locations
2026-08-11 17:14:50 info: GET /api/admin/advisor-locations
2026-08-11 17:14:50 info: GET /api/admin/advisor-locations
2026-08-11 17:14:57 info: GET /api/admin/advisor-locations
2026-08-11 17:14:57 info: GET /api/admin/advisor-locations
2026-08-11 17:14:57 info: GET /api/admin/advisor-locations
2026-08-11 17:14:57 info: GET /api/admin/advisor-locations
2026-08-11 17:14:57 info: GET /api/admin/advisor-locations
2026-08-11 17:14:57 info: GET /api/admin/advisor-locations
2026-08-11 17:15:03 info: GET /api/admin/advisor-locations
2026-08-11 17:15:09 info: GET /api/admin/advisor-locations
2026-08-11 17:15:15 info: GET /api/admin/advisor-locations
2026-08-11 17:15:21 info: GET /api/admin/advisor-locations
2026-08-11 17:15:27 info: GET /api/admin/advisor-locations
2026-08-11 17:15:33 info: GET /api/admin/advisor-locations
2026-08-11 17:15:39 info: GET /api/admin/advisor-locations
2026-08-11 17:15:45 info: GET /api/admin/advisor-locations
2026-08-11 17:15:51 info: GET /api/admin/advisor-locations
2026-08-11 17:15:57 info: GET /api/admin/advisor-locations
2026-08-11 17:16:03 info: GET /api/admin/advisor-locations
2026-08-11 17:16:09 info: GET /api/admin/advisor-locations
2026-08-11 17:16:15 info: GET /api/admin/advisor-locations
2026-08-11 17:16:21 info: GET /api/admin/advisor-locations
2026-08-11 17:16:27 info: GET /api/admin/advisor-locations
2026-08-11 17:16:33 info: GET /api/admin/advisor-locations
2026-08-11 17:16:39 info: GET /api/admin/advisor-locations
2026-08-11 17:16:45 info: GET /api/admin/advisor-locations
2026-08-11 17:16:51 info: GET /api/admin/advisor-locations
2026-08-11 17:16:57 info: GET /api/admin/advisor-locations
2026-08-11 17:17:03 info: GET /api/admin/advisor-locations
2026-08-11 17:17:09 info: GET /api/admin/advisor-locations
2026-08-11 17:17:15 info: GET /api/admin/advisor-locations
2026-08-11 17:17:21 info: GET /api/admin/advisor-locations
2026-08-11 17:17:27 info: GET /api/admin/advisor-locations
2026-08-11 17:17:33 info: GET /api/admin/advisor-locations
2026-08-11 17:17:39 info: GET /api/admin/advisor-locations
2026-08-11 17:17:45 info: GET /api/admin/advisor-locations
2026-08-11 17:17:51 info: GET /api/admin/advisor-locations
2026-08-11 17:17:57 info: GET /api/admin/advisor-locations
2026-08-11 17:18:03 info: GET /api/admin/advisor-locations
2026-08-11 17:18:09 info: GET /api/admin/advisor-locations
2026-08-11 17:18:15 info: GET /api/admin/advisor-locations
2026-08-11 17:18:21 info: GET /api/admin/advisor-locations
2026-08-11 17:18:27 info: GET /api/admin/advisor-locations
2026-08-11 17:18:33 info: GET /api/admin/advisor-locations
2026-08-11 17:18:39 info: GET /api/admin/advisor-locations
2026-08-11 17:18:45 info: GET /api/admin/advisor-locations
2026-08-11 17:18:51 info: GET /api/admin/advisor-locations
2026-08-11 17:18:57 info: GET /api/admin/advisor-locations
2026-08-11 17:19:03 info: GET /api/admin/advisor-locations
2026-08-11 17:19:09 info: GET /api/admin/advisor-locations
2026-08-11 17:19:15 info: GET /api/admin/advisor-locations
2026-08-11 17:19:21 info: GET /api/admin/advisor-locations
2026-08-11 17:19:27 info: GET /api/admin/advisor-locations
2026-08-11 17:19:33 info: GET /api/admin/advisor-locations
2026-08-11 17:19:39 info: GET /api/admin/advisor-locations
2026-08-11 17:19:45 info: GET /api/admin/advisor-locations
2026-08-11 17:19:51 info: GET /api/admin/advisor-locations
2026-08-11 17:19:57 info: GET /api/admin/advisor-locations
2026-08-11 17:20:04 info: GET /api/admin/advisor-locations
2026-08-11 17:20:04 info: POST /api/advisor/update-location
2026-08-11 17:20:10 info: GET /api/admin/advisor-locations
2026-08-11 17:20:16 info: GET /api/admin/advisor-locations
2026-08-11 17:20:20 info: POST /api/advisor/update-location
2026-08-11 17:20:22 info: GET /api/admin/advisor-locations
2026-08-11 17:20:28 info: GET /api/admin/advisor-locations
2026-08-11 17:20:34 info: GET /api/admin/advisor-locations
2026-08-11 17:20:35 info: POST /api/advisor/update-location
2026-08-11 17:20:40 info: GET /api/admin/advisor-locations
2026-08-11 17:20:46 info: GET /api/admin/advisor-locations
2026-08-11 17:20:50 info: POST /api/advisor/update-location
2026-08-11 17:20:52 info: GET /api/admin/advisor-locations
2026-08-11 17:20:54 info: GET /api/advisor/farmers
2026-08-11 17:20:54 info: GET /api/advisor/farmers
2026-08-11 17:20:58 info: GET /api/admin/advisor-locations
2026-08-11 17:21:05 info: POST /api/advisor/update-location
2026-08-11 17:21:20 info: POST /api/advisor/update-location
2026-08-11 17:21:29 info: GET /api/product/list
2026-08-11 17:21:29 info: GET /api/product/list
2026-08-11 17:21:45 info: GET /api/admin/advisor-locations
2026-08-11 17:21:48 info: POST /api/advisor/update-location
2026-08-11 17:21:55 info: POST /api/product/single
2026-08-11 17:21:55 info: POST /api/product/single
2026-08-11 17:21:57 info: GET /api/advisor/farmers
2026-08-11 17:22:04 info: POST /api/advisor/update-location
2026-08-11 17:22:45 info: GET /api/admin/advisor-locations
2026-08-11 17:23:11 info: POST /api/advisor/update-location
2026-08-11 17:23:16 info: POST /api/product-order/place
2026-08-11 17:23:23 info: GET /api/product-order/list
2026-08-11 17:23:23 info: GET /api/product-order/list
2026-08-11 17:23:37 info: POST /api/advisor/update-location
2026-08-11 17:23:45 info: GET /api/admin/advisor-locations
2026-08-11 17:24:06 info: GET /api/admin/advisor-locations
2026-08-11 17:24:09 info: GET /api/admin/product-orders
2026-08-11 17:24:10 info: GET /api/admin/product-orders
2026-08-11 17:26:37 info: POST /api/admin/all-advisores
2026-08-11 17:26:37 info: POST /api/admin/all-advisores
2026-08-11 17:27:46 info: POST /api/advisor/update-location
2026-08-11 17:28:02 info: POST /api/advisor/update-location
2026-08-11 17:28:33 info: POST /api/advisor/update-location
2026-08-11 17:29:02 info: POST /api/advisor/update-location
2026-08-11 17:29:48 info: POST /api/advisor/update-location
2026-08-11 17:30:19 info: POST /api/advisor/update-location
2026-08-11 17:31:04 info: POST /api/advisor/update-location
2026-08-11 17:31:10 info: GET /api/admin/advisor-locations
2026-08-11 17:31:10 info: GET /api/admin/advisor-locations
2026-08-11 17:31:16 info: GET /api/admin/advisor-locations
2026-08-11 17:31:22 info: GET /api/admin/advisor-locations
2026-08-11 17:31:28 info: GET /api/admin/advisor-locations
2026-08-11 17:31:34 info: GET /api/admin/advisor-locations
2026-08-11 17:31:40 info: GET /api/admin/advisor-locations
2026-08-11 17:31:46 info: GET /api/admin/advisor-locations
2026-08-11 17:31:52 info: GET /api/admin/advisor-locations
2026-08-11 17:31:58 info: GET /api/admin/advisor-locations
2026-08-11 17:32:04 info: GET /api/admin/advisor-locations
2026-08-11 17:32:09 info: POST /api/admin/all-advisores
2026-08-11 17:32:09 info: GET /api/admin/product-orders
2026-08-11 17:32:09 info: POST /api/admin/all-farmers
2026-08-11 17:32:09 info: POST /api/admin/all-advisores
2026-08-11 17:32:09 info: POST /api/admin/all-farmers
2026-08-11 17:32:09 info: GET /api/admin/product-orders
2026-08-11 17:32:10 info: GET /api/admin/product-orders
2026-08-11 17:32:11 info: GET /api/admin/product-orders
2026-08-11 17:32:15 info: GET /api/admin/product-orders
2026-08-11 17:32:15 info: POST /api/admin/all-advisores
2026-08-11 17:32:15 info: POST /api/admin/all-farmers
2026-08-11 17:32:15 info: POST /api/admin/all-advisores
2026-08-11 17:32:15 info: POST /api/admin/all-farmers
2026-08-11 17:32:16 info: GET /api/admin/product-orders
2026-08-11 17:34:50 info: GET /api/product/list
2026-08-11 17:34:50 info: GET /api/product/list
2026-08-11 17:35:20 info: POST /api/admin/all-advisores
2026-08-11 17:35:20 info: GET /api/admin/product-orders
2026-08-11 17:35:20 info: POST /api/admin/all-farmers
2026-08-11 17:35:20 info: POST /api/admin/all-advisores
2026-08-11 17:35:20 info: POST /api/admin/all-farmers
2026-08-11 17:35:22 info: GET /api/admin/product-orders
2026-08-11 17:35:47 info: GET /api/product/list
2026-08-11 17:35:47 info: GET /api/product/list
2026-08-11 17:35:54 info: POST /api/admin/all-advisores
2026-08-11 17:35:54 info: POST /api/admin/all-farmers
2026-08-11 17:35:54 info: GET /api/admin/product-orders
2026-08-11 17:35:54 info: POST /api/admin/all-advisores
2026-08-11 17:35:54 info: POST /api/admin/all-farmers
2026-08-11 17:35:55 info: GET /api/admin/product-orders
2026-08-11 17:37:02 info: GET /api/admin/dashboard
2026-08-11 17:37:02 info: GET /api/admin/dashboard
2026-08-11 17:37:04 info: GET /api/advisor/dashboard
2026-08-11 17:37:04 info: GET /api/advisor/dashboard
2026-08-11 17:37:06 info: GET /api/product-order/list
2026-08-11 17:37:06 info: GET /api/product-order/list
2026-08-11 17:37:07 info: POST /api/advisor/update-location
2026-08-11 17:37:22 info: POST /api/advisor/update-location
2026-08-11 17:37:38 info: POST /api/advisor/update-location
2026-08-11 17:37:52 info: POST /api/advisor/update-location
2026-08-11 17:38:08 info: POST /api/advisor/update-location
2026-08-11 17:39:24 info: POST /api/advisor/update-location
2026-08-11 17:39:43 info: POST /api/advisor/update-location
2026-08-11 17:39:49 info: POST /api/admin/all-advisores
2026-08-11 17:39:49 info: POST /api/admin/all-farmers
2026-08-11 17:39:49 info: POST /api/admin/all-advisores
2026-08-11 17:39:49 info: POST /api/admin/all-farmers
2026-08-11 17:39:49 info: GET /api/admin/product-orders
2026-08-11 17:39:49 info: GET /api/admin/product-orders
2026-08-11 18:01:42 info: GET /api/advisor/dashboard
2026-08-11 18:01:42 info: GET /api/advisor/profile
2026-08-11 18:03:06 info: POST /api/advisor/login
2026-08-11 18:03:06 info: GET /api/advisor/dashboard
2026-08-11 18:03:06 info: GET /api/advisor/profile
2026-08-11 18:03:22 info: GET /api/advisor/farmers
2026-08-11 18:03:23 info: GET /api/product/list
2026-08-11 18:03:24 info: GET /api/product-order/list
2026-08-11 18:03:27 info: GET /api/product-order/list
2026-08-11 18:05:45 info: GET /api/admin/product-orders
2026-08-11 18:05:46 info: GET /api/admin/product-orders
2026-08-11 18:05:47 info: POST /api/admin/all-farmers
2026-08-11 18:05:47 info: POST /api/admin/all-farmers
2026-08-11 18:06:22 info: POST /api/advisor/update-location
2026-08-11 18:06:38 info: POST /api/advisor/update-location
2026-08-11 18:06:52 info: POST /api/advisor/update-location
2026-08-11 18:07:07 info: POST /api/advisor/update-location
2026-08-11 18:07:36 info: POST /api/advisor/update-location
2026-08-11 18:08:20 info: POST /api/advisor/update-location
2026-08-11 18:08:51 info: POST /api/advisor/update-location
2026-08-11 18:38:51 info: GET /api/advisor/profile
2026-08-11 18:38:51 info: GET /api/advisor/dashboard
2026-08-11 18:41:42 info: POST /api/advisor/login
2026-08-11 18:41:42 info: GET /api/advisor/dashboard
2026-08-11 18:41:42 info: GET /api/advisor/profile
2026-08-11 18:41:42 info: GET /api/advisor/profile
2026-08-11 18:41:42 info: GET /api/advisor/dashboard
2026-08-11 18:41:45 info: POST /api/advisor/update-location
2026-08-11 18:41:45 info: POST /api/advisor/update-location
2026-08-11 18:41:45 info: POST /api/advisor/update-location
2026-08-11 18:41:48 info: GET /api/admin/advisor-locations
2026-08-11 18:41:48 info: GET /api/admin/advisor-locations
2026-08-11 18:41:54 info: GET /api/admin/advisor-locations
2026-08-11 18:42:00 info: GET /api/admin/advisor-locations
2026-08-11 18:42:06 info: GET /api/admin/advisor-locations
2026-08-11 18:42:08 info: GET /api/advisor/dashboard
2026-08-11 18:42:08 info: GET /api/advisor/profile
2026-08-11 18:42:08 info: GET /api/advisor/profile
2026-08-11 18:42:08 info: GET /api/advisor/dashboard
2026-08-11 18:42:12 info: GET /api/admin/advisor-locations
2026-08-11 18:42:13 info: POST /api/advisor/update-location
2026-08-11 18:42:13 info: POST /api/advisor/update-location
2026-08-11 18:42:13 info: POST /api/advisor/update-location
2026-08-11 18:42:18 info: GET /api/admin/advisor-locations
2026-08-11 18:42:24 info: GET /api/admin/advisor-locations
2026-08-11 18:42:28 info: POST /api/advisor/update-location
2026-08-11 18:42:30 info: GET /api/admin/advisor-locations
2026-08-11 18:42:36 info: GET /api/admin/advisor-locations
2026-08-11 18:42:42 info: GET /api/admin/advisor-locations
2026-08-11 18:42:48 info: GET /api/admin/advisor-locations
2026-08-11 18:42:54 info: GET /api/admin/advisor-locations
2026-08-11 18:43:00 info: GET /api/admin/advisor-locations
2026-08-11 18:43:06 info: GET /api/admin/advisor-locations
2026-08-11 18:43:12 info: GET /api/admin/advisor-locations
2026-08-11 18:43:15 info: POST /api/advisor/update-location
2026-08-11 18:43:18 info: GET /api/admin/advisor-locations
2026-08-11 18:43:24 info: GET /api/admin/advisor-locations
2026-08-11 18:43:30 info: GET /api/admin/advisor-locations
2026-08-11 18:43:36 info: GET /api/admin/advisor-locations
2026-08-11 18:43:42 info: GET /api/admin/advisor-locations
2026-08-11 18:43:48 info: GET /api/admin/advisor-locations
2026-08-11 18:43:54 info: GET /api/admin/advisor-locations
2026-08-11 18:44:00 info: GET /api/admin/advisor-locations
2026-08-11 18:44:06 info: GET /api/admin/advisor-locations
2026-08-11 18:44:12 info: GET /api/admin/advisor-locations
2026-08-11 18:44:14 info: POST /api/advisor/update-location
2026-08-11 18:44:18 info: GET /api/admin/advisor-locations
2026-08-11 18:44:30 info: POST /api/advisor/update-location
2026-08-11 18:44:45 info: GET /api/admin/advisor-locations
2026-08-11 18:45:15 info: GET /api/admin/advisor-locations
2026-08-11 18:45:15 info: POST /api/advisor/update-location
2026-08-11 18:45:18 info: GET /api/admin/advisor-locations
2026-08-11 18:45:24 info: GET /api/admin/advisor-locations
2026-08-11 18:45:30 info: GET /api/admin/advisor-locations
2026-08-11 18:45:36 info: GET /api/admin/advisor-locations
2026-08-11 18:45:42 info: GET /api/admin/advisor-locations
2026-08-11 18:45:47 info: POST /api/advisor/update-location
2026-08-11 18:45:48 info: GET /api/admin/advisor-locations
2026-08-11 18:45:54 info: GET /api/admin/advisor-locations
2026-08-11 18:46:00 info: GET /api/admin/advisor-locations
2026-08-11 18:46:06 info: GET /api/admin/advisor-locations
2026-08-11 18:46:12 info: GET /api/admin/advisor-locations
2026-08-11 18:46:17 info: POST /api/advisor/update-location
2026-08-11 18:46:18 info: GET /api/admin/advisor-locations
2026-08-11 18:46:24 info: GET /api/admin/advisor-locations
2026-08-11 18:46:30 info: GET /api/admin/advisor-locations
2026-08-11 18:46:45 info: GET /api/admin/advisor-locations
2026-08-11 18:46:48 info: POST /api/advisor/update-location
2026-08-11 18:47:45 info: GET /api/admin/advisor-locations
2026-08-11 18:47:48 info: POST /api/advisor/update-location
2026-08-11 18:48:45 info: GET /api/admin/advisor-locations
2026-08-11 18:49:33 info: POST /api/advisor/update-location
2026-08-11 18:49:45 info: GET /api/admin/advisor-locations
2026-08-11 18:50:04 info: POST /api/advisor/update-location
2026-08-11 18:50:17 info: POST /api/advisor/update-location
2026-08-11 18:50:31 info: Server Started on port 4000
2026-08-11 20:55:32 info: Server Started on port 4000
2026-08-11 20:55:40 info: GET /api/admin/dashboard
2026-08-11 20:55:42 info: GET /api/admin/dashboard
2026-08-11 20:55:54 info: GET /api/advisor/dashboard
2026-08-11 20:55:54 info: GET /api/advisor/profile
2026-08-11 20:55:54 info: GET /api/advisor/profile
2026-08-11 20:55:54 info: GET /api/advisor/dashboard
2026-08-11 20:56:08 info: GET /api/admin/advisor-locations
2026-08-11 20:56:09 info: GET /api/admin/advisor-locations
2026-08-11 20:56:15 info: GET /api/admin/advisor-locations
2026-08-11 20:56:15 info: GET /api/admin/advisor-locations
2026-08-11 20:56:22 info: GET /api/admin/advisor-locations
2026-08-11 20:56:22 info: GET /api/admin/advisor-locations
2026-08-11 20:56:29 info: GET /api/admin/advisor-locations
2026-08-11 20:56:29 info: GET /api/admin/advisor-locations
2026-08-11 20:56:35 info: GET /api/admin/advisor-locations
2026-08-11 20:56:41 info: GET /api/admin/advisor-locations
2026-08-11 20:56:44 info: GET /api/admin/advisor-locations
2026-08-11 20:56:44 info: GET /api/admin/advisor-locations
2026-08-11 20:56:54 info: GET /api/admin/dashboard
2026-08-11 20:56:54 info: GET /api/admin/dashboard
2026-08-11 20:56:59 info: GET /api/product/list
2026-08-11 20:56:59 info: GET /api/product/list
2026-08-11 20:57:01 info: GET /api/admin/product-orders
2026-08-11 20:57:02 info: GET /api/admin/product-orders
2026-08-11 20:57:05 info: GET /api/admin/advisor-locations
2026-08-11 20:57:05 info: GET /api/admin/advisor-locations
2026-08-11 20:57:10 info: GET /api/admin/advisor-locations
2026-08-11 20:57:10 info: GET /api/admin/advisor-locations
2026-08-11 20:57:16 info: GET /api/admin/advisor-locations
2026-08-11 20:57:18 info: GET /api/advisor/dashboard
2026-08-11 20:57:18 info: GET /api/advisor/profile
2026-08-11 20:57:18 info: GET /api/advisor/dashboard
2026-08-11 20:57:18 info: GET /api/advisor/profile
2026-08-11 20:57:18 info: POST /api/advisor/update-location
2026-08-11 20:57:18 info: POST /api/advisor/update-location
2026-08-11 20:57:18 info: POST /api/advisor/update-location
2026-08-11 20:57:22 info: GET /api/admin/advisor-locations
2026-08-11 20:57:28 info: GET /api/admin/advisor-locations
2026-08-11 20:57:33 info: POST /api/advisor/update-location
2026-08-11 20:57:34 info: GET /api/admin/advisor-locations
2026-08-11 21:03:11 info: GET /api/admin/advisor-locations
2026-08-11 21:03:11 info: GET /api/admin/advisor-locations
2026-08-11 21:03:17 info: GET /api/admin/advisor-locations
2026-08-11 21:03:23 info: GET /api/admin/advisor-locations
2026-08-11 21:03:29 info: GET /api/admin/advisor-locations
2026-08-11 21:03:38 info: GET /api/admin/product-orders
2026-08-11 21:03:38 info: GET /api/admin/product-orders
2026-08-11 21:03:42 info: GET /api/admin/advisor-locations
2026-08-11 21:03:43 info: GET /api/admin/advisor-locations
2026-08-11 21:03:46 info: Server Started on port 4000
2026-08-11 21:03:49 info: GET /api/admin/advisor-locations
2026-08-11 21:03:54 info: GET /api/admin/advisor-locations
2026-08-11 21:03:57 info: Server Started on port 4000
2026-08-11 21:04:01 info: GET /api/admin/advisor-locations
2026-08-11 21:04:06 info: GET /api/admin/advisor-locations
2026-08-11 21:04:07 info: GET /api/admin/advisor-locations
2026-08-11 21:04:13 info: GET /api/admin/advisor-locations
2026-08-11 21:04:19 info: GET /api/admin/advisor-locations
2026-08-11 21:04:25 info: GET /api/admin/advisor-locations
2026-08-11 21:04:31 info: GET /api/admin/advisor-locations
2026-08-11 21:04:37 info: GET /api/admin/advisor-locations
2026-08-11 21:04:39 info: GET /api/admin/advisor-locations
2026-08-11 21:04:46 info: GET /api/admin/advisor-locations
2026-08-11 21:04:52 info: GET /api/admin/advisor-locations
2026-08-11 21:04:58 info: GET /api/admin/advisor-locations
2026-08-11 21:05:04 info: GET /api/admin/advisor-locations
2026-08-11 21:05:10 info: GET /api/admin/advisor-locations
2026-08-11 21:05:30 info: GET /api/admin/advisor-locations
2026-08-11 21:05:33 info: GET /api/admin/advisor-locations
2026-08-11 21:05:33 info: GET /api/admin/advisor-locations
2026-08-11 21:05:39 info: GET /api/admin/advisor-locations
2026-08-11 21:05:42 info: POST /api/advisor/update-location
2026-08-11 21:05:44 info: GET /api/advisor/dashboard
2026-08-11 21:05:44 info: GET /api/advisor/profile
2026-08-11 21:05:44 info: GET /api/advisor/profile
2026-08-11 21:05:44 info: GET /api/advisor/dashboard
2026-08-11 21:05:44 info: POST /api/advisor/update-location
2026-08-11 21:05:44 info: POST /api/advisor/update-location
2026-08-11 21:05:44 info: POST /api/advisor/update-location
2026-08-11 21:05:45 info: GET /api/admin/advisor-locations
2026-08-11 21:05:47 info: POST /api/advisor/update-location
2026-08-11 21:05:51 info: GET /api/admin/advisor-locations
2026-08-11 21:05:57 info: GET /api/admin/advisor-locations
2026-08-11 21:06:03 info: GET /api/admin/advisor-locations
2026-08-11 21:06:09 info: GET /api/admin/advisor-locations
2026-08-11 21:06:15 info: GET /api/admin/advisor-locations
2026-08-11 21:06:21 info: GET /api/admin/advisor-locations
2026-08-11 21:06:27 info: GET /api/admin/advisor-locations
2026-08-11 21:06:33 info: GET /api/admin/advisor-locations
2026-08-11 21:06:39 info: GET /api/admin/advisor-locations
2026-08-11 21:06:45 info: GET /api/admin/advisor-locations
2026-08-11 21:06:51 info: GET /api/admin/advisor-locations
2026-08-11 21:06:57 info: GET /api/admin/advisor-locations
2026-08-11 21:07:03 info: GET /api/admin/advisor-locations
2026-08-11 21:07:09 info: GET /api/admin/advisor-locations
2026-08-11 21:07:15 info: GET /api/admin/advisor-locations
2026-08-11 21:07:21 info: GET /api/admin/advisor-locations
2026-08-11 21:07:27 info: GET /api/admin/advisor-locations
2026-08-12 11:01:08 info: Server Started on port 4000
2026-08-12 11:02:51 info: GET /api/advisor/profile
2026-08-12 11:02:51 info: GET /api/advisor/dashboard
2026-08-12 11:02:51 info: GET /api/advisor/profile
2026-08-12 11:02:51 info: GET /api/advisor/dashboard
2026-08-12 11:02:55 info: GET /api/admin/dashboard
2026-08-12 11:02:55 info: GET /api/admin/dashboard
2026-08-12 11:03:14 info: GET /api/advisor/dashboard
2026-08-12 11:03:14 info: GET /api/advisor/profile
2026-08-12 11:03:15 info: GET /api/advisor/profile
2026-08-12 11:03:15 info: GET /api/advisor/dashboard
2026-08-12 11:03:26 info: POST /api/advisor/login
2026-08-12 11:03:26 info: GET /api/advisor/dashboard
2026-08-12 11:03:26 info: GET /api/advisor/profile
2026-08-12 11:03:26 info: GET /api/advisor/profile
2026-08-12 11:03:27 info: GET /api/advisor/dashboard
2026-08-12 11:03:31 info: GET /api/advisor/dashboard
2026-08-12 11:03:32 info: GET /api/advisor/dashboard
2026-08-12 11:03:32 info: GET /api/advisor/dashboard
2026-08-12 11:03:32 info: GET /api/advisor/dashboard
2026-08-12 11:03:46 info: GET /api/admin/dashboard
2026-08-12 11:03:46 info: GET /api/admin/dashboard
2026-08-12 11:03:57 info: POST /api/admin/login
2026-08-12 11:03:57 info: GET /api/admin/dashboard
2026-08-12 11:03:57 info: GET /api/admin/dashboard
2026-08-12 11:04:01 info: GET /api/admin/advisor-locations
2026-08-12 11:04:01 info: GET /api/admin/advisor-locations
2026-08-12 11:04:07 info: GET /api/admin/advisor-locations
2026-08-12 11:04:13 info: GET /api/admin/advisor-locations
2026-08-12 11:04:19 info: GET /api/admin/advisor-locations
2026-08-12 11:04:20 info: GET /api/advisor/dashboard
2026-08-12 11:04:20 info: GET /api/advisor/profile
2026-08-12 11:04:20 info: GET /api/advisor/dashboard
2026-08-12 11:04:20 info: GET /api/advisor/profile
2026-08-12 11:04:25 info: GET /api/admin/advisor-locations
2026-08-12 11:04:31 info: GET /api/admin/advisor-locations
2026-08-12 11:04:32 info: GET /api/admin/advisor-locations
2026-08-12 11:04:32 info: GET /api/admin/advisor-locations
2026-08-12 11:04:38 info: GET /api/admin/advisor-locations
2026-08-12 11:04:44 info: GET /api/admin/advisor-locations
2026-08-12 11:04:50 info: GET /api/admin/advisor-locations
2026-08-12 11:04:56 info: GET /api/admin/advisor-locations
2026-08-12 11:04:59 info: GET /api/advisor/dashboard
2026-08-12 11:04:59 info: GET /api/advisor/profile
2026-08-12 11:04:59 info: GET /api/advisor/dashboard
2026-08-12 11:04:59 info: GET /api/advisor/profile
2026-08-12 11:04:59 info: POST /api/advisor/update-location
2026-08-12 11:04:59 info: POST /api/advisor/update-location
2026-08-12 11:04:59 info: POST /api/advisor/update-location
2026-08-12 11:05:02 info: GET /api/admin/advisor-locations
2026-08-12 11:05:08 info: GET /api/admin/advisor-locations
2026-08-12 11:05:09 info: GET /api/admin/advisor-locations
2026-08-12 11:05:09 info: GET /api/admin/advisor-locations
2026-08-12 11:05:10 info: GET /api/admin/advisor-locations
2026-08-12 11:05:10 info: GET /api/admin/advisor-locations
2026-08-12 11:05:11 info: GET /api/admin/advisor-locations
2026-08-12 11:05:11 info: GET /api/admin/advisor-locations
2026-08-12 11:05:11 info: GET /api/admin/advisor-locations
2026-08-12 11:05:12 info: GET /api/admin/advisor-locations
2026-08-12 11:05:12 info: GET /api/admin/advisor-locations
2026-08-12 11:05:12 info: GET /api/admin/advisor-locations
2026-08-12 11:05:18 info: GET /api/admin/advisor-locations
2026-08-12 11:05:24 info: GET /api/admin/advisor-locations
2026-08-12 11:05:30 info: GET /api/admin/advisor-locations
2026-08-12 11:05:36 info: GET /api/admin/advisor-locations
2026-08-12 11:05:42 info: GET /api/admin/advisor-locations
2026-08-12 11:05:48 info: GET /api/admin/advisor-locations
2026-08-12 11:05:54 info: GET /api/admin/advisor-locations
2026-08-12 11:06:00 info: GET /api/admin/advisor-locations
2026-08-12 11:06:06 info: GET /api/admin/advisor-locations
2026-08-12 11:06:12 info: GET /api/admin/advisor-locations
2026-08-12 11:06:18 info: GET /api/admin/advisor-locations
2026-08-12 11:06:24 info: GET /api/admin/advisor-locations
2026-08-12 11:06:30 info: GET /api/admin/advisor-locations
2026-08-12 11:06:36 info: GET /api/admin/advisor-locations
2026-08-12 11:06:42 info: GET /api/admin/advisor-locations
2026-08-12 11:06:48 info: GET /api/admin/advisor-locations
2026-08-12 11:06:54 info: GET /api/admin/advisor-locations
2026-08-12 11:07:00 info: GET /api/admin/advisor-locations
2026-08-12 11:07:06 info: GET /api/admin/advisor-locations
2026-08-12 11:07:12 info: GET /api/admin/advisor-locations
2026-08-12 11:07:13 info: GET /api/admin/advisor-locations
2026-08-12 11:07:13 info: GET /api/admin/advisor-locations
2026-08-12 11:07:14 info: GET /api/admin/advisor-locations
2026-08-12 11:07:14 info: GET /api/admin/advisor-locations
2026-08-12 11:07:14 info: GET /api/admin/advisor-locations
2026-08-12 11:07:14 info: GET /api/admin/advisor-locations
2026-08-12 11:07:15 info: GET /api/admin/advisor-locations
2026-08-12 11:07:15 info: GET /api/admin/advisor-locations
2026-08-12 11:07:15 info: GET /api/admin/advisor-locations
2026-08-12 11:07:15 info: GET /api/admin/advisor-locations
2026-08-12 11:07:18 info: GET /api/admin/advisor-locations
2026-08-12 11:07:24 info: GET /api/admin/advisor-locations
2026-08-12 11:07:30 info: GET /api/admin/advisor-locations
2026-08-12 11:07:36 info: GET /api/admin/advisor-locations
2026-08-12 11:07:41 info: GET /api/admin/advisor-locations
2026-08-12 11:07:41 info: GET /api/admin/advisor-locations
2026-08-12 11:07:47 info: GET /api/advisor/dashboard
2026-08-12 11:07:47 info: GET /api/advisor/profile
2026-08-12 11:07:47 info: GET /api/advisor/dashboard
2026-08-12 11:07:47 info: GET /api/advisor/profile
2026-08-12 11:07:47 info: POST /api/advisor/update-location
2026-08-12 11:07:47 info: POST /api/advisor/update-location
2026-08-12 11:07:47 info: POST /api/advisor/update-location
2026-08-12 11:07:47 info: GET /api/admin/advisor-locations
2026-08-12 11:07:53 info: GET /api/admin/advisor-locations
2026-08-12 11:07:59 info: GET /api/admin/advisor-locations
2026-08-12 11:08:05 info: GET /api/admin/advisor-locations
2026-08-12 11:08:11 info: GET /api/admin/advisor-locations
2026-08-12 11:08:15 info: POST /api/advisor/update-location
2026-08-12 11:08:17 info: GET /api/advisor/farmers
2026-08-12 11:08:17 info: GET /api/advisor/farmers
2026-08-12 11:08:17 info: GET /api/admin/advisor-locations
2026-08-12 11:08:20 info: POST /api/advisor/farmer
2026-08-12 11:08:20 info: POST /api/advisor/farmer
2026-08-12 11:08:23 info: GET /api/admin/advisor-locations
2026-08-12 11:08:29 info: GET /api/admin/advisor-locations
2026-08-12 11:08:31 info: POST /api/advisor/update-location
2026-08-12 11:08:35 info: GET /api/product/list
2026-08-12 11:08:35 info: GET /api/advisor/farmers
2026-08-12 11:08:35 info: GET /api/product/list
2026-08-12 11:08:35 info: GET /api/advisor/farmers
2026-08-12 11:08:35 info: GET /api/admin/advisor-locations
2026-08-12 11:08:41 info: GET /api/admin/advisor-locations
2026-08-12 11:08:44 info: GET /api/advisor/farmers
2026-08-12 11:08:47 info: GET /api/admin/advisor-locations
2026-08-12 11:08:53 info: GET /api/admin/advisor-locations
2026-08-12 11:08:59 info: GET /api/admin/advisor-locations
2026-08-12 11:09:05 info: GET /api/admin/advisor-locations
2026-08-12 11:09:11 info: GET /api/admin/advisor-locations
2026-08-12 11:09:16 info: GET /api/product-order/list
2026-08-12 11:09:16 info: GET /api/product-order/list
2026-08-12 11:09:17 info: GET /api/product-order/list
2026-08-12 11:09:18 info: GET /api/product-order/list
2026-08-12 11:09:38 info: GET /api/admin/advisor-locations
2026-08-12 11:10:38 info: GET /api/admin/advisor-locations
2026-08-12 11:11:38 info: GET /api/admin/advisor-locations
2026-08-12 11:12:38 info: GET /api/admin/advisor-locations
2026-08-12 11:13:38 info: GET /api/admin/advisor-locations
2026-08-12 11:14:38 info: GET /api/admin/advisor-locations
2026-08-12 11:16:14 info: Server Started on port 4000
2026-08-12 11:16:24 info: POST /api/advisor/forgot-password
2026-08-12 11:16:27 info: POST /api/advisor/forgot-password
2026-08-12 11:16:35 info: POST /api/advisor/forgot-password
2026-08-12 11:16:38 info: GET /api/admin/advisor-locations
2026-08-12 11:16:44 info: GET /api/admin/advisor-locations
2026-08-12 11:16:47 info: GET /api/admin/advisor-locations
2026-08-12 11:16:50 info: POST /api/admin/all-advisors
2026-08-12 11:16:50 info: POST /api/admin/all-advisors
2026-08-12 11:17:17 info: POST /api/admin/update-advisor
2026-08-12 11:17:19 info: POST /api/admin/all-advisors
2026-08-12 11:17:26 info: POST /api/advisor/forgot-password
2026-08-12 11:18:09 info: POST /api/admin/update-advisor
2026-08-12 11:18:11 info: POST /api/admin/all-advisors
2026-08-12 11:18:17 info: POST /api/advisor/forgot-password
2026-08-12 11:19:15 info: POST /api/admin/all-advisors
2026-08-12 11:19:15 info: POST /api/admin/all-advisors
2026-08-12 11:20:30 info: Server Started on port 4000
2026-08-12 11:20:39 info: Server Started on port 4000
2026-08-12 11:23:35 info: Server Started on port 4000
2026-08-12 11:32:57 info: Server Started on port 4000
2026-08-12 11:34:59 info: POST /api/admin/all-advisors
2026-08-12 11:36:45 info: Server Started on port 4000
2026-08-12 11:37:02 info: POST /api/admin/update-advisor
2026-08-12 11:37:05 info: POST /api/admin/all-advisors
2026-08-12 11:37:43 info: POST /api/admin/update-advisor
2026-08-12 11:37:45 info: POST /api/admin/all-advisors
2026-08-12 11:43:33 info: POST /api/admin/all-advisors
2026-08-12 11:43:33 info: POST /api/admin/all-advisors
2026-08-12 11:43:44 info: POST /api/admin/update-advisor
2026-08-12 11:43:47 info: POST /api/admin/all-advisors
2026-08-12 11:44:01 info: POST /api/admin/update-advisor
2026-08-12 11:44:04 info: POST /api/admin/all-advisors
2026-08-12 11:48:14 info: Server Started on port 4000
2026-08-12 11:48:14 info: POST /api/admin/all-advisors
2026-08-12 11:49:59 info: Server Started on port 4000
2026-08-12 11:50:22 info: POST /api/admin/all-advisors
2026-08-12 11:52:46 info: POST /api/admin/all-advisors
2026-08-12 11:52:48 info: Server Started on port 4000
2026-08-12 11:54:26 info: POST /api/advisor/login
2026-08-12 11:54:26 info: GET /api/advisor/dashboard
2026-08-12 11:54:26 info: GET /api/advisor/profile
2026-08-12 11:54:26 info: GET /api/advisor/profile
2026-08-12 11:54:27 info: GET /api/advisor/dashboard
2026-08-12 11:54:32 info: GET /api/admin/product-orders
2026-08-12 11:54:32 info: POST /api/admin/all-advisors
2026-08-12 11:54:32 info: POST /api/admin/all-farmers
2026-08-12 11:54:32 info: POST /api/admin/all-advisors
2026-08-12 11:54:32 info: POST /api/admin/all-farmers
2026-08-12 11:54:33 info: GET /api/admin/product-orders
2026-08-12 11:54:34 info: GET /api/admin/advisor-locations
2026-08-12 11:54:34 info: GET /api/admin/advisor-locations
2026-08-12 11:54:40 info: GET /api/admin/advisor-locations
2026-08-12 11:54:46 info: GET /api/admin/advisor-locations
2026-08-12 11:54:52 info: GET /api/admin/advisor-locations
2026-08-12 11:54:58 info: GET /api/admin/advisor-locations
2026-08-12 11:55:04 info: GET /api/admin/advisor-locations
2026-08-12 11:55:10 info: GET /api/admin/advisor-locations
2026-08-12 11:55:16 info: GET /api/admin/advisor-locations
2026-08-12 11:55:22 info: GET /api/admin/advisor-locations
2026-08-12 11:55:28 info: GET /api/admin/advisor-locations
2026-08-12 11:55:34 info: GET /api/admin/advisor-locations
2026-08-12 11:55:40 info: GET /api/admin/advisor-locations
2026-08-12 11:55:46 info: GET /api/admin/advisor-locations
2026-08-12 11:55:52 info: GET /api/admin/advisor-locations
2026-08-12 11:55:58 info: GET /api/admin/advisor-locations
2026-08-12 11:56:04 info: GET /api/admin/advisor-locations
2026-08-12 11:56:15 info: GET /api/admin/advisor-locations
2026-08-12 11:56:16 info: GET /api/admin/advisor-locations
2026-08-12 11:56:22 info: GET /api/admin/advisor-locations
2026-08-12 11:56:28 info: GET /api/admin/advisor-locations
2026-08-12 11:56:34 info: GET /api/admin/advisor-locations
2026-08-12 11:56:40 info: GET /api/admin/advisor-locations
2026-08-12 11:56:46 info: GET /api/admin/advisor-locations
2026-08-12 11:56:52 info: GET /api/admin/advisor-locations
2026-08-12 11:56:58 info: GET /api/admin/advisor-locations
2026-08-12 11:57:04 info: GET /api/admin/advisor-locations
2026-08-12 11:57:10 info: GET /api/admin/advisor-locations
2026-08-12 11:57:12 info: POST /api/advisor/update-location
2026-08-12 11:57:12 info: POST /api/advisor/update-location
2026-08-12 11:57:12 info: POST /api/advisor/update-location
2026-08-12 11:57:16 info: GET /api/admin/advisor-locations
2026-08-12 11:57:22 info: GET /api/admin/advisor-locations
2026-08-12 11:57:23 info: GET /api/admin/advisor-locations
2026-08-12 11:57:23 info: GET /api/admin/advisor-locations
2026-08-12 11:57:23 info: GET /api/admin/advisor-locations
2026-08-12 11:57:23 info: GET /api/admin/advisor-locations
2026-08-12 11:57:23 info: GET /api/admin/advisor-locations
2026-08-12 11:57:23 info: GET /api/admin/advisor-locations
2026-08-12 11:57:24 info: GET /api/admin/advisor-locations
2026-08-12 11:57:24 info: GET /api/admin/advisor-locations
2026-08-12 11:57:25 info: GET /api/admin/advisor-locations
2026-08-12 11:57:25 info: GET /api/admin/advisor-locations
2026-08-12 11:57:25 info: GET /api/admin/advisor-locations
2026-08-12 11:57:25 info: GET /api/admin/advisor-locations
2026-08-12 11:57:25 info: GET /api/admin/advisor-locations
2026-08-12 11:57:25 info: GET /api/admin/advisor-locations
2026-08-12 11:57:27 info: GET /api/admin/advisor-locations
2026-08-12 11:57:27 info: GET /api/admin/advisor-locations
2026-08-12 11:57:28 info: GET /api/admin/advisor-locations
2026-08-12 11:57:28 info: GET /api/admin/advisor-locations
2026-08-12 11:57:34 info: GET /api/admin/advisor-locations
2026-08-12 11:57:40 info: GET /api/admin/advisor-locations
2026-08-12 11:57:46 info: GET /api/admin/advisor-locations
2026-08-12 11:57:52 info: GET /api/admin/advisor-locations
2026-08-12 11:57:58 info: GET /api/admin/advisor-locations
2026-08-12 11:58:04 info: GET /api/admin/advisor-locations
2026-08-12 11:58:04 info: GET /api/admin/advisor-locations
2026-08-12 11:58:10 info: GET /api/admin/advisor-locations
2026-08-12 11:58:16 info: GET /api/admin/advisor-locations
2026-08-12 11:58:22 info: GET /api/admin/advisor-locations
2026-08-12 11:58:28 info: GET /api/admin/advisor-locations
2026-08-12 11:58:34 info: GET /api/admin/advisor-locations
2026-08-12 11:58:40 info: GET /api/admin/advisor-locations
2026-08-12 11:58:46 info: GET /api/admin/advisor-locations
2026-08-12 11:58:52 info: GET /api/admin/advisor-locations
2026-08-12 11:58:58 info: GET /api/admin/advisor-locations
2026-08-12 11:59:00 info: GET /api/admin/advisor-locations
2026-08-12 11:59:01 info: GET /api/admin/advisor-locations
2026-08-12 11:59:01 info: GET /api/admin/advisor-locations
2026-08-12 11:59:01 info: GET /api/admin/advisor-locations
2026-08-12 11:59:01 info: GET /api/admin/advisor-locations
2026-08-12 11:59:01 info: GET /api/admin/advisor-locations
2026-08-12 11:59:01 info: GET /api/admin/advisor-locations
2026-08-12 11:59:01 info: GET /api/admin/advisor-locations
2026-08-12 11:59:01 info: GET /api/admin/advisor-locations
2026-08-12 11:59:02 info: GET /api/admin/advisor-locations
2026-08-12 11:59:02 info: GET /api/admin/advisor-locations
2026-08-12 11:59:02 info: GET /api/admin/advisor-locations
2026-08-12 11:59:03 info: GET /api/admin/advisor-locations
2026-08-12 11:59:04 info: GET /api/admin/advisor-locations
2026-08-12 11:59:09 info: GET /api/admin/advisor-locations
2026-08-12 11:59:15 info: GET /api/admin/advisor-locations
2026-08-12 11:59:15 info: GET /api/admin/advisor-locations
2026-08-12 11:59:21 info: GET /api/admin/advisor-locations
2026-08-12 11:59:27 info: GET /api/admin/advisor-locations
2026-08-12 11:59:33 info: GET /api/admin/advisor-locations
2026-08-12 11:59:34 info: GET /api/advisor/farmers
2026-08-12 11:59:34 info: GET /api/advisor/farmers
2026-08-12 11:59:35 info: GET /api/advisor/farmers
2026-08-12 11:59:35 info: GET /api/product/list
2026-08-12 11:59:35 info: GET /api/product/list
2026-08-12 11:59:35 info: GET /api/advisor/farmers
2026-08-12 11:59:36 info: GET /api/product-order/list
2026-08-12 11:59:36 info: GET /api/product-order/list
2026-08-12 11:59:36 info: GET /api/product-order/list
2026-08-12 11:59:37 info: GET /api/product-order/list
2026-08-12 11:59:39 info: GET /api/admin/advisor-locations
2026-08-12 11:59:43 info: GET /api/product-order/list
2026-08-12 11:59:43 info: GET /api/product-order/list
2026-08-12 11:59:45 info: GET /api/admin/advisor-locations
2026-08-12 11:59:48 info: POST /api/admin/all-advisors
2026-08-12 11:59:48 info: POST /api/admin/all-farmers
2026-08-12 11:59:48 info: GET /api/admin/product-orders
2026-08-12 11:59:48 info: POST /api/admin/all-advisors
2026-08-12 11:59:48 info: POST /api/admin/all-farmers
2026-08-12 11:59:48 info: GET /api/admin/product-orders
2026-08-12 11:59:49 info: GET /api/admin/product-orders
2026-08-12 11:59:50 info: GET /api/admin/product-orders
2026-08-12 11:59:53 info: GET /api/admin/product-orders
2026-08-12 11:59:53 info: GET /api/admin/product-orders
2026-08-12 11:59:54 info: GET /api/product/list
2026-08-12 11:59:54 info: GET /api/product/list
2026-08-12 11:59:55 info: POST /api/admin/all-farmers
2026-08-12 11:59:55 info: POST /api/admin/all-farmers
2026-08-12 11:59:56 info: POST /api/admin/all-advisors
2026-08-12 11:59:56 info: POST /api/admin/all-advisors
2026-08-12 11:59:57 info: GET /api/admin/dashboard
2026-08-12 11:59:58 info: GET /api/admin/dashboard
2026-08-12 12:00:41 info: GET /api/product-order/list
2026-08-12 12:00:41 info: GET /api/advisor/profile
2026-08-12 12:00:41 info: GET /api/product-order/list
2026-08-12 12:00:41 info: GET /api/advisor/profile
2026-08-12 12:00:41 info: GET /api/product-order/list
2026-08-12 12:00:41 info: GET /api/advisor/profile
2026-08-12 12:00:41 info: GET /api/product-order/list
2026-08-12 12:00:41 info: GET /api/advisor/profile
2026-08-12 12:00:48 info: GET /api/admin/dashboard
2026-08-12 12:00:49 info: GET /api/admin/dashboard
2026-08-12 12:00:49 info: GET /api/admin/dashboard
2026-08-12 12:00:49 info: GET /api/admin/dashboard
2026-08-12 12:00:53 info: POST /api/admin/all-advisors
2026-08-12 12:00:53 info: POST /api/admin/all-advisors
2026-08-12 12:00:54 info: POST /api/admin/all-farmers
2026-08-12 12:00:54 info: POST /api/admin/all-farmers
2026-08-12 12:01:55 info: POST /api/admin/all-farmers
2026-08-12 12:01:55 info: POST /api/admin/all-farmers
2026-08-12 12:01:55 info: POST /api/admin/all-farmers
2026-08-12 12:01:55 info: POST /api/admin/all-farmers
2026-08-12 12:01:55 info: POST /api/admin/all-farmers
2026-08-12 12:01:55 info: POST /api/admin/all-farmers
2026-08-12 12:01:55 info: POST /api/admin/all-farmers
2026-08-12 12:01:55 info: POST /api/admin/all-farmers
2026-08-12 12:01:56 info: POST /api/admin/all-advisors
2026-08-12 12:01:56 info: POST /api/admin/all-advisors
2026-08-12 12:02:09 info: POST /api/advisor/login
2026-08-12 12:02:19 info: POST /api/advisor/forgot-password
2026-08-12 12:02:32 info: POST /api/advisor/login
2026-08-12 12:02:36 info: POST /api/advisor/forgot-password
2026-08-12 12:02:36 info: POST /api/advisor/forgot-password
2026-08-12 12:02:49 info: POST /api/advisor/login
2026-08-12 12:02:55 info: GET /api/product/list
2026-08-12 12:02:55 info: GET /api/product/list
2026-08-12 12:03:00 info: POST /api/admin/all-advisors
2026-08-12 12:03:00 info: POST /api/admin/all-advisors
2026-08-12 12:04:16 info: POST /api/admin/add-advisor
2026-08-12 12:04:19 info: POST /api/admin/all-advisors
2026-08-12 12:04:19 info: POST /api/admin/all-advisors
2026-08-12 12:05:08 info: GET /api/admin/dashboard
2026-08-12 12:05:08 info: GET /api/admin/dashboard
2026-08-12 12:05:10 info: GET /api/admin/dashboard
2026-08-12 12:05:10 info: GET /api/admin/dashboard
2026-08-12 12:05:38 info: GET /api/admin/dashboard
2026-08-12 12:05:38 info: GET /api/admin/dashboard
2026-08-12 12:05:44 info: GET /api/admin/product-orders
2026-08-12 12:05:44 info: GET /api/admin/product-orders
2026-08-12 12:05:48 info: GET /api/admin/product-orders
2026-08-12 12:05:48 info: POST /api/admin/all-advisors
2026-08-12 12:05:48 info: POST /api/admin/all-farmers
2026-08-12 12:05:48 info: POST /api/admin/all-advisors
2026-08-12 12:05:48 info: POST /api/admin/all-farmers
2026-08-12 12:05:49 info: GET /api/admin/product-orders
2026-08-12 12:09:34 info: Server Started on port 4000
2026-08-12 12:15:12 info: GET /api/admin/product-orders
2026-08-12 12:15:12 info: GET /api/admin/product-orders
2026-08-12 12:15:14 info: GET /api/product/list
2026-08-12 12:15:14 info: GET /api/product/list
2026-08-12 12:15:16 info: POST /api/product/single
2026-08-12 12:15:16 info: POST /api/product/single
2026-08-12 12:20:19 info: POST /api/product/update
2026-08-12 12:20:23 info: GET /api/product/list
2026-08-12 12:20:23 info: GET /api/product/list
2026-08-12 12:21:36 info: POST /api/product/single
2026-08-12 12:21:36 info: POST /api/product/single
2026-08-12 12:23:00 info: POST /api/product/update
2026-08-12 12:23:03 info: GET /api/product/list
2026-08-12 12:23:03 info: GET /api/product/list
2026-08-12 12:24:52 info: POST /api/product/add
2026-08-12 12:24:55 info: GET /api/product/list
2026-08-12 12:24:55 info: GET /api/product/list
2026-08-12 13:34:01 info: GET /api/product/list
2026-08-12 13:34:01 info: GET /api/product/list
2026-08-12 13:36:34 info: POST /api/product/single
2026-08-12 13:36:34 info: POST /api/product/single
2026-08-12 13:36:37 info: GET /api/product/list
2026-08-12 13:36:37 info: GET /api/product/list
2026-08-12 13:39:16 info: POST /api/product/add
2026-08-12 13:39:19 info: GET /api/product/list
2026-08-12 13:39:19 info: GET /api/product/list
2026-08-12 13:39:32 info: POST /api/advisor/login
2026-08-12 13:39:32 info: GET /api/advisor/profile
2026-08-12 13:39:32 info: GET /api/advisor/dashboard
2026-08-12 13:39:32 info: GET /api/advisor/profile
2026-08-12 13:39:32 info: GET /api/advisor/dashboard
2026-08-12 13:39:36 info: POST /api/advisor/update-location
2026-08-12 13:39:36 info: POST /api/advisor/update-location
2026-08-12 13:39:36 info: POST /api/advisor/update-location
2026-08-12 13:39:37 info: GET /api/advisor/dashboard
2026-08-12 13:39:37 info: GET /api/advisor/dashboard
2026-08-12 13:39:37 info: GET /api/advisor/dashboard
2026-08-12 13:39:37 info: GET /api/advisor/dashboard
2026-08-12 13:39:38 info: GET /api/advisor/dashboard
2026-08-12 13:39:39 info: GET /api/advisor/farmers
2026-08-12 13:39:39 info: GET /api/advisor/farmers
2026-08-12 13:39:51 info: POST /api/advisor/update-location
2026-08-12 13:40:07 info: POST /api/advisor/update-location
2026-08-12 13:40:31 info: POST /api/advisor/add-farmer
2026-08-12 13:40:33 info: GET /api/advisor/farmers
2026-08-12 13:40:33 info: GET /api/advisor/farmers
2026-08-12 13:40:35 info: POST /api/advisor/farmer
2026-08-12 13:40:35 info: POST /api/advisor/farmer
2026-08-12 13:40:50 info: GET /api/product/list
2026-08-12 13:40:50 info: GET /api/advisor/farmers
2026-08-12 13:40:50 info: GET /api/product/list
2026-08-12 13:40:50 info: GET /api/advisor/farmers
2026-08-12 13:40:51 info: POST /api/advisor/update-location
2026-08-12 13:41:20 info: POST /api/advisor/update-location
2026-08-12 13:41:32 info: POST /api/product/single
2026-08-12 13:41:32 info: POST /api/product/single
2026-08-12 13:41:37 info: GET /api/advisor/farmers
2026-08-12 13:41:44 info: GET /api/product/list
2026-08-12 13:41:44 info: GET /api/advisor/farmers
2026-08-12 13:41:44 info: GET /api/advisor/farmers
2026-08-12 13:41:44 info: GET /api/product/list
2026-08-12 13:41:50 info: GET /api/product/list
2026-08-12 13:41:50 info: GET /api/advisor/farmers
2026-08-12 13:41:50 info: GET /api/advisor/profile
2026-08-12 13:41:50 info: GET /api/product/list
2026-08-12 13:41:50 info: GET /api/advisor/farmers
2026-08-12 13:41:50 info: GET /api/advisor/profile
2026-08-12 13:41:50 info: POST /api/advisor/update-location
2026-08-12 13:41:50 info: POST /api/advisor/update-location
2026-08-12 13:41:50 info: POST /api/advisor/update-location
2026-08-12 13:41:52 info: POST /api/product/single
2026-08-12 13:41:52 info: POST /api/product/single
2026-08-12 13:41:55 info: GET /api/advisor/farmers
2026-08-12 13:42:00 info: GET /api/product/list
2026-08-12 13:42:00 info: GET /api/advisor/farmers
2026-08-12 13:42:00 info: GET /api/advisor/farmers
2026-08-12 13:42:00 info: GET /api/product/list
2026-08-12 13:42:02 info: POST /api/advisor/update-location
2026-08-12 13:42:18 info: POST /api/advisor/update-location
2026-08-12 13:42:23 info: POST /api/advisor/update-location
2026-08-12 13:42:23 info: POST /api/advisor/update-location
2026-08-12 13:43:54 info: POST /api/advisor/update-location
2026-08-12 13:44:55 info: POST /api/advisor/update-location
2026-08-12 13:47:05 info: POST /api/advisor/update-location
2026-08-12 13:50:52 info: Server Started on port 4000
2026-08-12 13:53:30 info: Server Started on port 4000
2026-08-12 13:54:06 info: GET /api/advisor/dashboard
2026-08-12 13:54:06 info: GET /api/advisor/profile
2026-08-12 13:54:06 info: GET /api/advisor/profile
2026-08-12 13:54:06 info: GET /api/advisor/dashboard
2026-08-12 13:54:32 info: POST /api/advisor/login
2026-08-12 13:54:33 info: GET /api/advisor/dashboard
2026-08-12 13:54:33 info: GET /api/advisor/profile
2026-08-12 13:54:33 info: GET /api/advisor/profile
2026-08-12 13:54:33 info: GET /api/advisor/dashboard
2026-08-12 13:54:53 info: GET /api/admin/dashboard
2026-08-12 13:54:53 info: GET /api/admin/dashboard
2026-08-12 13:55:12 info: GET /api/admin/dashboard
2026-08-12 13:55:12 info: GET /api/admin/dashboard
2026-08-12 13:55:12 info: GET /api/admin/dashboard
2026-08-12 13:55:12 info: GET /api/admin/dashboard
2026-08-12 13:55:12 info: GET /api/admin/dashboard
2026-08-12 13:55:12 info: GET /api/admin/dashboard
2026-08-12 13:55:13 info: GET /api/admin/dashboard
2026-08-12 13:55:13 info: GET /api/admin/dashboard
2026-08-12 13:55:25 info: POST /api/admin/login
2026-08-12 13:55:25 info: GET /api/admin/dashboard
2026-08-12 13:55:25 info: GET /api/admin/dashboard
2026-08-12 13:55:33 info: GET /api/admin/dashboard
2026-08-12 13:55:33 info: GET /api/admin/dashboard
2026-08-12 13:55:34 info: GET /api/admin/advisor-locations
2026-08-12 13:55:34 info: GET /api/admin/advisor-locations
2026-08-12 13:55:40 info: GET /api/admin/advisor-locations
2026-08-12 13:55:46 info: GET /api/admin/advisor-locations
2026-08-12 13:55:52 info: GET /api/admin/advisor-locations
2026-08-12 13:55:58 info: GET /api/admin/advisor-locations
2026-08-12 13:55:59 info: GET /api/advisor/farmers
2026-08-12 13:55:59 info: GET /api/advisor/farmers
2026-08-12 13:56:01 info: GET /api/advisor/farmers
2026-08-12 13:56:01 info: GET /api/product/list
2026-08-12 13:56:01 info: GET /api/advisor/farmers
2026-08-12 13:56:01 info: GET /api/product/list
2026-08-12 13:56:02 info: POST /api/advisor/update-location
2026-08-12 13:56:02 info: POST /api/advisor/update-location
2026-08-12 13:56:02 info: POST /api/advisor/update-location
2026-08-12 13:56:04 info: GET /api/admin/advisor-locations
2026-08-12 13:56:10 info: GET /api/admin/advisor-locations
2026-08-12 13:56:16 info: GET /api/admin/advisor-locations
2026-08-12 13:56:22 info: GET /api/admin/advisor-locations
2026-08-12 13:56:28 info: GET /api/admin/advisor-locations
2026-08-12 13:56:34 info: GET /api/admin/advisor-locations
2026-08-12 13:56:40 info: GET /api/admin/advisor-locations
2026-08-12 13:56:46 info: GET /api/admin/advisor-locations
2026-08-12 13:56:52 info: GET /api/admin/advisor-locations
2026-08-12 13:57:38 info: GET /api/admin/advisor-locations
2026-08-12 13:57:41 info: POST /api/advisor/update-location
2026-08-12 13:57:43 info: GET /api/advisor/farmers
2026-08-12 13:57:43 info: GET /api/advisor/farmers
2026-08-12 13:57:44 info: POST /api/advisor/farmer
2026-08-12 13:57:44 info: POST /api/advisor/farmer
2026-08-12 13:58:21 info: GET /api/product/list
2026-08-12 13:58:21 info: GET /api/advisor/farmers
2026-08-12 13:58:21 info: GET /api/advisor/farmers
2026-08-12 13:58:21 info: POST /api/advisor/update-location
2026-08-12 13:58:22 info: GET /api/product/list
2026-08-12 13:58:26 info: GET /api/product-order/list
2026-08-12 13:58:26 info: GET /api/product-order/list
2026-08-12 13:58:29 info: GET /api/product-order/list
2026-08-12 13:58:29 info: GET /api/product-order/list
2026-08-12 13:58:30 info: GET /api/product/list
2026-08-12 13:58:30 info: GET /api/advisor/farmers
2026-08-12 13:58:30 info: GET /api/product/list
2026-08-12 13:58:30 info: GET /api/advisor/farmers
2026-08-12 13:58:33 info: POST /api/product/single
2026-08-12 13:58:33 info: POST /api/product/single
2026-08-12 13:58:37 info: POST /api/advisor/update-location
2026-08-12 13:58:38 info: GET /api/admin/advisor-locations
2026-08-12 13:58:45 info: GET /api/advisor/farmers
2026-08-12 13:58:52 info: POST /api/advisor/update-location
2026-08-12 13:59:06 info: GET /api/product/list
2026-08-12 13:59:06 info: GET /api/advisor/farmers
2026-08-12 13:59:07 info: GET /api/advisor/farmers
2026-08-12 13:59:07 info: GET /api/product/list
2026-08-12 13:59:09 info: GET /api/advisor/farmers
2026-08-12 13:59:38 info: GET /api/admin/advisor-locations
2026-08-12 13:59:38 info: POST /api/advisor/update-location
2026-08-12 13:59:45 info: POST /api/advisor/update-location
2026-08-12 13:59:53 info: POST /api/advisor/update-location
2026-08-12 14:00:38 info: GET /api/admin/advisor-locations
2026-08-12 14:01:38 info: GET /api/admin/advisor-locations
2026-08-12 14:02:38 info: GET /api/admin/advisor-locations
2026-08-12 14:03:38 info: GET /api/admin/advisor-locations
2026-08-12 14:04:38 info: GET /api/admin/advisor-locations
2026-08-12 14:05:38 info: GET /api/admin/advisor-locations
2026-08-12 14:06:05 info: POST /api/advisor/update-location
2026-08-12 14:06:07 info: GET /api/advisor/farmers
2026-08-12 14:06:11 info: GET /api/advisor/farmers
2026-08-12 14:06:22 info: GET /api/advisor/farmers
2026-08-12 14:06:25 info: POST /api/advisor/update-location
2026-08-12 14:06:38 info: GET /api/admin/advisor-locations
2026-08-12 14:06:40 info: GET /api/advisor/farmers
2026-08-12 14:06:41 info: POST /api/advisor/update-location
2026-08-12 14:06:59 info: POST /api/advisor/update-location
2026-08-12 14:07:38 info: GET /api/admin/advisor-locations
2026-08-12 14:07:43 info: POST /api/advisor/update-location
2026-08-12 14:08:38 info: GET /api/admin/advisor-locations
2026-08-12 14:09:38 info: GET /api/admin/advisor-locations
2026-08-12 14:10:38 info: GET /api/admin/advisor-locations
2026-08-12 14:11:26 info: POST /api/advisor/update-location
2026-08-12 14:11:38 info: GET /api/admin/advisor-locations
2026-08-12 14:12:38 info: GET /api/admin/advisor-locations
2026-08-12 14:12:44 info: POST /api/advisor/update-location
2026-08-12 14:13:24 info: GET /api/product-order/list
2026-08-12 14:13:24 info: GET /api/product-order/list
2026-08-12 14:13:26 info: GET /api/product/list
2026-08-12 14:13:26 info: GET /api/advisor/farmers
2026-08-12 14:13:26 info: GET /api/product/list
2026-08-12 14:13:26 info: GET /api/advisor/farmers
2026-08-12 14:13:27 info: GET /api/advisor/farmers
2026-08-12 14:13:30 info: POST /api/product-order/place
2026-08-12 14:13:35 info: GET /api/admin/advisor-locations
2026-08-12 14:13:40 info: GET /api/admin/advisor-locations
2026-08-12 14:13:40 info: GET /api/product/list
2026-08-12 14:13:40 info: GET /api/product/list
2026-08-12 14:13:41 info: POST /api/admin/all-farmers
2026-08-12 14:13:41 info: POST /api/admin/all-farmers
2026-08-12 14:13:44 info: GET /api/admin/product-orders
2026-08-12 14:13:44 info: GET /api/admin/product-orders
2026-08-12 14:14:10 info: GET /api/admin/product-orders
2026-08-12 14:14:10 info: GET /api/admin/product-orders
2026-08-12 14:14:32 info: POST /api/advisor/update-location
2026-08-12 14:14:32 info: GET /api/product-order/list
2026-08-12 14:14:32 info: GET /api/product-order/list
2026-08-12 14:14:47 info: POST /api/advisor/update-location
2026-08-12 14:14:48 info: POST /api/product-order/pay
2026-08-12 14:14:48 info: POST /api/product-order/pay
2026-08-12 14:14:50 info: GET /api/product-order/list
2026-08-12 14:14:52 info: GET /api/product-order/list
2026-08-12 14:14:59 info: GET /api/admin/product-orders
2026-08-12 14:14:59 info: GET /api/admin/product-orders
2026-08-12 14:15:21 info: GET /api/admin/dashboard
2026-08-12 14:15:21 info: GET /api/admin/dashboard
2026-08-12 14:15:26 info: POST /api/admin/all-advisors
2026-08-12 14:15:26 info: POST /api/admin/all-advisors
2026-08-12 14:15:34 info: POST /api/admin/all-farmers
2026-08-12 14:15:34 info: POST /api/admin/all-farmers
2026-08-12 14:15:37 info: GET /api/product/list
2026-08-12 14:15:37 info: GET /api/product/list
2026-08-12 14:15:40 info: POST /api/product/single
2026-08-12 14:15:40 info: POST /api/product/single
2026-08-12 14:15:45 info: GET /api/product/list
2026-08-12 14:15:45 info: GET /api/product/list
2026-08-12 14:15:48 info: GET /api/admin/product-orders
2026-08-12 14:15:48 info: GET /api/admin/product-orders
2026-08-12 14:15:53 info: GET /api/admin/product-orders
2026-08-12 14:15:53 info: GET /api/admin/product-orders
2026-08-12 14:16:00 info: POST /api/admin/all-advisors
2026-08-12 14:16:00 info: GET /api/admin/product-orders
2026-08-12 14:16:00 info: POST /api/admin/all-farmers
2026-08-12 14:16:00 info: POST /api/admin/all-advisors
2026-08-12 14:16:00 info: POST /api/admin/all-farmers
2026-08-12 14:16:00 info: GET /api/admin/product-orders
2026-08-12 14:16:36 info: GET /api/admin/advisor-locations
2026-08-12 14:16:36 info: GET /api/admin/advisor-locations
2026-08-12 14:16:42 info: GET /api/admin/advisor-locations
2026-08-12 14:16:48 info: GET /api/admin/advisor-locations
2026-08-12 14:16:54 info: GET /api/admin/advisor-locations
2026-08-12 14:17:00 info: GET /api/admin/advisor-locations
2026-08-12 14:17:06 info: GET /api/admin/advisor-locations
2026-08-12 14:17:12 info: GET /api/admin/advisor-locations
2026-08-12 14:17:18 info: GET /api/admin/advisor-locations
2026-08-12 14:17:24 info: GET /api/admin/advisor-locations
2026-08-12 14:17:30 info: GET /api/admin/advisor-locations
2026-08-12 14:17:36 info: GET /api/admin/advisor-locations
2026-08-12 14:17:42 info: GET /api/admin/advisor-locations
2026-08-12 14:17:48 info: GET /api/admin/advisor-locations
2026-08-12 14:17:54 info: GET /api/admin/advisor-locations
2026-08-12 14:18:00 info: GET /api/admin/advisor-locations
2026-08-12 14:18:06 info: GET /api/admin/advisor-locations
2026-08-12 14:18:12 info: GET /api/admin/advisor-locations
2026-08-12 14:18:18 info: GET /api/admin/advisor-locations
2026-08-12 14:18:24 info: GET /api/admin/advisor-locations
2026-08-12 14:18:30 info: GET /api/admin/advisor-locations
2026-08-12 14:18:36 info: GET /api/admin/advisor-locations
2026-08-12 14:18:42 info: GET /api/admin/advisor-locations
2026-08-12 14:18:48 info: GET /api/admin/advisor-locations
2026-08-12 14:18:54 info: GET /api/admin/advisor-locations
2026-08-12 14:19:01 info: GET /api/admin/advisor-locations
2026-08-12 14:19:07 info: GET /api/admin/advisor-locations
2026-08-12 14:19:13 info: GET /api/admin/advisor-locations
2026-08-12 14:19:19 info: GET /api/admin/advisor-locations
2026-08-12 14:19:25 info: GET /api/admin/advisor-locations
2026-08-12 14:19:31 info: GET /api/admin/advisor-locations
2026-08-12 14:19:37 info: GET /api/admin/advisor-locations
2026-08-12 14:19:43 info: GET /api/admin/advisor-locations
2026-08-12 14:19:49 info: GET /api/admin/advisor-locations
2026-08-12 14:19:55 info: GET /api/admin/advisor-locations
2026-08-12 14:20:38 info: GET /api/admin/advisor-locations
2026-08-12 14:21:25 info: GET /api/admin/advisor-locations
2026-08-12 14:21:28 info: POST /api/advisor/update-location
2026-08-12 14:21:31 info: GET /api/admin/advisor-locations
2026-08-12 14:21:33 info: GET /api/admin/product-orders
2026-08-12 14:21:33 info: GET /api/admin/product-orders
2026-08-12 14:21:38 info: POST /api/admin/update-product-order-status
2026-08-12 14:21:38 info: GET /api/admin/product-orders
2026-08-12 14:22:10 info: GET /api/product-order/list
2026-08-12 14:22:10 info: GET /api/advisor/profile
2026-08-12 14:22:11 info: GET /api/advisor/profile
2026-08-12 14:22:11 info: POST /api/advisor/update-location
2026-08-12 14:22:11 info: POST /api/advisor/update-location
2026-08-12 14:22:11 info: POST /api/advisor/update-location
2026-08-12 14:22:11 info: GET /api/product-order/list
2026-08-12 14:22:22 info: GET /api/product/list
2026-08-12 14:22:22 info: GET /api/advisor/farmers
2026-08-12 14:22:22 info: GET /api/product/list
2026-08-12 14:22:22 info: GET /api/advisor/farmers
2026-08-12 14:22:25 info: POST /api/advisor/update-location
2026-08-12 14:22:40 info: POST /api/advisor/update-location
2026-08-12 14:25:50 info: POST /api/advisor/update-location
2026-08-12 14:26:04 info: POST /api/advisor/update-location
2026-08-12 14:26:19 info: POST /api/advisor/update-location
2026-08-12 14:26:34 info: POST /api/advisor/update-location
2026-08-12 14:29:06 info: POST /api/advisor/update-location
2026-08-12 14:55:40 info: Server Started on port 4000
2026-08-12 14:56:49 info: Server Started on port 4000
2026-08-12 15:01:04 info: GET /api/product/list
2026-08-12 15:01:04 info: GET /api/product/list
2026-08-12 15:01:05 info: GET /api/product/list
2026-08-12 15:01:05 info: GET /api/product/list
2026-08-12 15:01:30 info: GET /api/advisor/dashboard
2026-08-12 15:01:30 info: GET /api/advisor/profile
2026-08-12 15:01:30 info: GET /api/advisor/profile
2026-08-12 15:01:30 info: GET /api/advisor/dashboard
2026-08-12 15:01:30 info: GET /api/advisor/profile
2026-08-12 15:01:30 info: GET /api/advisor/profile
2026-08-12 15:01:30 info: GET /api/advisor/dashboard
2026-08-12 15:01:34 info: GET /api/advisor/dashboard
2026-08-12 15:01:34 info: GET /api/advisor/profile
2026-08-12 15:01:34 info: GET /api/advisor/profile
2026-08-12 15:01:34 info: POST /api/advisor/update-location
2026-08-12 15:01:34 info: POST /api/advisor/update-location
2026-08-12 15:01:34 info: POST /api/advisor/update-location
2026-08-12 15:01:34 info: POST /api/advisor/update-location
2026-08-12 15:01:34 info: POST /api/advisor/update-location
2026-08-12 15:01:34 info: POST /api/advisor/update-location
2026-08-12 15:01:34 info: GET /api/advisor/dashboard
2026-08-12 15:01:39 info: GET /api/advisor/dashboard
2026-08-12 15:01:39 info: GET /api/advisor/profile
2026-08-12 15:01:39 info: GET /api/advisor/dashboard
2026-08-12 15:01:39 info: GET /api/advisor/profile
2026-08-12 15:01:39 info: GET /api/advisor/dashboard
2026-08-12 15:01:39 info: GET /api/advisor/profile
2026-08-12 15:01:39 info: GET /api/advisor/dashboard
2026-08-12 15:01:39 info: GET /api/advisor/profile
2026-08-12 15:01:39 info: POST /api/advisor/update-location
2026-08-12 15:01:39 info: POST /api/advisor/update-location
2026-08-12 15:01:39 info: POST /api/advisor/update-location
2026-08-12 15:02:00 info: POST /api/advisor/update-location
2026-08-12 15:02:01 info: GET /api/advisor/dashboard
2026-08-12 15:02:01 info: GET /api/advisor/profile
2026-08-12 15:02:01 info: GET /api/advisor/profile
2026-08-12 15:02:01 info: GET /api/advisor/dashboard
2026-08-12 15:02:02 info: GET /api/advisor/dashboard
2026-08-12 15:02:02 info: GET /api/advisor/profile
2026-08-12 15:02:02 info: GET /api/advisor/profile
2026-08-12 15:02:02 info: GET /api/advisor/dashboard
2026-08-12 15:02:02 info: GET /api/advisor/dashboard
2026-08-12 15:02:02 info: GET /api/advisor/profile
2026-08-12 15:02:02 info: GET /api/advisor/profile
2026-08-12 15:02:02 info: GET /api/advisor/dashboard
2026-08-12 15:02:02 info: GET /api/advisor/profile
2026-08-12 15:02:02 info: GET /api/advisor/profile
2026-08-12 15:02:02 info: GET /api/advisor/profile
2026-08-12 15:02:02 info: GET /api/advisor/dashboard
2026-08-12 15:02:02 info: GET /api/advisor/profile
2026-08-12 15:02:02 info: GET /api/advisor/dashboard
2026-08-12 15:02:02 info: GET /api/advisor/dashboard
2026-08-12 15:02:02 info: GET /api/advisor/profile
2026-08-12 15:02:02 info: GET /api/advisor/profile
2026-08-12 15:02:02 info: GET /api/advisor/dashboard
2026-08-12 15:02:02 info: GET /api/advisor/profile
2026-08-12 15:02:02 info: GET /api/advisor/profile
2026-08-12 15:02:02 info: GET /api/advisor/dashboard
2026-08-12 15:02:03 info: GET /api/advisor/dashboard
2026-08-12 15:02:03 info: GET /api/advisor/profile
2026-08-12 15:02:03 info: GET /api/advisor/profile
2026-08-12 15:02:03 info: GET /api/advisor/dashboard
2026-08-12 15:02:03 info: GET /api/advisor/dashboard
2026-08-12 15:02:03 info: GET /api/advisor/profile
2026-08-12 15:02:03 info: GET /api/advisor/profile
2026-08-12 15:02:03 info: GET /api/advisor/dashboard
2026-08-12 15:02:03 info: GET /api/advisor/dashboard
2026-08-12 15:02:03 info: GET /api/advisor/profile
2026-08-12 15:02:03 info: GET /api/advisor/dashboard
2026-08-12 15:02:03 info: GET /api/advisor/dashboard
2026-08-12 15:02:03 info: GET /api/advisor/profile
2026-08-12 15:02:03 info: GET /api/advisor/profile
2026-08-12 15:02:03 info: GET /api/advisor/dashboard
2026-08-12 15:02:03 info: GET /api/advisor/dashboard
2026-08-12 15:02:03 info: GET /api/advisor/profile
2026-08-12 15:02:03 info: GET /api/advisor/profile
2026-08-12 15:02:03 info: GET /api/advisor/dashboard
2026-08-12 15:02:06 info: POST /api/advisor/update-location
2026-08-12 15:02:06 info: POST /api/advisor/update-location
2026-08-12 15:02:06 info: POST /api/advisor/update-location
2026-08-12 15:02:42 info: POST /api/advisor/update-location
2026-08-12 15:02:42 info: GET /api/advisor/dashboard
2026-08-12 15:02:42 info: GET /api/advisor/profile
2026-08-12 15:02:42 info: GET /api/advisor/dashboard
2026-08-12 15:02:42 info: GET /api/advisor/profile
2026-08-12 15:02:42 info: POST /api/advisor/update-location
2026-08-12 15:02:42 info: POST /api/advisor/update-location
2026-08-12 15:02:42 info: POST /api/advisor/update-location
2026-08-12 15:02:42 info: GET /api/advisor/dashboard
2026-08-12 15:02:42 info: GET /api/advisor/profile
2026-08-12 15:02:42 info: GET /api/advisor/dashboard
2026-08-12 15:02:42 info: GET /api/advisor/profile
2026-08-12 15:02:42 info: GET /api/advisor/dashboard
2026-08-12 15:02:42 info: GET /api/advisor/profile
2026-08-12 15:02:42 info: GET /api/advisor/dashboard
2026-08-12 15:02:42 info: GET /api/advisor/profile
2026-08-12 15:02:43 info: GET /api/advisor/dashboard
2026-08-12 15:02:43 info: GET /api/advisor/profile
2026-08-12 15:02:43 info: GET /api/advisor/dashboard
2026-08-12 15:02:43 info: GET /api/advisor/profile
2026-08-12 15:02:43 info: GET /api/advisor/dashboard
2026-08-12 15:02:43 info: GET /api/advisor/profile
2026-08-12 15:02:43 info: GET /api/advisor/dashboard
2026-08-12 15:02:43 info: GET /api/advisor/profile
2026-08-12 15:02:43 info: POST /api/advisor/update-location
2026-08-12 15:02:43 info: POST /api/advisor/update-location
2026-08-12 15:02:43 info: POST /api/advisor/update-location
2026-08-12 15:03:56 info: POST /api/advisor/update-location
2026-08-12 15:04:12 info: POST /api/advisor/update-location
2026-08-12 15:04:14 info: POST /api/advisor/update-location
2026-08-12 15:04:24 info: GET /api/advisor/farmers
2026-08-12 15:04:24 info: GET /api/advisor/farmers
2026-08-12 15:04:25 info: GET /api/advisor/farmers
2026-08-12 15:04:25 info: GET /api/product/list
2026-08-12 15:04:25 info: GET /api/advisor/farmers
2026-08-12 15:04:25 info: GET /api/product/list
2026-08-12 15:04:27 info: POST /api/advisor/update-location
2026-08-12 15:05:09 info: POST /api/advisor/update-location
2026-08-12 15:05:30 info: POST /api/advisor/update-location
2026-08-12 15:05:35 info: GET /api/product-order/list
2026-08-12 15:05:35 info: GET /api/product-order/list
2026-08-12 15:05:35 info: GET /api/product/list
2026-08-12 15:05:35 info: GET /api/advisor/farmers
2026-08-12 15:05:35 info: GET /api/advisor/farmers
2026-08-12 15:05:36 info: GET /api/product/list
2026-08-12 15:05:36 info: GET /api/advisor/farmers
2026-08-12 15:05:36 info: GET /api/advisor/farmers
2026-08-12 15:05:37 info: GET /api/advisor/dashboard
2026-08-12 15:05:37 info: GET /api/advisor/dashboard
2026-08-12 15:05:50 info: POST /api/advisor/update-location
2026-08-12 15:06:52 info: Server Started on port 4000
2026-08-12 15:07:39 info: Server Started on port 4000
2026-08-12 15:07:56 info: POST /api/advisor/login
2026-08-12 15:07:56 info: GET /api/advisor/dashboard
2026-08-12 15:07:56 info: GET /api/advisor/profile
2026-08-12 15:07:57 info: GET /api/advisor/profile
2026-08-12 15:07:57 info: GET /api/advisor/dashboard
2026-08-12 15:08:01 info: POST /api/advisor/update-location
2026-08-12 15:08:01 info: POST /api/advisor/update-location
2026-08-12 15:08:01 info: POST /api/advisor/update-location
2026-08-12 15:08:18 info: POST /api/advisor/update-location
2026-08-12 15:09:05 info: POST /api/advisor/update-location
2026-08-12 15:11:12 info: POST /api/advisor/update-location
2026-08-12 15:11:16 info: GET /api/product/list
2026-08-12 15:11:16 info: GET /api/product/list
2026-08-12 15:11:20 info: POST /api/admin/all-farmers
2026-08-12 15:11:20 info: POST /api/admin/all-farmers
2026-08-12 15:11:22 info: POST /api/admin/all-advisors
2026-08-12 15:11:22 info: POST /api/admin/all-advisors
2026-08-12 15:11:26 info: POST /api/admin/all-advisors
2026-08-12 15:11:26 info: POST /api/admin/all-advisors
2026-08-12 15:11:39 info: POST /api/admin/login
2026-08-12 15:11:39 info: GET /api/admin/dashboard
2026-08-12 15:11:39 info: GET /api/admin/dashboard
2026-08-12 15:11:46 info: GET /api/admin/advisor-locations
2026-08-12 15:11:46 info: GET /api/admin/advisor-locations
2026-08-12 15:11:52 info: GET /api/admin/advisor-locations
2026-08-12 15:11:55 info: POST /api/admin/all-advisors
2026-08-12 15:11:55 info: POST /api/admin/all-farmers
2026-08-12 15:11:55 info: POST /api/admin/all-advisors
2026-08-12 15:11:55 info: POST /api/admin/all-farmers
2026-08-12 15:11:55 info: GET /api/admin/product-orders
2026-08-12 15:11:56 info: GET /api/admin/product-orders
2026-08-12 15:12:57 info: GET /api/admin/advisor-locations
2026-08-12 15:12:57 info: GET /api/admin/advisor-locations
2026-08-12 15:13:03 info: GET /api/admin/advisor-locations
2026-08-12 15:13:09 info: GET /api/admin/advisor-locations
2026-08-12 15:13:15 info: GET /api/admin/advisor-locations
2026-08-12 15:13:17 info: GET /api/admin/product-orders
2026-08-12 15:13:17 info: POST /api/admin/all-advisors
2026-08-12 15:13:17 info: POST /api/admin/all-farmers
2026-08-12 15:13:17 info: POST /api/admin/all-advisors
2026-08-12 15:13:17 info: POST /api/admin/all-farmers
2026-08-12 15:13:18 info: GET /api/admin/product-orders
2026-08-12 15:13:19 info: GET /api/admin/product-orders
2026-08-12 15:13:19 info: GET /api/admin/product-orders
2026-08-12 15:13:20 info: GET /api/admin/product-orders
2026-08-12 15:13:20 info: GET /api/admin/product-orders
2026-08-12 15:13:21 info: GET /api/product/list
2026-08-12 15:13:21 info: GET /api/product/list
2026-08-12 15:13:22 info: POST /api/admin/all-farmers
2026-08-12 15:13:22 info: POST /api/admin/all-farmers
2026-08-12 15:13:23 info: GET /api/product/list
2026-08-12 15:13:23 info: GET /api/product/list
2026-08-12 15:13:25 info: POST /api/admin/all-farmers
2026-08-12 15:13:25 info: POST /api/admin/all-farmers
2026-08-12 15:13:28 info: GET /api/admin/product-orders
2026-08-12 15:13:28 info: GET /api/admin/product-orders
2026-08-12 15:13:29 info: GET /api/admin/product-orders
2026-08-12 15:13:30 info: GET /api/admin/product-orders
2026-08-12 15:16:24 info: POST /api/advisor/update-location
2026-08-12 15:16:29 info: GET /api/advisor/farmers
2026-08-12 15:16:29 info: GET /api/advisor/farmers
2026-08-12 15:16:31 info: POST /api/advisor/farmer
2026-08-12 15:16:31 info: POST /api/advisor/farmer
2026-08-12 15:16:35 info: GET /api/product-order/list
2026-08-12 15:16:36 info: GET /api/product-order/list
2026-08-12 15:16:39 info: POST /api/advisor/update-location
2026-08-12 15:16:39 info: GET /api/product-order/list
2026-08-12 15:16:39 info: GET /api/product-order/list
2026-08-12 15:16:54 info: POST /api/advisor/update-location
2026-08-12 15:17:24 info: POST /api/advisor/update-location
2026-08-12 15:17:39 info: POST /api/advisor/update-location
2026-08-12 15:19:08 info: POST /api/advisor/update-location
2026-08-12 15:19:40 info: GET /api/advisor/farmers
2026-08-12 15:19:40 info: GET /api/advisor/farmers
2026-08-12 15:19:41 info: GET /api/advisor/farmers
2026-08-12 15:19:41 info: GET /api/product/list
2026-08-12 15:19:41 info: GET /api/product/list
2026-08-12 15:19:41 info: GET /api/advisor/farmers
2026-08-12 15:19:42 info: GET /api/product-order/list
2026-08-12 15:19:42 info: GET /api/product-order/list
2026-08-12 15:19:45 info: GET /api/advisor/dashboard
2026-08-12 15:19:46 info: GET /api/advisor/dashboard
2026-08-12 15:19:53 info: POST /api/advisor/update-location
2026-08-12 15:21:09 info: POST /api/advisor/update-location
2026-08-12 15:21:55 info: POST /api/advisor/update-location
2026-08-12 15:22:11 info: POST /api/advisor/update-location
2026-08-12 15:22:26 info: POST /api/advisor/update-location
2026-08-12 15:22:49 info: GET /api/product/list
2026-08-12 15:22:49 info: GET /api/advisor/farmers
2026-08-12 15:22:49 info: GET /api/advisor/farmers
2026-08-12 15:22:49 info: GET /api/product/list
2026-08-12 15:22:50 info: GET /api/advisor/dashboard
2026-08-12 15:22:50 info: GET /api/advisor/dashboard
2026-08-12 15:22:52 info: GET /api/product/list
2026-08-12 15:22:52 info: GET /api/advisor/farmers
2026-08-12 15:22:52 info: GET /api/product/list
2026-08-12 15:22:52 info: GET /api/advisor/farmers
2026-08-12 15:22:52 info: GET /api/advisor/dashboard
2026-08-12 15:22:53 info: GET /api/advisor/dashboard
2026-08-12 15:22:54 info: GET /api/product-order/list
2026-08-12 15:22:54 info: GET /api/product-order/list
2026-08-12 15:22:55 info: POST /api/advisor/update-location
2026-08-12 15:22:56 info: GET /api/advisor/dashboard
2026-08-12 15:22:56 info: GET /api/advisor/dashboard
2026-08-12 15:22:57 info: GET /api/advisor/farmers
2026-08-12 15:22:57 info: GET /api/advisor/farmers
2026-08-12 15:22:58 info: GET /api/advisor/dashboard
2026-08-12 15:22:58 info: GET /api/advisor/dashboard
2026-08-12 15:23:08 info: POST /api/advisor/update-location
2026-08-12 15:23:23 info: POST /api/advisor/update-location
2026-08-12 15:23:56 info: GET /api/advisor/farmers
2026-08-12 15:23:56 info: GET /api/advisor/farmers
2026-08-12 15:23:58 info: GET /api/advisor/dashboard
2026-08-12 15:23:58 info: GET /api/advisor/dashboard
2026-08-12 15:23:59 info: GET /api/product-order/list
2026-08-12 15:23:59 info: GET /api/product-order/list
2026-08-12 15:24:00 info: GET /api/advisor/dashboard
2026-08-12 15:24:00 info: GET /api/advisor/dashboard
2026-08-12 15:24:01 info: GET /api/product-order/list
2026-08-12 15:24:02 info: GET /api/product-order/list
2026-08-12 15:24:03 info: GET /api/advisor/dashboard
2026-08-12 15:24:03 info: GET /api/advisor/dashboard
2026-08-12 15:24:04 info: GET /api/product-order/list
2026-08-12 15:24:04 info: GET /api/product-order/list
2026-08-12 15:24:05 info: GET /api/advisor/dashboard
2026-08-12 15:24:05 info: GET /api/advisor/dashboard
2026-08-12 15:24:34 info: POST /api/advisor/update-location
2026-08-12 15:24:49 info: POST /api/advisor/update-location
2026-08-12 15:25:04 info: POST /api/advisor/update-location
2026-08-12 15:25:20 info: POST /api/advisor/update-location
2026-08-12 15:25:34 info: POST /api/advisor/update-location
2026-08-12 15:26:32 info: POST /api/advisor/update-location
2026-08-12 15:26:47 info: POST /api/advisor/update-location
2026-08-12 15:27:31 info: POST /api/advisor/update-location
2026-08-12 15:28:39 info: POST /api/advisor/update-location
2026-08-12 15:28:55 info: POST /api/advisor/update-location
2026-08-12 15:29:11 info: POST /api/advisor/update-location
2026-08-12 15:29:26 info: POST /api/advisor/update-location
2026-08-12 15:29:43 info: GET /api/advisor/profile
2026-08-12 15:29:43 info: GET /api/advisor/profile
2026-08-12 15:29:48 info: POST /api/admin/all-advisors
2026-08-12 15:29:48 info: POST /api/admin/all-advisors
2026-08-12 15:34:58 info: POST /api/admin/all-farmers
2026-08-12 15:34:58 info: POST /api/admin/all-farmers
2026-08-12 15:34:59 info: POST /api/admin/all-advisors
2026-08-12 15:34:59 info: POST /api/admin/all-advisors
2026-08-12 15:55:59 info: POST /api/admin/all-farmers
2026-08-12 15:55:59 info: POST /api/admin/all-farmers
2026-08-12 15:56:03 info: GET /api/admin/product-orders
2026-08-12 15:56:03 info: GET /api/admin/product-orders
2026-08-12 16:05:42 info: GET /api/advisor/profile
2026-08-12 16:05:42 info: GET /api/advisor/profile
2026-08-12 16:05:42 info: GET /api/advisor/profile
2026-08-12 16:05:42 info: GET /api/advisor/profile
2026-08-12 16:05:44 info: POST /api/advisor/update-location
2026-08-12 16:05:44 info: POST /api/advisor/update-location
2026-08-12 16:05:44 info: POST /api/advisor/update-location
2026-08-12 16:06:34 info: GET /api/admin/product-orders
2026-08-12 16:06:34 info: GET /api/admin/product-orders
2026-08-12 16:06:44 info: GET /api/admin/product-orders
2026-08-12 16:06:44 info: GET /api/admin/product-orders
2026-08-12 16:06:46 info: POST /api/advisor/update-location
2026-08-12 16:06:48 info: GET /api/advisor/profile
2026-08-12 16:06:48 info: GET /api/advisor/profile
2026-08-12 16:06:48 info: GET /api/advisor/profile
2026-08-12 16:06:48 info: GET /api/advisor/profile
2026-08-12 16:06:48 info: GET /api/advisor/profile
2026-08-12 16:06:48 info: GET /api/advisor/profile
2026-08-12 16:06:48 info: POST /api/advisor/update-location
2026-08-12 16:06:48 info: POST /api/advisor/update-location
2026-08-12 16:06:48 info: POST /api/advisor/update-location
2026-08-12 16:06:48 info: GET /api/advisor/profile
2026-08-12 16:06:48 info: GET /api/advisor/profile
2026-08-12 16:06:48 info: GET /api/advisor/profile
2026-08-12 16:06:48 info: POST /api/advisor/update-location
2026-08-12 16:06:48 info: POST /api/advisor/update-location
2026-08-12 16:06:48 info: POST /api/advisor/update-location
2026-08-12 16:06:48 info: GET /api/advisor/profile
2026-08-12 16:06:48 info: GET /api/advisor/profile
2026-08-12 16:07:05 info: GET /api/admin/product-orders
2026-08-12 16:07:05 info: GET /api/admin/product-orders
2026-08-12 16:07:31 info: GET /api/advisor/profile
2026-08-12 16:07:31 info: GET /api/advisor/profile
2026-08-12 16:07:31 info: GET /api/advisor/profile
2026-08-12 16:07:31 info: GET /api/advisor/profile
2026-08-12 16:07:32 info: GET /api/advisor/profile
2026-08-12 16:07:32 info: GET /api/advisor/profile
2026-08-12 16:07:32 info: GET /api/advisor/profile
2026-08-12 16:07:32 info: GET /api/advisor/profile
2026-08-12 16:07:36 info: POST /api/advisor/update-location
2026-08-12 16:07:36 info: POST /api/advisor/update-location
2026-08-12 16:07:36 info: POST /api/advisor/update-location
2026-08-12 16:07:46 info: GET /api/advisor/profile
2026-08-12 16:07:46 info: GET /api/advisor/profile
2026-08-12 16:07:46 info: GET /api/advisor/profile
2026-08-12 16:07:46 info: GET /api/advisor/profile
2026-08-12 16:07:47 info: GET /api/advisor/profile
2026-08-12 16:07:47 info: GET /api/advisor/profile
2026-08-12 16:07:47 info: GET /api/advisor/profile
2026-08-12 16:07:47 info: GET /api/advisor/profile
2026-08-12 16:08:05 info: GET /api/advisor/profile
2026-08-12 16:08:05 info: GET /api/advisor/profile
2026-08-12 16:08:05 info: GET /api/advisor/profile
2026-08-12 16:08:05 info: GET /api/advisor/profile
2026-08-12 16:08:05 info: GET /api/advisor/profile
2026-08-12 16:08:06 info: GET /api/advisor/profile
2026-08-12 16:08:06 info: GET /api/advisor/profile
2026-08-12 16:08:06 info: GET /api/advisor/profile
2026-08-12 16:08:06 info: POST /api/advisor/update-location
2026-08-12 16:08:06 info: POST /api/advisor/update-location
2026-08-12 16:08:06 info: POST /api/advisor/update-location
2026-08-12 16:08:07 info: GET /api/advisor/profile
2026-08-12 16:08:07 info: GET /api/advisor/profile
2026-08-12 16:08:07 info: GET /api/advisor/profile
2026-08-12 16:08:07 info: GET /api/advisor/profile
2026-08-12 16:08:07 info: POST /api/advisor/update-location
2026-08-12 16:08:07 info: POST /api/advisor/update-location
2026-08-12 16:08:07 info: POST /api/advisor/update-location
2026-08-12 16:08:07 info: GET /api/advisor/profile
2026-08-12 16:08:07 info: GET /api/advisor/profile
2026-08-12 16:08:07 info: GET /api/advisor/profile
2026-08-12 16:08:07 info: GET /api/advisor/profile
2026-08-12 16:08:07 info: POST /api/advisor/update-location
2026-08-12 16:08:07 info: POST /api/advisor/update-location
2026-08-12 16:08:07 info: POST /api/advisor/update-location
2026-08-12 16:08:07 info: GET /api/advisor/profile
2026-08-12 16:08:07 info: GET /api/advisor/profile
2026-08-12 16:08:07 info: GET /api/advisor/profile
2026-08-12 16:08:07 info: GET /api/advisor/profile
2026-08-12 16:08:07 info: POST /api/advisor/update-location
2026-08-12 16:08:07 info: POST /api/advisor/update-location
2026-08-12 16:08:07 info: POST /api/advisor/update-location
2026-08-12 16:08:08 info: GET /api/advisor/profile
2026-08-12 16:08:08 info: GET /api/advisor/profile
2026-08-12 16:08:08 info: GET /api/advisor/profile
2026-08-12 16:08:08 info: GET /api/advisor/profile
2026-08-12 16:08:08 info: GET /api/advisor/profile
2026-08-12 16:08:08 info: GET /api/advisor/profile
2026-08-12 16:08:08 info: GET /api/advisor/profile
2026-08-12 16:08:08 info: GET /api/advisor/profile
2026-08-12 16:08:08 info: GET /api/advisor/profile
2026-08-12 16:08:08 info: GET /api/advisor/profile
2026-08-12 16:08:08 info: GET /api/advisor/profile
2026-08-12 16:08:08 info: GET /api/advisor/profile
2026-08-12 16:08:08 info: GET /api/advisor/profile
2026-08-12 16:08:08 info: GET /api/advisor/profile
2026-08-12 16:08:08 info: GET /api/advisor/profile
2026-08-12 16:08:08 info: GET /api/advisor/profile
2026-08-12 16:08:08 info: GET /api/advisor/profile
2026-08-12 16:08:08 info: GET /api/advisor/profile
2026-08-12 16:08:08 info: GET /api/advisor/profile
2026-08-12 16:08:08 info: GET /api/advisor/profile
2026-08-12 16:08:08 info: POST /api/advisor/update-location
2026-08-12 16:08:08 info: POST /api/advisor/update-location
2026-08-12 16:08:08 info: POST /api/advisor/update-location
2026-08-12 16:08:09 info: GET /api/advisor/profile
2026-08-12 16:08:09 info: GET /api/advisor/profile
2026-08-12 16:08:09 info: GET /api/advisor/profile
2026-08-12 16:08:09 info: GET /api/advisor/profile
2026-08-12 16:08:09 info: GET /api/advisor/profile
2026-08-12 16:08:09 info: GET /api/advisor/profile
2026-08-12 16:08:09 info: GET /api/advisor/profile
2026-08-12 16:08:09 info: GET /api/advisor/profile
2026-08-12 16:08:09 info: GET /api/advisor/profile
2026-08-12 16:08:09 info: GET /api/advisor/profile
2026-08-12 16:08:09 info: GET /api/advisor/profile
2026-08-12 16:08:09 info: GET /api/advisor/profile
2026-08-12 16:08:09 info: POST /api/advisor/update-location
2026-08-12 16:08:09 info: POST /api/advisor/update-location
2026-08-12 16:08:09 info: POST /api/advisor/update-location
2026-08-12 16:08:09 info: GET /api/advisor/profile
2026-08-12 16:08:09 info: GET /api/advisor/profile
2026-08-12 16:08:09 info: GET /api/advisor/profile
2026-08-12 16:08:09 info: GET /api/advisor/profile
2026-08-12 16:08:09 info: POST /api/advisor/update-location
2026-08-12 16:08:09 info: POST /api/advisor/update-location
2026-08-12 16:08:09 info: POST /api/advisor/update-location
2026-08-12 16:08:09 info: GET /api/advisor/profile
2026-08-12 16:08:09 info: GET /api/advisor/profile
2026-08-12 16:08:09 info: GET /api/advisor/profile
2026-08-12 16:08:10 info: GET /api/advisor/profile
2026-08-12 16:08:10 info: POST /api/advisor/update-location
2026-08-12 16:08:10 info: POST /api/advisor/update-location
2026-08-12 16:08:10 info: POST /api/advisor/update-location
2026-08-12 16:08:10 info: GET /api/advisor/profile
2026-08-12 16:08:10 info: GET /api/advisor/profile
2026-08-12 16:08:10 info: GET /api/advisor/profile
2026-08-12 16:08:10 info: GET /api/advisor/profile
2026-08-12 16:08:10 info: GET /api/advisor/profile
2026-08-12 16:08:10 info: GET /api/advisor/profile
2026-08-12 16:08:10 info: GET /api/advisor/profile
2026-08-12 16:08:10 info: GET /api/advisor/profile
2026-08-12 16:08:10 info: GET /api/advisor/profile
2026-08-12 16:08:10 info: GET /api/advisor/profile
2026-08-12 16:08:10 info: GET /api/advisor/profile
2026-08-12 16:08:10 info: GET /api/advisor/profile
2026-08-12 16:08:10 info: POST /api/advisor/update-location
2026-08-12 16:08:10 info: POST /api/advisor/update-location
2026-08-12 16:08:10 info: POST /api/advisor/update-location
2026-08-12 16:08:10 info: GET /api/advisor/profile
2026-08-12 16:08:10 info: GET /api/advisor/profile
2026-08-12 16:08:10 info: GET /api/advisor/profile
2026-08-12 16:08:10 info: GET /api/advisor/profile
2026-08-12 16:08:11 info: GET /api/advisor/profile
2026-08-12 16:08:11 info: GET /api/advisor/profile
2026-08-12 16:08:11 info: GET /api/advisor/profile
2026-08-12 16:08:11 info: GET /api/advisor/profile
2026-08-12 16:08:11 info: POST /api/advisor/update-location
2026-08-12 16:08:11 info: POST /api/advisor/update-location
2026-08-12 16:08:11 info: POST /api/advisor/update-location
2026-08-12 16:08:26 info: GET /api/advisor/profile
2026-08-12 16:08:26 info: GET /api/advisor/profile
2026-08-12 16:08:26 info: GET /api/advisor/profile
2026-08-12 16:08:26 info: GET /api/advisor/profile
2026-08-12 16:08:28 info: GET /api/advisor/profile
2026-08-12 16:08:28 info: GET /api/advisor/profile
2026-08-12 16:08:28 info: GET /api/advisor/profile
2026-08-12 16:08:28 info: GET /api/advisor/profile
2026-08-12 16:08:28 info: GET /api/advisor/profile
2026-08-12 16:08:28 info: GET /api/advisor/profile
2026-08-12 16:08:28 info: GET /api/advisor/profile
2026-08-12 16:08:28 info: GET /api/advisor/profile
2026-08-12 16:08:28 info: GET /api/advisor/profile
2026-08-12 16:08:28 info: GET /api/advisor/profile
2026-08-12 16:08:28 info: GET /api/advisor/profile
2026-08-12 16:08:28 info: GET /api/advisor/profile
2026-08-12 16:08:28 info: GET /api/advisor/profile
2026-08-12 16:08:28 info: GET /api/advisor/profile
2026-08-12 16:08:28 info: GET /api/advisor/profile
2026-08-12 16:08:28 info: GET /api/advisor/profile
2026-08-12 16:08:29 info: GET /api/advisor/profile
2026-08-12 16:08:29 info: GET /api/advisor/profile
2026-08-12 16:08:29 info: GET /api/advisor/profile
2026-08-12 16:08:29 info: GET /api/advisor/profile
2026-08-12 16:08:31 info: POST /api/advisor/update-location
2026-08-12 16:08:31 info: POST /api/advisor/update-location
2026-08-12 16:08:31 info: POST /api/advisor/update-location
2026-08-12 16:08:36 info: GET /api/advisor/profile
2026-08-12 16:08:36 info: GET /api/advisor/profile
2026-08-12 16:08:36 info: GET /api/advisor/profile
2026-08-12 16:08:36 info: GET /api/advisor/profile
2026-08-12 16:08:36 info: POST /api/advisor/update-location
2026-08-12 16:08:36 info: POST /api/advisor/update-location
2026-08-12 16:08:36 info: POST /api/advisor/update-location
2026-08-12 16:08:36 info: GET /api/advisor/profile
2026-08-12 16:08:36 info: GET /api/advisor/profile
2026-08-12 16:08:36 info: GET /api/advisor/profile
2026-08-12 16:08:36 info: GET /api/advisor/profile
2026-08-12 16:08:36 info: POST /api/advisor/update-location
2026-08-12 16:08:36 info: POST /api/advisor/update-location
2026-08-12 16:08:36 info: POST /api/advisor/update-location
2026-08-12 16:08:46 info: GET /api/advisor/profile
2026-08-12 16:08:46 info: GET /api/advisor/profile
2026-08-12 16:08:46 info: GET /api/advisor/profile
2026-08-12 16:08:46 info: GET /api/advisor/profile
2026-08-12 16:08:51 info: POST /api/advisor/update-location
2026-08-12 16:08:51 info: POST /api/advisor/update-location
2026-08-12 16:08:51 info: POST /api/advisor/update-location
2026-08-12 16:09:06 info: POST /api/advisor/update-location
2026-08-12 16:09:36 info: POST /api/advisor/update-location
2026-08-12 16:10:04 info: POST /api/advisor/update-location
2026-08-12 16:10:18 info: POST /api/advisor/update-location
2026-08-12 16:10:33 info: POST /api/advisor/update-location
2026-08-12 16:10:49 info: POST /api/advisor/update-location
2026-08-12 16:11:03 info: POST /api/advisor/update-location
2026-08-12 16:19:20 info: POST /api/advisor/update-location
2026-08-12 16:22:10 info: POST /api/advisor/update-location
2026-08-12 16:22:10 info: POST /api/advisor/update-location
2026-08-12 16:22:11 info: POST /api/advisor/update-location
2026-08-12 16:22:26 info: POST /api/advisor/update-location
2026-08-12 16:22:42 info: POST /api/advisor/update-location
2026-08-12 16:23:13 info: POST /api/advisor/update-location
2026-08-12 16:23:42 info: POST /api/advisor/update-location
2026-08-12 16:24:43 info: POST /api/advisor/update-location
2026-08-12 16:24:59 info: POST /api/advisor/update-location
2026-08-12 16:25:36 info: POST /api/advisor/update-location
2026-08-12 16:27:44 info: POST /api/advisor/update-location
2026-08-12 16:28:19 info: POST /api/advisor/update-location
2026-08-12 16:30:13 info: POST /api/advisor/update-location
2026-08-12 16:30:48 info: POST /api/advisor/update-location
2026-08-12 16:31:06 info: POST /api/advisor/update-location
2026-08-12 16:31:21 info: POST /api/advisor/update-location
2026-08-12 16:32:49 info: POST /api/advisor/update-location
2026-08-12 16:33:59 info: POST /api/advisor/update-location
2026-08-12 16:36:13 info: POST /api/advisor/update-location
2026-08-12 16:36:30 info: POST /api/advisor/update-location
2026-08-12 16:36:48 info: POST /api/advisor/update-location
2026-08-12 16:37:58 info: POST /api/advisor/update-location
2026-08-12 16:38:34 info: POST /api/advisor/update-location
2026-08-12 16:38:51 info: POST /api/advisor/update-location
2026-08-12 16:39:26 info: POST /api/advisor/update-location
2026-08-12 16:39:43 info: POST /api/advisor/update-location
2026-08-12 16:41:42 info: POST /api/advisor/update-location
2026-08-12 16:41:57 info: POST /api/advisor/update-location
2026-08-12 16:42:46 info: POST /api/advisor/update-location
2026-08-12 16:43:31 info: POST /api/advisor/update-location
2026-08-12 16:44:02 info: POST /api/advisor/update-location
2026-08-12 16:44:33 info: POST /api/advisor/update-location
2026-08-12 16:46:28 info: POST /api/advisor/update-location
2026-08-12 16:46:58 info: POST /api/advisor/update-location
2026-08-12 16:47:29 info: POST /api/advisor/update-location
2026-08-12 16:47:44 info: POST /api/advisor/update-location
2026-08-12 16:48:00 info: POST /api/advisor/update-location
2026-08-12 16:48:28 info: POST /api/advisor/update-location
2026-08-12 16:48:41 info: POST /api/advisor/update-location
2026-08-12 16:48:56 info: POST /api/advisor/update-location
2026-08-12 16:49:26 info: POST /api/advisor/update-location
2026-08-12 16:49:41 info: POST /api/advisor/update-location
2026-08-12 16:49:46 info: GET /api/advisor/profile
2026-08-12 16:49:46 info: GET /api/advisor/profile
2026-08-12 16:49:46 info: GET /api/advisor/profile
2026-08-12 16:49:46 info: POST /api/advisor/update-location
2026-08-12 16:49:46 info: POST /api/advisor/update-location
2026-08-12 16:49:46 info: POST /api/advisor/update-location
2026-08-12 16:49:46 info: GET /api/advisor/profile
2026-08-12 16:50:31 info: POST /api/advisor/update-location
2026-08-12 16:50:32 info: GET /api/advisor/farmers
2026-08-12 16:50:33 info: GET /api/advisor/farmers
2026-08-12 16:50:33 info: GET /api/advisor/dashboard
2026-08-12 16:50:33 info: GET /api/advisor/dashboard
2026-08-12 16:56:31 info: POST /api/advisor/update-location
2026-08-12 16:56:46 info: POST /api/advisor/update-location
2026-08-12 16:56:51 info: GET /api/advisor/farmers
2026-08-12 16:56:51 info: GET /api/advisor/farmers
2026-08-12 16:56:53 info: GET /api/advisor/farmers
2026-08-12 16:56:53 info: GET /api/product/list
2026-08-12 16:56:53 info: GET /api/advisor/farmers
2026-08-12 16:56:53 info: GET /api/product/list
2026-08-12 16:56:57 info: GET /api/product-order/list
2026-08-12 16:56:57 info: GET /api/product-order/list
2026-08-12 16:57:01 info: GET /api/product/list
2026-08-12 16:57:01 info: GET /api/advisor/farmers
2026-08-12 16:57:01 info: GET /api/product/list
2026-08-12 16:57:01 info: GET /api/advisor/farmers
2026-08-12 16:57:02 info: GET /api/advisor/farmers
2026-08-12 16:57:03 info: GET /api/advisor/farmers
2026-08-12 16:57:23 info: GET /api/advisor/dashboard
2026-08-12 16:57:23 info: GET /api/advisor/dashboard
2026-08-12 16:57:24 info: GET /api/product/list
2026-08-12 16:57:24 info: GET /api/advisor/farmers
2026-08-12 16:57:24 info: GET /api/advisor/farmers
2026-08-12 16:57:24 info: GET /api/product/list
2026-08-12 16:57:28 info: POST /api/product/single
2026-08-12 16:57:28 info: POST /api/product/single
2026-08-12 16:57:35 info: GET /api/advisor/farmers
2026-08-12 16:57:35 info: GET /api/advisor/farmers
2026-08-12 16:57:38 info: GET /api/product-order/list
2026-08-12 16:57:38 info: GET /api/product-order/list
2026-08-12 16:57:39 info: GET /api/product-order/list
2026-08-12 16:57:39 info: GET /api/product-order/list
2026-08-12 16:57:41 info: GET /api/product-order/list
2026-08-12 16:57:41 info: GET /api/product-order/list
2026-08-12 16:57:54 info: POST /api/advisor/update-location
2026-08-12 16:57:54 info: GET /api/product/list
2026-08-12 16:57:54 info: GET /api/advisor/farmers
2026-08-12 16:57:54 info: GET /api/advisor/farmers
2026-08-12 16:57:54 info: GET /api/product/list
2026-08-12 16:57:56 info: GET /api/advisor/farmers
2026-08-12 16:57:56 info: GET /api/advisor/farmers
2026-08-12 17:01:19 info: GET /api/advisor/farmers
2026-08-12 17:01:19 info: GET /api/advisor/profile
2026-08-12 17:01:24 info: POST /api/advisor/update-location
2026-08-12 17:01:24 info: POST /api/advisor/update-location
2026-08-12 17:01:40 info: POST /api/advisor/update-location
2026-08-12 17:01:52 info: GET /api/advisor/dashboard
2026-08-12 17:01:52 info: GET /api/advisor/dashboard
2026-08-12 17:01:55 info: POST /api/advisor/update-location
2026-08-12 17:02:31 info: GET /api/advisor/farmers
2026-08-12 17:02:31 info: GET /api/advisor/farmers
2026-08-12 17:02:35 info: GET /api/advisor/farmers
2026-08-12 17:02:35 info: GET /api/product/list
2026-08-12 17:02:35 info: GET /api/advisor/farmers
2026-08-12 17:02:35 info: GET /api/product/list
2026-08-12 17:02:40 info: GET /api/product-order/list
2026-08-12 17:02:40 info: GET /api/product-order/list
2026-08-12 17:02:43 info: GET /api/product-order/list
2026-08-12 17:02:43 info: GET /api/product-order/list
2026-08-12 17:02:53 info: GET /api/product-order/list
2026-08-12 17:02:53 info: GET /api/product-order/list
2026-08-12 17:02:55 info: GET /api/product/list
2026-08-12 17:02:55 info: GET /api/advisor/farmers
2026-08-12 17:02:56 info: GET /api/product/list
2026-08-12 17:02:56 info: GET /api/advisor/farmers
2026-08-12 17:03:02 info: GET /api/advisor/farmers
2026-08-12 17:03:02 info: GET /api/advisor/farmers
2026-08-12 17:03:09 info: POST /api/advisor/update-location
2026-08-12 17:03:30 info: GET /api/product/list
2026-08-12 17:03:30 info: GET /api/advisor/farmers
2026-08-12 17:03:30 info: GET /api/advisor/farmers
2026-08-12 17:03:30 info: GET /api/product/list
2026-08-12 17:03:40 info: GET /api/advisor/farmers
2026-08-12 17:03:40 info: GET /api/advisor/farmers
2026-08-12 17:03:42 info: GET /api/advisor/dashboard
2026-08-12 17:03:42 info: GET /api/advisor/dashboard
2026-08-12 17:03:44 info: GET /api/advisor/farmers
2026-08-12 17:03:44 info: GET /api/product/list
2026-08-12 17:03:44 info: GET /api/product/list
2026-08-12 17:03:44 info: GET /api/advisor/farmers
2026-08-12 17:03:46 info: GET /api/advisor/farmers
2026-08-12 17:03:46 info: GET /api/advisor/farmers
2026-08-12 17:03:48 info: POST /api/advisor/farmer
2026-08-12 17:03:48 info: POST /api/advisor/farmer
2026-08-12 17:03:52 info: GET /api/product/list
2026-08-12 17:03:52 info: GET /api/advisor/farmers
2026-08-12 17:03:53 info: GET /api/advisor/farmers
2026-08-12 17:03:53 info: GET /api/product/list
2026-08-12 17:03:54 info: POST /api/advisor/update-location
2026-08-12 17:03:55 info: POST /api/product/single
2026-08-12 17:03:55 info: POST /api/product/single
2026-08-12 17:03:58 info: GET /api/product/list
2026-08-12 17:03:58 info: GET /api/advisor/farmers
2026-08-12 17:03:58 info: GET /api/advisor/farmers
2026-08-12 17:03:58 info: GET /api/product/list
2026-08-12 17:04:02 info: POST /api/product/single
2026-08-12 17:04:02 info: POST /api/product/single
2026-08-12 17:04:06 info: GET /api/product/list
2026-08-12 17:04:06 info: GET /api/advisor/farmers
2026-08-12 17:04:06 info: GET /api/advisor/farmers
2026-08-12 17:04:06 info: GET /api/product/list
2026-08-12 17:04:08 info: POST /api/product/single
2026-08-12 17:04:08 info: POST /api/product/single
2026-08-12 17:04:10 info: GET /api/product/list
2026-08-12 17:04:10 info: GET /api/advisor/farmers
2026-08-12 17:04:10 info: GET /api/product/list
2026-08-12 17:04:10 info: GET /api/advisor/farmers
2026-08-12 17:04:12 info: POST /api/product/single
2026-08-12 17:04:12 info: POST /api/product/single
2026-08-12 17:04:14 info: GET /api/product/list
2026-08-12 17:04:14 info: GET /api/advisor/farmers
2026-08-12 17:04:14 info: GET /api/advisor/farmers
2026-08-12 17:04:14 info: GET /api/product/list
2026-08-12 17:04:22 info: GET /api/product-order/list
2026-08-12 17:04:22 info: GET /api/product-order/list
2026-08-12 17:04:30 info: GET /api/product-order/list
2026-08-12 17:04:30 info: GET /api/product-order/list
2026-08-12 17:04:41 info: POST /api/advisor/update-location
2026-08-12 17:05:12 info: POST /api/advisor/update-location
2026-08-12 17:06:41 info: POST /api/advisor/update-location
2026-08-12 17:06:54 info: POST /api/advisor/update-location
2026-08-12 17:07:35 info: GET /api/product/list
2026-08-12 17:07:35 info: GET /api/advisor/farmers
2026-08-12 17:07:35 info: GET /api/advisor/farmers
2026-08-12 17:07:35 info: GET /api/product/list
2026-08-12 17:07:36 info: GET /api/advisor/farmers
2026-08-12 17:07:36 info: GET /api/advisor/farmers
2026-08-12 17:07:36 info: GET /api/advisor/dashboard
2026-08-12 17:07:36 info: GET /api/advisor/dashboard
2026-08-12 17:07:39 info: GET /api/product-order/list
2026-08-12 17:07:39 info: GET /api/product-order/list
2026-08-12 17:09:24 info: POST /api/advisor/update-location
2026-08-12 17:09:26 info: GET /api/product-order/list
2026-08-12 17:09:26 info: GET /api/product-order/list
2026-08-12 17:09:26 info: POST /api/advisor/update-location
2026-08-12 17:09:26 info: GET /api/product/list
2026-08-12 17:09:26 info: GET /api/advisor/farmers
2026-08-12 17:09:26 info: GET /api/product/list
2026-08-12 17:09:26 info: GET /api/advisor/farmers
2026-08-12 17:09:28 info: GET /api/advisor/farmers
2026-08-12 17:09:28 info: GET /api/advisor/farmers
2026-08-12 17:09:29 info: GET /api/advisor/dashboard
2026-08-12 17:09:29 info: GET /api/advisor/dashboard
2026-08-12 17:09:31 info: GET /api/product/list
2026-08-12 17:09:31 info: GET /api/advisor/farmers
2026-08-12 17:09:31 info: GET /api/product/list
2026-08-12 17:09:31 info: GET /api/advisor/farmers
2026-08-12 17:09:31 info: GET /api/advisor/farmers
2026-08-12 17:09:31 info: GET /api/advisor/farmers
2026-08-12 17:09:32 info: GET /api/product/list
2026-08-12 17:09:32 info: GET /api/advisor/farmers
2026-08-12 17:09:32 info: GET /api/product/list
2026-08-12 17:09:32 info: GET /api/advisor/farmers
2026-08-12 17:09:33 info: GET /api/advisor/farmers
2026-08-12 17:09:34 info: GET /api/advisor/farmers
2026-08-12 17:09:43 info: POST /api/advisor/update-location
2026-08-12 17:10:19 info: POST /api/advisor/update-location
2026-08-12 17:10:23 info: POST /api/advisor/farmer
2026-08-12 17:10:23 info: POST /api/advisor/farmer
2026-08-12 17:10:24 info: GET /api/product-order/list
2026-08-12 17:10:24 info: GET /api/product-order/list
2026-08-12 17:15:35 info: POST /api/advisor/update-location
2026-08-12 17:16:04 info: GET /api/product-order/list
2026-08-12 17:16:04 info: GET /api/advisor/profile
2026-08-12 17:16:04 info: GET /api/advisor/profile
2026-08-12 17:16:04 info: GET /api/product-order/list
2026-08-12 17:16:09 info: POST /api/advisor/update-location
2026-08-12 17:16:09 info: POST /api/advisor/update-location
2026-08-12 17:16:09 info: POST /api/advisor/update-location
2026-08-12 17:16:25 info: POST /api/advisor/update-location
2026-08-12 17:16:56 info: POST /api/advisor/update-location
2026-08-12 17:17:15 info: GET /api/admin/product-orders
2026-08-12 17:17:15 info: GET /api/admin/product-orders
2026-08-12 17:17:37 info: GET /api/admin/product-orders
2026-08-12 17:17:37 info: GET /api/admin/product-orders
2026-08-12 17:17:45 info: GET /api/admin/advisor-locations
2026-08-12 17:17:45 info: GET /api/admin/advisor-locations
2026-08-12 17:17:51 info: GET /api/admin/advisor-locations
2026-08-12 17:17:57 info: GET /api/admin/advisor-locations
2026-08-12 17:18:03 info: GET /api/admin/advisor-locations
2026-08-12 17:18:09 info: GET /api/admin/advisor-locations
2026-08-12 17:18:15 info: GET /api/admin/advisor-locations
2026-08-12 17:18:16 info: GET /api/admin/advisor-locations
2026-08-12 17:18:16 info: GET /api/admin/advisor-locations
2026-08-12 17:18:16 info: GET /api/admin/advisor-locations
2026-08-12 17:18:16 info: GET /api/admin/advisor-locations
2026-08-12 17:18:22 info: GET /api/admin/advisor-locations
2026-08-12 17:18:29 info: GET /api/admin/advisor-locations
2026-08-12 17:18:35 info: GET /api/admin/advisor-locations
2026-08-12 17:18:41 info: GET /api/admin/advisor-locations
2026-08-12 17:18:47 info: GET /api/admin/advisor-locations
2026-08-12 17:18:53 info: GET /api/admin/advisor-locations
2026-08-12 17:18:59 info: GET /api/admin/advisor-locations
2026-08-12 17:19:05 info: GET /api/admin/advisor-locations
2026-08-12 17:19:11 info: GET /api/admin/advisor-locations
2026-08-12 17:19:17 info: GET /api/admin/advisor-locations
2026-08-12 17:19:23 info: GET /api/admin/advisor-locations
2026-08-12 17:19:38 info: GET /api/admin/advisor-locations
2026-08-12 17:19:40 info: GET /api/admin/advisor-locations
2026-08-12 17:19:46 info: GET /api/admin/advisor-locations
2026-08-12 17:19:53 info: GET /api/admin/advisor-locations
2026-08-12 17:19:59 info: GET /api/admin/advisor-locations
2026-08-12 17:20:05 info: GET /api/admin/advisor-locations
2026-08-12 17:20:11 info: GET /api/admin/advisor-locations
2026-08-12 17:20:17 info: GET /api/admin/advisor-locations
2026-08-12 17:20:23 info: GET /api/admin/advisor-locations
2026-08-12 17:20:29 info: GET /api/admin/advisor-locations
2026-08-12 17:20:35 info: GET /api/admin/advisor-locations
2026-08-12 17:20:41 info: GET /api/admin/advisor-locations
2026-08-12 17:20:47 info: GET /api/admin/advisor-locations
2026-08-12 17:21:38 info: GET /api/admin/advisor-locations
2026-08-12 17:22:38 info: GET /api/admin/advisor-locations
2026-08-12 17:23:38 info: GET /api/admin/advisor-locations
2026-08-12 17:24:38 info: GET /api/admin/advisor-locations
2026-08-12 17:25:38 info: GET /api/admin/advisor-locations
2026-08-12 17:25:40 info: GET /api/admin/advisor-locations
2026-08-12 17:25:44 info: GET /api/admin/advisor-locations
2026-08-12 17:25:44 info: GET /api/admin/advisor-locations
2026-08-12 17:25:44 info: GET /api/admin/advisor-locations
2026-08-12 17:25:44 info: GET /api/admin/advisor-locations
2026-08-12 17:25:44 info: GET /api/admin/advisor-locations
2026-08-12 17:25:46 info: GET /api/admin/advisor-locations
2026-08-12 17:25:53 info: GET /api/admin/advisor-locations
2026-08-12 17:25:59 info: GET /api/admin/advisor-locations
2026-08-12 17:26:05 info: GET /api/admin/advisor-locations
2026-08-12 17:26:11 info: GET /api/admin/advisor-locations
2026-08-12 17:26:17 info: GET /api/admin/advisor-locations
2026-08-12 17:26:23 info: GET /api/admin/advisor-locations
2026-08-12 17:26:29 info: GET /api/admin/advisor-locations
2026-08-12 17:26:35 info: GET /api/admin/advisor-locations
2026-08-12 17:26:41 info: GET /api/advisor/profile
2026-08-12 17:26:41 info: GET /api/product-order/list
2026-08-12 17:26:41 info: GET /api/advisor/profile
2026-08-12 17:26:41 info: GET /api/product-order/list
2026-08-12 17:26:41 info: GET /api/advisor/profile
2026-08-12 17:26:41 info: GET /api/product-order/list
2026-08-12 17:26:41 info: GET /api/advisor/profile
2026-08-12 17:26:41 info: GET /api/admin/advisor-locations
2026-08-12 17:26:41 info: GET /api/advisor/profile
2026-08-12 17:26:41 info: GET /api/product-order/list
2026-08-12 17:26:42 info: POST /api/advisor/update-location
2026-08-12 17:26:42 info: POST /api/advisor/update-location
2026-08-12 17:26:42 info: POST /api/advisor/update-location
2026-08-12 17:26:47 info: GET /api/admin/advisor-locations
2026-08-12 17:26:53 info: GET /api/admin/advisor-locations
2026-08-12 17:26:59 info: GET /api/admin/advisor-locations
2026-08-12 17:27:05 info: GET /api/admin/advisor-locations
2026-08-12 17:27:11 info: GET /api/admin/advisor-locations
2026-08-12 17:27:17 info: GET /api/admin/advisor-locations
2026-08-12 17:27:23 info: GET /api/admin/advisor-locations
2026-08-12 17:27:29 info: GET /api/admin/advisor-locations
2026-08-12 17:27:35 info: GET /api/admin/advisor-locations
2026-08-12 17:28:14 info: GET /api/admin/advisor-locations
2026-08-12 17:28:14 info: GET /api/admin/advisor-locations
2026-08-12 17:28:22 info: Server Started on port 4000
2026-08-12 17:28:22 info: GET /api/admin/advisor-locations
2026-08-12 17:28:26 info: GET /api/admin/advisor-locations
2026-08-12 17:28:32 info: GET /api/admin/advisor-locations
2026-08-12 17:28:35 info: GET /api/admin/advisor-locations
2026-08-12 17:28:41 info: GET /api/admin/advisor-locations
2026-08-12 17:28:46 info: GET /api/admin/advisor-locations
2026-08-12 17:28:51 info: GET /api/admin/advisor-locations
2026-08-12 17:28:56 info: GET /api/admin/advisor-locations
2026-08-12 17:29:01 info: GET /api/admin/advisor-locations
2026-08-12 17:29:06 info: GET /api/admin/advisor-locations
2026-08-12 17:29:08 info: GET /api/admin/advisor-locations
2026-08-12 17:29:08 info: GET /api/admin/advisor-locations
2026-08-12 17:29:13 info: GET /api/admin/advisor-locations
2026-08-12 17:29:18 info: GET /api/admin/advisor-locations
2026-08-12 17:29:23 info: GET /api/admin/advisor-locations
2026-08-12 17:29:28 info: GET /api/admin/advisor-locations
2026-08-12 17:29:33 info: GET /api/admin/advisor-locations
2026-08-12 17:29:33 info: GET /api/admin/advisor-locations
2026-08-12 17:29:33 info: GET /api/admin/advisor-locations
2026-08-12 17:29:38 info: GET /api/admin/advisor-locations
2026-08-12 17:29:43 info: GET /api/admin/advisor-locations
2026-08-12 17:29:46 info: GET /api/admin/advisor-locations
2026-08-12 17:29:46 info: GET /api/admin/advisor-locations
2026-08-12 17:29:47 info: GET /api/admin/advisor-locations
2026-08-12 17:29:47 info: GET /api/admin/advisor-locations
2026-08-12 17:29:47 info: GET /api/admin/advisor-locations
2026-08-12 17:29:47 info: GET /api/admin/advisor-locations
2026-08-12 17:29:47 info: GET /api/admin/advisor-locations
2026-08-12 17:29:47 info: GET /api/admin/advisor-locations
2026-08-12 17:29:47 info: GET /api/admin/advisor-locations
2026-08-12 17:29:47 info: GET /api/admin/advisor-locations
2026-08-12 17:29:47 info: GET /api/admin/advisor-locations
2026-08-12 17:29:47 info: GET /api/admin/advisor-locations
2026-08-12 17:29:47 info: GET /api/admin/advisor-locations
2026-08-12 17:29:48 info: GET /api/admin/advisor-locations
2026-08-12 17:29:48 info: GET /api/admin/advisor-locations
2026-08-12 17:29:48 info: GET /api/admin/advisor-locations
2026-08-12 17:29:53 info: GET /api/admin/advisor-locations
2026-08-12 17:29:58 info: GET /api/admin/advisor-locations
2026-08-12 17:30:03 info: GET /api/admin/advisor-locations
2026-08-12 17:30:08 info: GET /api/admin/advisor-locations
2026-08-12 17:30:13 info: GET /api/admin/advisor-locations
2026-08-12 17:30:18 info: GET /api/admin/advisor-locations
2026-08-12 17:30:23 info: GET /api/admin/advisor-locations
2026-08-12 17:30:28 info: GET /api/admin/advisor-locations
2026-08-12 17:30:33 info: GET /api/admin/advisor-locations
2026-08-12 17:30:38 info: GET /api/admin/advisor-locations
2026-08-12 17:30:43 info: GET /api/admin/advisor-locations
2026-08-12 17:30:48 info: GET /api/admin/advisor-locations
2026-08-12 17:30:57 info: Server Started on port 4000
2026-08-12 17:31:02 info: Server Started on port 4000
2026-08-12 17:31:26 info: GET /api/admin/advisor-locations
2026-08-12 17:31:32 info: GET /api/admin/advisor-locations
2026-08-12 17:31:36 info: GET /api/admin/advisor-locations
2026-08-12 17:31:41 info: GET /api/admin/advisor-locations
2026-08-12 17:31:46 info: GET /api/admin/advisor-locations
2026-08-12 17:31:52 info: GET /api/admin/advisor-locations
2026-08-12 17:31:57 info: Server Started on port 4000
2026-08-12 17:31:57 info: GET /api/admin/advisor-locations
2026-08-12 17:31:58 info: GET /api/admin/advisor-locations
2026-08-12 17:32:02 info: GET /api/admin/advisor-locations
2026-08-12 17:32:07 info: GET /api/admin/advisor-locations
2026-08-12 17:32:13 info: GET /api/admin/advisor-locations
2026-08-12 17:32:18 info: GET /api/admin/advisor-locations
2026-08-12 17:32:23 info: GET /api/admin/advisor-locations
2026-08-12 17:32:27 info: GET /api/admin/advisor-locations
2026-08-12 17:32:32 info: GET /api/admin/advisor-locations
2026-08-12 17:32:38 info: GET /api/admin/advisor-locations
2026-08-12 17:32:43 info: GET /api/admin/advisor-locations
2026-08-12 17:32:48 info: GET /api/admin/advisor-locations
2026-08-12 17:32:53 info: GET /api/admin/advisor-locations
2026-08-12 17:32:58 info: GET /api/admin/advisor-locations
2026-08-12 17:33:03 info: GET /api/admin/advisor-locations
2026-08-12 17:33:38 info: GET /api/admin/advisor-locations
2026-08-12 17:33:50 info: Server Started on port 4000
2026-08-12 17:33:57 info: Server Started on port 4000
2026-08-12 17:34:38 info: GET /api/admin/advisor-locations
2026-08-12 17:34:44 info: GET /api/admin/advisor-locations
2026-08-12 17:34:47 info: GET /api/admin/advisor-locations
2026-08-12 17:34:52 info: GET /api/admin/advisor-locations
2026-08-12 17:34:57 info: GET /api/admin/advisor-locations
2026-08-12 17:35:02 info: GET /api/admin/advisor-locations
2026-08-12 17:35:07 info: GET /api/admin/advisor-locations
2026-08-12 17:35:12 info: GET /api/admin/advisor-locations
2026-08-12 17:35:17 info: GET /api/admin/advisor-locations
2026-08-12 17:35:22 info: GET /api/admin/advisor-locations
2026-08-12 17:35:28 info: GET /api/admin/advisor-locations
2026-08-12 17:35:30 info: Server Started on port 4000
2026-08-12 17:35:33 info: GET /api/admin/advisor-locations
2026-08-12 17:35:37 info: GET /api/admin/advisor-locations
2026-08-12 17:35:42 info: Server Started on port 4000
2026-08-12 17:35:42 info: GET /api/admin/advisor-locations
2026-08-12 17:35:42 info: GET /api/admin/advisor-locations
2026-08-12 17:35:48 info: GET /api/admin/advisor-locations
2026-08-12 17:35:54 info: GET /api/admin/advisor-locations
2026-08-12 17:36:00 info: GET /api/admin/advisor-locations
2026-08-12 17:36:06 info: GET /api/admin/advisor-locations
2026-08-12 17:36:12 info: GET /api/admin/advisor-locations
2026-08-12 17:36:18 info: GET /api/admin/advisor-locations
2026-08-12 17:36:24 info: GET /api/admin/advisor-locations
2026-08-12 17:36:30 info: GET /api/admin/advisor-locations
2026-08-12 17:36:36 info: GET /api/admin/advisor-locations
2026-08-12 17:36:42 info: GET /api/admin/advisor-locations
2026-08-12 17:36:48 info: GET /api/admin/advisor-locations
2026-08-12 17:36:54 info: GET /api/admin/advisor-locations
2026-08-12 17:37:00 info: GET /api/admin/advisor-locations
2026-08-12 17:37:06 info: GET /api/admin/advisor-locations
2026-08-12 17:37:12 info: GET /api/admin/advisor-locations
2026-08-12 17:37:18 info: GET /api/admin/advisor-locations
2026-08-12 17:37:24 info: GET /api/admin/advisor-locations
2026-08-12 17:37:30 info: GET /api/admin/advisor-locations
2026-08-12 17:37:36 info: GET /api/admin/advisor-locations
2026-08-12 17:37:42 info: GET /api/admin/advisor-locations
2026-08-12 17:37:46 info: Server Started on port 4000
2026-08-12 17:37:48 info: GET /api/admin/advisor-locations
2026-08-12 17:37:55 info: Server Started on port 4000
2026-08-12 17:37:55 info: GET /api/admin/advisor-locations
2026-08-12 17:38:00 info: GET /api/admin/advisor-locations
2026-08-12 17:38:06 info: GET /api/admin/advisor-locations
2026-08-12 17:38:10 info: GET /api/admin/advisor-locations
2026-08-12 17:38:16 info: GET /api/admin/advisor-locations
2026-08-12 17:38:22 info: GET /api/admin/advisor-locations
2026-08-12 17:38:28 info: GET /api/admin/advisor-locations
2026-08-12 17:38:34 info: GET /api/admin/advisor-locations
2026-08-12 17:38:40 info: GET /api/admin/advisor-locations
2026-08-12 17:38:46 info: GET /api/admin/advisor-locations
2026-08-12 17:38:52 info: GET /api/admin/advisor-locations
2026-08-12 17:38:58 info: GET /api/product-order/list
2026-08-12 17:38:58 info: GET /api/advisor/profile
2026-08-12 17:38:58 info: GET /api/advisor/profile
2026-08-12 17:38:58 info: GET /api/product-order/list
2026-08-12 17:38:58 info: GET /api/advisor/profile
2026-08-12 17:38:58 info: GET /api/advisor/profile
2026-08-12 17:38:58 info: GET /api/product-order/list
2026-08-12 17:38:58 info: GET /api/advisor/profile
2026-08-12 17:38:58 info: GET /api/advisor/profile
2026-08-12 17:38:58 info: GET /api/product-order/list
2026-08-12 17:38:58 info: GET /api/advisor/profile
2026-08-12 17:38:58 info: GET /api/advisor/profile
2026-08-12 17:38:58 info: GET /api/product-order/list
2026-08-12 17:38:58 info: GET /api/product-order/list
2026-08-12 17:38:58 info: GET /api/advisor/profile
2026-08-12 17:38:58 info: GET /api/advisor/profile
2026-08-12 17:38:59 info: GET /api/product-order/list
2026-08-12 17:38:59 info: GET /api/advisor/profile
2026-08-12 17:38:59 info: GET /api/advisor/profile
2026-08-12 17:38:59 info: GET /api/product-order/list
2026-08-12 17:38:59 info: GET /api/admin/advisor-locations
2026-08-12 17:39:04 info: GET /api/admin/advisor-locations
2026-08-12 17:39:04 info: GET /api/admin/advisor-locations
2026-08-12 17:39:10 info: GET /api/admin/advisor-locations
2026-08-12 17:39:16 info: GET /api/admin/advisor-locations
2026-08-12 17:39:22 info: GET /api/admin/advisor-locations
2026-08-12 17:39:28 info: GET /api/admin/advisor-locations
2026-08-12 17:39:34 info: GET /api/admin/advisor-locations
2026-08-12 17:39:40 info: GET /api/admin/advisor-locations
2026-08-12 17:39:46 info: GET /api/admin/advisor-locations
2026-08-12 17:39:52 info: GET /api/admin/advisor-locations
2026-08-12 17:39:58 info: GET /api/admin/advisor-locations
2026-08-12 17:40:04 info: GET /api/admin/advisor-locations
2026-08-12 17:40:21 info: Server Started on port 4000
2026-08-12 17:40:35 info: GET /api/admin/advisor-locations
2026-08-12 17:40:42 info: GET /api/admin/advisor-locations
2026-08-12 17:40:47 info: GET /api/admin/advisor-locations
2026-08-12 17:40:50 info: GET /api/admin/advisor-locations
2026-08-12 17:40:50 info: GET /api/admin/advisor-locations
2026-08-12 17:40:50 info: GET /api/admin/advisor-locations
2026-08-12 17:40:51 info: GET /api/admin/advisor-locations
2026-08-12 17:40:51 info: GET /api/admin/advisor-locations
2026-08-12 17:40:51 info: GET /api/admin/advisor-locations
2026-08-12 17:40:51 info: GET /api/admin/advisor-locations
2026-08-12 17:40:51 info: GET /api/admin/advisor-locations
2026-08-12 17:40:51 info: GET /api/admin/advisor-locations
2026-08-12 17:40:51 info: GET /api/admin/advisor-locations
2026-08-12 17:40:51 info: GET /api/admin/advisor-locations
2026-08-12 17:40:57 info: GET /api/admin/advisor-locations
2026-08-12 17:41:03 info: GET /api/admin/advisor-locations
2026-08-12 17:41:09 info: GET /api/admin/advisor-locations
2026-08-12 17:41:15 info: GET /api/admin/advisor-locations
2026-08-12 17:41:21 info: GET /api/admin/advisor-locations
2026-08-12 17:41:24 info: Server Started on port 4000
2026-08-12 17:41:24 info: GET /api/admin/advisor-locations
2026-08-12 17:41:30 info: GET /api/admin/advisor-locations
2026-08-12 17:41:36 info: GET /api/admin/advisor-locations
2026-08-12 17:41:42 info: GET /api/admin/advisor-locations
2026-08-12 17:41:48 info: GET /api/admin/advisor-locations
2026-08-12 17:41:54 info: GET /api/admin/advisor-locations
2026-08-12 17:42:00 info: GET /api/admin/advisor-locations
2026-08-12 17:42:06 info: GET /api/admin/advisor-locations
2026-08-12 17:42:12 info: GET /api/admin/advisor-locations
2026-08-12 17:42:18 info: GET /api/admin/advisor-locations
2026-08-12 17:42:38 info: GET /api/admin/advisor-locations
2026-08-12 17:42:43 info: Server Started on port 4000
2026-08-12 17:42:56 info: GET /api/admin/advisor-locations
2026-08-12 17:43:03 info: GET /api/admin/advisor-locations
2026-08-12 17:43:06 info: GET /api/admin/advisor-locations
2026-08-12 17:43:06 info: GET /api/admin/advisor-locations
2026-08-12 17:43:06 info: GET /api/admin/advisor-locations
2026-08-12 17:43:06 info: GET /api/admin/advisor-locations
2026-08-12 17:43:06 info: GET /api/admin/advisor-locations
2026-08-12 17:43:07 info: GET /api/admin/advisor-locations
2026-08-12 17:43:07 info: GET /api/admin/advisor-locations
2026-08-12 17:43:07 info: GET /api/admin/advisor-locations
2026-08-12 17:43:07 info: GET /api/admin/advisor-locations
2026-08-12 17:43:13 info: GET /api/admin/advisor-locations
2026-08-12 17:43:19 info: GET /api/admin/advisor-locations
2026-08-12 17:43:25 info: GET /api/admin/advisor-locations
2026-08-12 17:43:31 info: GET /api/admin/advisor-locations
2026-08-12 17:43:37 info: GET /api/admin/advisor-locations
2026-08-12 17:43:40 info: GET /api/admin/advisor-locations
2026-08-12 17:43:41 info: Server Started on port 4000
2026-08-12 17:43:41 info: GET /api/admin/advisor-locations
2026-08-12 17:43:47 info: GET /api/admin/advisor-locations
2026-08-12 17:43:53 info: GET /api/admin/advisor-locations
2026-08-12 17:43:59 info: GET /api/admin/advisor-locations
2026-08-12 17:44:05 info: GET /api/admin/advisor-locations
2026-08-12 17:44:11 info: GET /api/admin/advisor-locations
2026-08-12 17:44:17 info: GET /api/admin/advisor-locations
2026-08-12 17:44:23 info: GET /api/admin/advisor-locations
2026-08-12 17:44:29 info: GET /api/admin/advisor-locations
2026-08-12 17:44:38 info: GET /api/admin/advisor-locations
2026-08-12 17:44:47 info: Server Started on port 4000
2026-08-12 17:45:01 info: GET /api/admin/advisor-locations
2026-08-12 17:45:02 info: GET /api/admin/advisor-locations
2026-08-12 17:45:08 info: GET /api/admin/advisor-locations
2026-08-12 17:45:14 info: GET /api/admin/advisor-locations
2026-08-12 17:45:20 info: GET /api/admin/advisor-locations
2026-08-12 17:45:26 info: GET /api/admin/advisor-locations
2026-08-12 17:45:31 info: GET /api/admin/advisor-locations
2026-08-12 17:45:31 info: GET /api/admin/advisor-locations
2026-08-12 17:45:31 info: GET /api/admin/advisor-locations
2026-08-12 17:45:31 info: GET /api/admin/advisor-locations
2026-08-12 17:45:31 info: GET /api/admin/advisor-locations
2026-08-12 17:45:31 info: GET /api/admin/advisor-locations
2026-08-12 17:45:32 info: GET /api/admin/advisor-locations
2026-08-12 17:45:32 info: GET /api/admin/advisor-locations
2026-08-12 17:45:32 info: GET /api/admin/advisor-locations
2026-08-12 17:45:32 info: GET /api/admin/advisor-locations
2026-08-12 17:45:32 info: GET /api/admin/advisor-locations
2026-08-12 17:45:32 info: GET /api/admin/advisor-locations
2026-08-12 17:45:32 info: GET /api/admin/advisor-locations
2026-08-12 17:45:32 info: GET /api/admin/advisor-locations
2026-08-12 17:45:32 info: GET /api/admin/advisor-locations
2026-08-12 17:45:32 info: GET /api/admin/advisor-locations
2026-08-12 17:45:32 info: GET /api/admin/advisor-locations
2026-08-12 17:45:33 info: GET /api/admin/advisor-locations
2026-08-12 17:45:33 info: GET /api/admin/advisor-locations
2026-08-12 17:45:33 info: GET /api/admin/advisor-locations
2026-08-12 17:45:33 info: GET /api/admin/advisor-locations
2026-08-12 17:45:33 info: GET /api/admin/advisor-locations
2026-08-12 17:45:33 info: GET /api/admin/advisor-locations
2026-08-12 17:45:33 info: GET /api/admin/advisor-locations
2026-08-12 17:45:33 info: GET /api/admin/advisor-locations
2026-08-12 17:45:33 info: GET /api/admin/advisor-locations
2026-08-12 17:45:39 info: GET /api/admin/advisor-locations
2026-08-12 17:45:45 info: GET /api/admin/advisor-locations
2026-08-12 17:45:51 info: GET /api/admin/advisor-locations
2026-08-12 17:45:51 info: GET /api/admin/dashboard
2026-08-12 17:45:52 info: GET /api/admin/dashboard
2026-08-12 17:45:52 info: GET /api/admin/dashboard
2026-08-12 17:45:52 info: GET /api/admin/dashboard
2026-08-12 17:45:53 info: GET /api/admin/advisor-locations
2026-08-12 17:45:53 info: GET /api/admin/advisor-locations
2026-08-12 17:45:57 info: GET /api/admin/advisor-locations
2026-08-12 17:45:59 info: GET /api/admin/advisor-locations
2026-08-12 17:46:03 info: GET /api/admin/advisor-locations
2026-08-12 17:46:05 info: Server Started on port 4000
2026-08-12 17:46:05 info: GET /api/admin/advisor-locations
2026-08-12 17:46:09 info: GET /api/admin/advisor-locations
2026-08-12 17:46:11 info: GET /api/admin/advisor-locations
2026-08-12 17:46:15 info: GET /api/admin/advisor-locations
2026-08-12 17:46:17 info: Server Started on port 4000
2026-08-12 17:46:17 info: GET /api/admin/advisor-locations
2026-08-12 17:46:21 info: GET /api/admin/advisor-locations
2026-08-12 17:46:23 info: GET /api/admin/advisor-locations
2026-08-12 17:46:27 info: GET /api/admin/advisor-locations
2026-08-12 17:46:28 info: GET /api/admin/advisor-locations
2026-08-12 17:46:28 info: GET /api/admin/advisor-locations
2026-08-12 17:46:34 info: GET /api/admin/advisor-locations
2026-08-12 17:46:40 info: GET /api/admin/advisor-locations
2026-08-12 17:46:46 info: GET /api/admin/advisor-locations
2026-08-12 17:46:52 info: GET /api/admin/advisor-locations
2026-08-12 17:46:58 info: GET /api/admin/advisor-locations
2026-08-12 17:47:04 info: GET /api/admin/advisor-locations
2026-08-12 17:47:10 info: GET /api/admin/advisor-locations
2026-08-12 17:47:16 info: GET /api/admin/advisor-locations
2026-08-12 17:47:22 info: GET /api/admin/advisor-locations
2026-08-12 17:47:28 info: GET /api/admin/advisor-locations
2026-08-12 17:47:34 info: GET /api/admin/advisor-locations
2026-08-12 17:47:40 info: GET /api/admin/advisor-locations
2026-08-12 17:48:17 info: Server Started on port 4000
2026-08-12 17:48:38 info: GET /api/admin/advisor-locations
2026-08-12 17:48:38 info: GET /api/admin/advisor-locations
2026-08-12 17:48:45 info: GET /api/admin/advisor-locations
2026-08-12 17:48:51 info: GET /api/admin/advisor-locations
2026-08-12 17:48:57 info: GET /api/admin/advisor-locations
2026-08-12 17:49:03 info: GET /api/admin/advisor-locations
2026-08-12 17:49:09 info: GET /api/admin/advisor-locations
2026-08-12 17:49:26 info: GET /api/admin/advisor-locations
2026-08-12 17:49:37 info: GET /api/admin/advisor-locations
2026-08-12 17:49:38 info: GET /api/admin/advisor-locations
2026-08-12 17:49:44 info: GET /api/admin/advisor-locations
2026-08-12 17:49:51 info: GET /api/admin/advisor-locations
2026-08-12 17:49:53 info: Server Started on port 4000
2026-08-12 17:49:53 info: GET /api/admin/advisor-locations
2026-08-12 17:49:59 info: GET /api/admin/advisor-locations
2026-08-12 17:50:05 info: GET /api/admin/advisor-locations
2026-08-12 17:50:11 info: GET /api/admin/advisor-locations
2026-08-12 17:50:17 info: GET /api/admin/advisor-locations
2026-08-12 17:50:23 info: GET /api/admin/advisor-locations
2026-08-12 17:50:28 info: GET /api/admin/advisor-locations
2026-08-12 17:50:35 info: GET /api/admin/advisor-locations
2026-08-12 17:50:41 info: GET /api/admin/advisor-locations
2026-08-12 17:50:47 info: GET /api/admin/advisor-locations
2026-08-12 17:50:53 info: GET /api/admin/advisor-locations
2026-08-12 17:50:58 info: GET /api/admin/advisor-locations
2026-08-12 17:51:05 info: GET /api/admin/advisor-locations
2026-08-12 17:51:11 info: GET /api/admin/advisor-locations
2026-08-12 17:51:17 info: GET /api/admin/advisor-locations
2026-08-12 17:51:22 info: GET /api/product-order/list
2026-08-12 17:51:22 info: GET /api/advisor/profile
2026-08-12 17:51:22 info: GET /api/advisor/profile
2026-08-12 17:51:22 info: GET /api/product-order/list
2026-08-12 17:51:23 info: GET /api/admin/advisor-locations
2026-08-12 17:51:29 info: POST /api/advisor/update-location
2026-08-12 17:51:29 info: POST /api/advisor/update-location
2026-08-12 17:51:29 info: POST /api/advisor/update-location
2026-08-12 17:51:29 info: GET /api/admin/advisor-locations
2026-08-12 17:51:30 info: POST /api/advisor/update-location
2026-08-12 17:51:34 info: GET /api/admin/advisor-locations
2026-08-12 17:51:41 info: GET /api/admin/advisor-locations
2026-08-12 17:51:44 info: GET /api/product-order/list
2026-08-12 17:51:44 info: GET /api/advisor/profile
2026-08-12 17:51:44 info: GET /api/advisor/profile
2026-08-12 17:51:44 info: GET /api/product-order/list
2026-08-12 17:51:47 info: POST /api/advisor/update-location
2026-08-12 17:51:47 info: POST /api/advisor/update-location
2026-08-12 17:51:47 info: POST /api/advisor/update-location
2026-08-12 17:52:03 info: POST /api/advisor/update-location
2026-08-12 17:52:19 info: POST /api/advisor/update-location
2026-08-12 17:52:38 info: POST /api/advisor/update-location
2026-08-12 17:52:38 info: GET /api/admin/advisor-locations
2026-08-12 17:52:53 info: POST /api/advisor/update-location
2026-08-12 17:52:54 info: GET /api/admin/advisor-locations
2026-08-12 17:52:57 info: GET /api/admin/advisor-locations
2026-08-12 17:52:57 info: GET /api/admin/advisor-locations
2026-08-12 17:52:57 info: GET /api/admin/advisor-locations
2026-08-12 17:52:57 info: GET /api/admin/advisor-locations
2026-08-12 17:53:03 info: GET /api/admin/advisor-locations
2026-08-12 17:53:09 info: GET /api/admin/advisor-locations
2026-08-12 17:53:15 info: GET /api/admin/advisor-locations
2026-08-12 17:53:21 info: GET /api/admin/advisor-locations
2026-08-12 17:53:27 info: GET /api/admin/advisor-locations
2026-08-12 17:53:33 info: GET /api/admin/advisor-locations
2026-08-12 17:53:39 info: GET /api/admin/advisor-locations
2026-08-12 17:53:45 info: GET /api/admin/advisor-locations
2026-08-12 17:53:51 info: GET /api/admin/advisor-locations
2026-08-12 17:53:57 info: GET /api/admin/advisor-locations
2026-08-12 17:54:07 info: GET /api/advisor/dashboard
2026-08-12 17:54:07 info: GET /api/advisor/profile
2026-08-12 17:54:07 info: GET /api/advisor/profile
2026-08-12 17:54:07 info: GET /api/advisor/dashboard
2026-08-12 17:54:12 info: POST /api/advisor/update-location
2026-08-12 17:54:12 info: POST /api/advisor/update-location
2026-08-12 17:54:12 info: POST /api/advisor/update-location
2026-08-12 17:54:16 info: POST /api/advisor/update-location
2026-08-12 17:54:18 info: GET /api/admin/advisor-locations
2026-08-12 17:54:20 info: GET /api/admin/advisor-locations
2026-08-12 17:54:20 info: GET /api/admin/advisor-locations
2026-08-12 17:54:20 info: GET /api/admin/advisor-locations
2026-08-12 17:54:20 info: GET /api/admin/advisor-locations
2026-08-12 17:54:26 info: GET /api/admin/advisor-locations
2026-08-12 17:54:32 info: GET /api/admin/advisor-locations
2026-08-12 17:54:33 info: GET /api/admin/advisor-locations
2026-08-12 17:54:33 info: GET /api/admin/advisor-locations
2026-08-12 17:54:33 info: GET /api/admin/advisor-locations
2026-08-12 17:54:33 info: GET /api/admin/advisor-locations
2026-08-12 17:54:39 info: GET /api/admin/advisor-locations
2026-08-12 17:54:45 info: GET /api/admin/advisor-locations
2026-08-12 17:54:50 info: POST /api/advisor/update-location
2026-08-12 17:54:51 info: GET /api/admin/advisor-locations
2026-08-12 17:54:57 info: GET /api/admin/advisor-locations
2026-08-12 17:55:03 info: GET /api/admin/advisor-locations
2026-08-12 17:55:06 info: POST /api/advisor/login
2026-08-12 17:55:06 info: GET /api/advisor/dashboard
2026-08-12 17:55:06 info: GET /api/advisor/profile
2026-08-12 17:55:06 info: GET /api/advisor/profile
2026-08-12 17:55:06 info: GET /api/advisor/dashboard
2026-08-12 17:55:09 info: GET /api/admin/advisor-locations
2026-08-12 17:55:10 info: POST /api/advisor/update-location
2026-08-12 17:55:10 info: POST /api/advisor/update-location
2026-08-12 17:55:10 info: POST /api/advisor/update-location
2026-08-12 17:55:13 info: GET /api/advisor/profile
2026-08-12 17:55:13 info: GET /api/advisor/profile
2026-08-12 17:55:15 info: GET /api/admin/advisor-locations
2026-08-12 17:55:20 info: GET /api/advisor/dashboard
2026-08-12 17:55:20 info: GET /api/advisor/dashboard
2026-08-12 17:55:21 info: GET /api/admin/advisor-locations
2026-08-12 17:55:23 info: GET /api/product-order/list
2026-08-12 17:55:23 info: GET /api/product-order/list
2026-08-12 17:55:27 info: GET /api/admin/advisor-locations
2026-08-12 17:55:33 info: GET /api/admin/advisor-locations
2026-08-12 17:55:56 info: POST /api/advisor/update-location
2026-08-12 17:56:19 info: POST /api/advisor/update-location
2026-08-12 17:56:38 info: GET /api/admin/advisor-locations
2026-08-12 17:57:38 info: GET /api/admin/advisor-locations
2026-08-12 17:58:13 info: GET /api/admin/advisor-locations
2026-08-12 17:58:13 info: GET /api/admin/advisor-locations
2026-08-12 17:58:19 info: GET /api/admin/advisor-locations
2026-08-12 17:58:25 info: GET /api/admin/advisor-locations
2026-08-12 17:58:31 info: GET /api/admin/advisor-locations
2026-08-12 17:58:37 info: GET /api/admin/advisor-locations
2026-08-12 17:58:43 info: GET /api/admin/advisor-locations
2026-08-12 17:58:49 info: GET /api/admin/advisor-locations
2026-08-12 17:58:55 info: GET /api/admin/advisor-locations
2026-08-12 17:59:01 info: GET /api/admin/advisor-locations
2026-08-12 17:59:07 info: GET /api/admin/advisor-locations
2026-08-12 17:59:38 info: GET /api/admin/advisor-locations
2026-08-12 18:00:21 info: GET /api/product-order/list
2026-08-12 18:00:21 info: GET /api/advisor/profile
2026-08-12 18:00:21 info: GET /api/product-order/list
2026-08-12 18:00:21 info: GET /api/advisor/profile
2026-08-12 18:00:21 info: POST /api/advisor/update-location
2026-08-12 18:00:21 info: POST /api/advisor/update-location
2026-08-12 18:00:21 info: POST /api/advisor/update-location
2026-08-12 18:00:37 info: POST /api/advisor/update-location
2026-08-12 18:00:38 info: GET /api/admin/advisor-locations
2026-08-12 18:00:41 info: GET /api/product-order/list
2026-08-12 18:00:41 info: GET /api/product-order/list
2026-08-12 18:00:54 info: POST /api/advisor/update-location
2026-08-12 18:00:58 info: GET /api/admin/advisor-locations
2026-08-12 18:01:01 info: GET /api/admin/advisor-locations
2026-08-12 18:01:03 info: POST /api/admin/all-advisors
2026-08-12 18:01:03 info: POST /api/admin/all-farmers
2026-08-12 18:01:03 info: GET /api/admin/product-orders
2026-08-12 18:01:03 info: POST /api/admin/all-advisors
2026-08-12 18:01:03 info: POST /api/admin/all-farmers
2026-08-12 18:01:03 info: GET /api/admin/product-orders
2026-08-12 18:01:17 info: GET /api/admin/product-orders
2026-08-12 18:01:17 info: GET /api/admin/product-orders
2026-08-12 18:01:36 info: GET /api/admin/product-orders
2026-08-12 18:01:36 info: GET /api/admin/product-orders
2026-08-12 18:01:51 info: GET /api/product/list
2026-08-12 18:01:51 info: GET /api/product/list
2026-08-12 18:01:52 info: POST /api/admin/all-farmers
2026-08-12 18:01:52 info: POST /api/admin/all-farmers
2026-08-12 18:01:53 info: POST /api/admin/all-advisors
2026-08-12 18:01:53 info: POST /api/admin/all-advisors
2026-08-12 18:01:54 info: GET /api/admin/dashboard
2026-08-12 18:01:54 info: GET /api/admin/dashboard
2026-08-12 18:01:56 info: GET /api/admin/advisor-locations
2026-08-12 18:01:57 info: GET /api/admin/advisor-locations
2026-08-12 18:02:02 info: GET /api/admin/advisor-locations
2026-08-12 18:02:08 info: GET /api/admin/advisor-locations
2026-08-12 18:02:15 info: GET /api/admin/advisor-locations
2026-08-12 18:02:21 info: GET /api/admin/advisor-locations
2026-08-12 18:02:27 info: GET /api/admin/advisor-locations
2026-08-12 18:02:33 info: GET /api/admin/advisor-locations
2026-08-12 18:02:39 info: GET /api/admin/advisor-locations
2026-08-12 18:02:45 info: GET /api/admin/advisor-locations
2026-08-12 18:02:51 info: GET /api/admin/advisor-locations
2026-08-12 18:02:59 info: Server Started on port 4000
2026-08-12 18:09:24 info: Server Started on port 4000
2026-08-12 18:10:08 info: GET /api/admin/dashboard
2026-08-12 18:10:09 info: GET /api/admin/dashboard
2026-08-12 18:13:27 info: GET /api/admin/dashboard
2026-08-12 18:13:27 info: GET /api/admin/dashboard
2026-08-12 18:13:28 info: POST /api/admin/all-advisors
2026-08-12 18:13:28 info: GET /api/admin/product-orders
2026-08-12 18:13:28 info: POST /api/admin/all-farmers
2026-08-12 18:13:28 info: POST /api/admin/all-advisors
2026-08-12 18:13:28 info: POST /api/admin/all-farmers
2026-08-12 18:13:28 info: GET /api/admin/product-orders
2026-08-12 18:17:30 info: GET /api/advisor/dashboard
2026-08-12 18:17:30 info: GET /api/advisor/profile
2026-08-12 18:17:30 info: GET /api/advisor/profile
2026-08-12 18:17:30 info: GET /api/advisor/dashboard
2026-08-12 18:17:32 info: POST /api/advisor/update-location
2026-08-12 18:17:32 info: POST /api/advisor/update-location
2026-08-12 18:17:32 info: POST /api/advisor/update-location
2026-08-12 18:18:01 info: POST /api/advisor/update-location
2026-08-12 18:18:16 info: POST /api/advisor/update-location
2026-08-12 18:18:31 info: GET /api/advisor/farmers
2026-08-12 18:18:31 info: GET /api/advisor/farmers
2026-08-12 18:18:32 info: GET /api/advisor/farmers
2026-08-12 18:18:32 info: GET /api/product/list
2026-08-12 18:18:32 info: GET /api/advisor/farmers
2026-08-12 18:18:32 info: GET /api/product/list
2026-08-12 18:19:13 info: POST /api/advisor/update-location
2026-08-12 18:19:42 info: POST /api/advisor/update-location
2026-08-12 18:19:56 info: GET /api/product-order/list
2026-08-12 18:19:56 info: GET /api/product-order/list
2026-08-12 18:19:57 info: POST /api/advisor/update-location
2026-08-12 18:20:13 info: POST /api/advisor/update-location
2026-08-12 18:20:16 info: GET /api/advisor/farmers
2026-08-12 18:20:16 info: GET /api/product/list
2026-08-12 18:20:16 info: GET /api/product/list
2026-08-12 18:20:16 info: GET /api/advisor/farmers
2026-08-12 18:20:17 info: GET /api/advisor/farmers
2026-08-12 18:20:17 info: GET /api/advisor/farmers
2026-08-12 18:20:28 info: POST /api/advisor/update-location
2026-08-12 18:24:57 info: POST /api/admin/all-advisors
2026-08-12 18:24:57 info: POST /api/admin/all-farmers
2026-08-12 18:24:57 info: POST /api/admin/all-advisors
2026-08-12 18:24:57 info: GET /api/admin/product-orders
2026-08-12 18:24:57 info: POST /api/admin/all-farmers
2026-08-12 18:24:57 info: GET /api/admin/product-orders
2026-08-12 18:25:03 info: GET /api/advisor/farmers
2026-08-12 18:25:03 info: GET /api/advisor/profile
2026-08-12 18:25:03 info: GET /api/advisor/farmers
2026-08-12 18:25:03 info: GET /api/advisor/profile
2026-08-12 18:25:08 info: POST /api/advisor/update-location
2026-08-12 18:25:08 info: POST /api/advisor/update-location
2026-08-12 18:25:08 info: POST /api/advisor/update-location
2026-08-12 18:25:24 info: POST /api/advisor/update-location
2026-08-12 18:26:09 info: POST /api/advisor/update-location
2026-08-12 18:26:40 info: POST /api/advisor/update-location
2026-08-12 18:27:13 info: POST /api/advisor/update-location
2026-08-12 18:27:29 info: POST /api/advisor/update-location
2026-08-12 18:28:18 info: POST /api/advisor/update-location
2026-08-12 18:28:48 info: POST /api/advisor/update-location
2026-08-12 18:29:35 info: POST /api/advisor/update-location
2026-08-12 18:32:09 info: POST /api/advisor/update-location
2026-08-12 18:34:14 info: POST /api/advisor/update-location
2026-08-12 18:34:28 info: POST /api/advisor/update-location
2026-08-12 18:34:43 info: POST /api/advisor/update-location
2026-08-12 18:35:15 info: POST /api/advisor/update-location
2026-08-12 18:35:46 info: POST /api/advisor/update-location
2026-08-12 18:36:18 info: POST /api/advisor/update-location
2026-08-12 18:36:34 info: POST /api/advisor/update-location
2026-08-12 18:38:07 info: GET /api/advisor/farmers
2026-08-12 18:38:07 info: GET /api/advisor/profile
2026-08-12 18:38:07 info: GET /api/advisor/profile
2026-08-12 18:38:07 info: GET /api/advisor/farmers
2026-08-12 18:38:08 info: GET /api/advisor/farmers
2026-08-12 18:38:08 info: GET /api/advisor/profile
2026-08-12 18:38:08 info: GET /api/advisor/profile
2026-08-12 18:38:08 info: GET /api/advisor/farmers
2026-08-12 18:38:08 info: GET /api/advisor/farmers
2026-08-12 18:38:08 info: GET /api/advisor/profile
2026-08-12 18:38:08 info: GET /api/advisor/farmers
2026-08-12 18:38:08 info: GET /api/advisor/profile
2026-08-12 18:38:08 info: GET /api/advisor/farmers
2026-08-12 18:38:08 info: GET /api/advisor/profile
2026-08-12 18:38:08 info: GET /api/advisor/farmers
2026-08-12 18:38:08 info: GET /api/advisor/profile
2026-08-12 18:38:08 info: POST /api/advisor/update-location
2026-08-12 18:38:08 info: POST /api/advisor/update-location
2026-08-12 18:38:08 info: POST /api/advisor/update-location
2026-08-12 18:38:08 info: GET /api/advisor/farmers
2026-08-12 18:38:08 info: GET /api/advisor/profile
2026-08-12 18:38:08 info: GET /api/advisor/farmers
2026-08-12 18:38:08 info: GET /api/advisor/profile
2026-08-12 18:38:08 info: POST /api/advisor/update-location
2026-08-12 18:38:08 info: POST /api/advisor/update-location
2026-08-12 18:38:08 info: POST /api/advisor/update-location
2026-08-12 18:38:09 info: GET /api/advisor/dashboard
2026-08-12 18:38:09 info: GET /api/advisor/dashboard
2026-08-12 18:38:10 info: GET /api/advisor/dashboard
2026-08-12 18:38:10 info: GET /api/advisor/profile
2026-08-12 18:38:10 info: GET /api/advisor/profile
2026-08-12 18:38:10 info: GET /api/advisor/dashboard
2026-08-12 18:38:10 info: POST /api/advisor/update-location
2026-08-12 18:38:10 info: POST /api/advisor/update-location
2026-08-12 18:38:10 info: POST /api/advisor/update-location
2026-08-12 18:38:10 info: GET /api/advisor/dashboard
2026-08-12 18:38:10 info: GET /api/advisor/profile
2026-08-12 18:38:10 info: GET /api/advisor/profile
2026-08-12 18:38:10 info: POST /api/advisor/update-location
2026-08-12 18:38:10 info: POST /api/advisor/update-location
2026-08-12 18:38:10 info: POST /api/advisor/update-location
2026-08-12 18:38:10 info: GET /api/advisor/dashboard
2026-08-12 18:38:10 info: GET /api/advisor/dashboard
2026-08-12 18:38:10 info: GET /api/advisor/profile
2026-08-12 18:38:10 info: GET /api/advisor/profile
2026-08-12 18:38:10 info: GET /api/advisor/dashboard
2026-08-12 18:38:10 info: GET /api/advisor/dashboard
2026-08-12 18:38:10 info: GET /api/advisor/profile
2026-08-12 18:38:10 info: GET /api/advisor/profile
2026-08-12 18:38:10 info: GET /api/advisor/dashboard
2026-08-12 18:38:10 info: POST /api/advisor/update-location
2026-08-12 18:38:10 info: POST /api/advisor/update-location
2026-08-12 18:38:10 info: POST /api/advisor/update-location
2026-08-12 18:38:11 info: GET /api/advisor/dashboard
2026-08-12 18:38:11 info: GET /api/advisor/profile
2026-08-12 18:38:11 info: GET /api/advisor/profile
2026-08-12 18:38:11 info: GET /api/advisor/dashboard
2026-08-12 18:38:11 info: POST /api/advisor/update-location
2026-08-12 18:38:11 info: POST /api/advisor/update-location
2026-08-12 18:38:11 info: POST /api/advisor/update-location
2026-08-12 18:38:11 info: GET /api/advisor/dashboard
2026-08-12 18:38:11 info: GET /api/advisor/profile
2026-08-12 18:38:11 info: GET /api/advisor/profile
2026-08-12 18:38:11 info: GET /api/advisor/dashboard
2026-08-12 18:38:11 info: POST /api/advisor/update-location
2026-08-12 18:38:11 info: POST /api/advisor/update-location
2026-08-12 18:38:11 info: POST /api/advisor/update-location
2026-08-12 18:38:11 info: GET /api/advisor/dashboard
2026-08-12 18:38:11 info: GET /api/advisor/profile
2026-08-12 18:38:11 info: GET /api/advisor/profile
2026-08-12 18:38:11 info: GET /api/advisor/dashboard
2026-08-12 18:38:11 info: POST /api/advisor/update-location
2026-08-12 18:38:11 info: POST /api/advisor/update-location
2026-08-12 18:38:11 info: POST /api/advisor/update-location
2026-08-12 18:38:30 info: POST /api/advisor/login
2026-08-12 18:38:30 info: GET /api/advisor/dashboard
2026-08-12 18:38:30 info: GET /api/advisor/profile
2026-08-12 18:38:30 info: GET /api/advisor/profile
2026-08-12 18:38:30 info: GET /api/advisor/dashboard
2026-08-12 18:38:33 info: POST /api/advisor/update-location
2026-08-12 18:38:33 info: POST /api/advisor/update-location
2026-08-12 18:38:33 info: POST /api/advisor/update-location
2026-08-12 18:38:35 info: GET /api/advisor/farmers
2026-08-12 18:38:35 info: GET /api/advisor/farmers
2026-08-12 18:38:36 info: GET /api/advisor/farmers
2026-08-12 18:38:36 info: GET /api/product/list
2026-08-12 18:38:36 info: GET /api/advisor/farmers
2026-08-12 18:38:36 info: GET /api/product/list
2026-08-12 18:38:36 info: GET /api/product-order/list
2026-08-12 18:38:36 info: GET /api/product-order/list
2026-08-12 18:38:37 info: GET /api/product-order/list
2026-08-12 18:38:37 info: GET /api/product-order/list
2026-08-12 18:38:39 info: GET /api/product-order/list
2026-08-12 18:38:39 info: GET /api/advisor/profile
2026-08-12 18:38:39 info: GET /api/advisor/profile
2026-08-12 18:38:39 info: GET /api/product-order/list
2026-08-12 18:38:39 info: POST /api/advisor/update-location
2026-08-12 18:38:39 info: POST /api/advisor/update-location
2026-08-12 18:38:39 info: POST /api/advisor/update-location
2026-08-12 18:38:39 info: GET /api/product-order/list
2026-08-12 18:38:39 info: GET /api/advisor/profile
2026-08-12 18:38:39 info: GET /api/advisor/profile
2026-08-12 18:38:40 info: GET /api/product-order/list
2026-08-12 18:38:40 info: POST /api/advisor/update-location
2026-08-12 18:38:40 info: POST /api/advisor/update-location
2026-08-12 18:38:40 info: POST /api/advisor/update-location
2026-08-12 18:38:40 info: GET /api/product/list
2026-08-12 18:38:40 info: GET /api/advisor/farmers
2026-08-12 18:38:40 info: GET /api/product/list
2026-08-12 18:38:40 info: GET /api/advisor/farmers
2026-08-12 18:38:49 info: POST /api/product/single
2026-08-12 18:38:49 info: POST /api/product/single
2026-08-12 18:38:49 info: POST /api/advisor/update-location
2026-08-12 18:38:50 info: GET /api/product/list
2026-08-12 18:38:50 info: GET /api/advisor/farmers
2026-08-12 18:38:51 info: GET /api/product/list
2026-08-12 18:38:51 info: GET /api/advisor/farmers
2026-08-12 18:38:51 info: POST /api/product/single
2026-08-12 18:38:51 info: POST /api/product/single
2026-08-12 18:38:52 info: GET /api/product/list
2026-08-12 18:38:52 info: GET /api/advisor/farmers
2026-08-12 18:38:52 info: GET /api/product/list
2026-08-12 18:38:52 info: GET /api/advisor/farmers
2026-08-12 18:38:53 info: POST /api/product/single
2026-08-12 18:38:53 info: POST /api/product/single
2026-08-12 18:38:54 info: GET /api/product/list
2026-08-12 18:38:54 info: GET /api/advisor/farmers
2026-08-12 18:38:54 info: GET /api/product/list
2026-08-12 18:38:54 info: GET /api/advisor/farmers
2026-08-12 18:38:55 info: POST /api/product/single
2026-08-12 18:38:55 info: POST /api/product/single
2026-08-12 18:38:56 info: GET /api/product/list
2026-08-12 18:38:56 info: GET /api/advisor/farmers
2026-08-12 18:38:56 info: GET /api/product/list
2026-08-12 18:38:56 info: GET /api/advisor/farmers
2026-08-12 18:38:57 info: POST /api/product/single
2026-08-12 18:38:57 info: POST /api/product/single
2026-08-12 18:38:58 info: GET /api/product/list
2026-08-12 18:38:58 info: GET /api/advisor/farmers
2026-08-12 18:38:58 info: GET /api/product/list
2026-08-12 18:38:58 info: GET /api/advisor/farmers
2026-08-12 18:38:59 info: POST /api/product/single
2026-08-12 18:38:59 info: POST /api/product/single
2026-08-12 18:38:59 info: GET /api/product/list
2026-08-12 18:38:59 info: GET /api/advisor/farmers
2026-08-12 18:38:59 info: GET /api/advisor/farmers
2026-08-12 18:38:59 info: GET /api/product/list
2026-08-12 18:39:09 info: POST /api/product/single
2026-08-12 18:39:09 info: POST /api/product/single
2026-08-12 18:39:14 info: GET /api/product/list
2026-08-12 18:39:14 info: GET /api/advisor/farmers
2026-08-12 18:39:14 info: GET /api/product/list
2026-08-12 18:39:14 info: GET /api/advisor/farmers
2026-08-12 18:39:15 info: POST /api/product/single
2026-08-12 18:39:15 info: POST /api/product/single
2026-08-12 18:59:52 info: Server Started on port 4000
2026-08-12 19:06:15 info: Server Started on port 4000
2026-08-12 19:06:26 info: Server Started on port 4000
2026-08-12 19:06:36 info: Server Started on port 4000
2026-08-12 19:06:47 info: Server Started on port 4000
2026-08-12 19:06:53 info: Server Started on port 4000
2026-08-12 19:07:48 info: POST /api/product/single
2026-08-12 19:07:48 info: GET /api/advisor/profile
2026-08-12 19:07:48 info: POST /api/product/single
2026-08-12 19:07:48 info: GET /api/advisor/profile
2026-08-12 19:07:48 info: POST /api/advisor/update-location
2026-08-12 19:07:48 info: POST /api/advisor/update-location
2026-08-12 19:07:48 info: POST /api/advisor/update-location
2026-08-12 19:07:49 info: GET /api/advisor/dashboard
2026-08-12 19:07:49 info: GET /api/advisor/dashboard
2026-08-12 19:07:50 info: GET /api/advisor/farmers
2026-08-12 19:07:50 info: GET /api/advisor/farmers
2026-08-12 19:07:51 info: GET /api/product-order/list
2026-08-12 19:07:51 info: GET /api/product-order/list
2026-08-12 19:07:52 info: GET /api/product-order/list
2026-08-12 19:07:52 info: GET /api/product-order/list
2026-08-12 19:07:53 info: POST /api/admin/all-advisors
2026-08-12 19:07:53 info: POST /api/admin/all-farmers
2026-08-12 19:07:53 info: POST /api/admin/all-advisors
2026-08-12 19:07:53 info: POST /api/admin/all-farmers
2026-08-12 19:07:55 info: GET /api/admin/dashboard
2026-08-12 19:07:55 info: GET /api/admin/dashboard
2026-08-12 19:07:56 info: POST /api/admin/all-farmers
2026-08-12 19:07:56 info: POST /api/admin/all-farmers
2026-08-12 19:07:57 info: POST /api/admin/all-advisors
2026-08-12 19:07:57 info: POST /api/admin/all-advisors
2026-08-12 19:07:58 info: GET /api/product/list
2026-08-12 19:07:58 info: GET /api/product/list
2026-08-12 19:07:59 info: GET /api/admin/product-orders
2026-08-12 19:07:59 info: GET /api/admin/product-orders
2026-08-12 19:08:03 info: GET /api/admin/advisor-locations
2026-08-12 19:08:03 info: GET /api/admin/advisor-locations
2026-08-12 19:08:09 info: GET /api/admin/advisor-locations
2026-08-12 19:08:15 info: GET /api/admin/advisor-locations
2026-08-12 19:08:21 info: GET /api/admin/advisor-locations
2026-08-12 19:08:27 info: GET /api/admin/advisor-locations
2026-08-12 19:08:33 info: GET /api/admin/advisor-locations
2026-08-12 19:08:39 info: GET /api/admin/advisor-locations
2026-08-12 19:08:45 info: GET /api/admin/advisor-locations
2026-08-12 19:08:51 info: GET /api/admin/advisor-locations
2026-08-12 19:08:57 info: GET /api/admin/advisor-locations
2026-08-12 19:09:03 info: GET /api/admin/advisor-locations
2026-08-12 19:09:09 info: GET /api/admin/advisor-locations
2026-08-12 19:09:15 info: GET /api/admin/advisor-locations
2026-08-12 19:09:21 info: GET /api/admin/advisor-locations
2026-08-12 19:09:27 info: GET /api/admin/advisor-locations
2026-08-12 19:09:33 info: GET /api/admin/advisor-locations
2026-08-12 19:09:39 info: GET /api/admin/advisor-locations
2026-08-12 19:09:45 info: GET /api/admin/advisor-locations
2026-08-12 19:10:06 info: GET /api/admin/advisor-locations
2026-08-12 19:10:09 info: GET /api/admin/advisor-locations
2026-08-12 19:10:15 info: GET /api/admin/advisor-locations
2026-08-12 19:10:21 info: GET /api/admin/advisor-locations
2026-08-12 19:10:27 info: GET /api/admin/advisor-locations
2026-08-12 19:10:33 info: GET /api/admin/advisor-locations
2026-08-12 19:10:39 info: GET /api/admin/advisor-locations
2026-08-12 19:10:45 info: GET /api/admin/advisor-locations
2026-08-12 19:10:51 info: GET /api/admin/advisor-locations
2026-08-12 19:10:57 info: GET /api/admin/advisor-locations
2026-08-12 19:11:03 info: GET /api/admin/advisor-locations
2026-08-12 19:11:23 info: GET /api/admin/advisor-locations
2026-08-12 19:12:23 info: GET /api/admin/advisor-locations
2026-08-12 19:13:01 info: GET /api/product-order/list
2026-08-12 19:13:01 info: GET /api/advisor/profile
2026-08-12 19:13:01 info: GET /api/advisor/profile
2026-08-12 19:13:01 info: GET /api/product-order/list
2026-08-12 19:13:01 info: GET /api/product-order/list
2026-08-12 19:13:01 info: GET /api/advisor/profile
2026-08-12 19:13:01 info: GET /api/advisor/profile
2026-08-12 19:13:01 info: GET /api/product-order/list
2026-08-12 19:13:09 info: POST /api/advisor/update-location
2026-08-12 19:13:09 info: POST /api/advisor/update-location
2026-08-12 19:13:09 info: POST /api/advisor/update-location
2026-08-12 19:13:11 info: POST /api/advisor/update-location
2026-08-12 19:13:23 info: GET /api/admin/advisor-locations
2026-08-12 19:14:23 info: GET /api/admin/advisor-locations
2026-08-12 19:14:25 info: GET /api/product-order/list
2026-08-12 19:14:25 info: GET /api/advisor/profile
2026-08-12 19:14:25 info: GET /api/advisor/profile
2026-08-12 19:14:25 info: GET /api/product-order/list
2026-08-12 19:14:25 info: GET /api/product-order/list
2026-08-12 19:14:25 info: GET /api/advisor/profile
2026-08-12 19:14:25 info: GET /api/advisor/profile
2026-08-12 19:14:25 info: GET /api/product-order/list
2026-08-12 19:14:25 info: GET /api/advisor/profile
2026-08-12 19:14:25 info: GET /api/advisor/profile
2026-08-12 19:14:25 info: GET /api/product-order/list
2026-08-12 19:14:27 info: POST /api/advisor/update-location
2026-08-12 19:14:27 info: POST /api/advisor/update-location
2026-08-12 19:14:27 info: POST /api/advisor/update-location
2026-08-12 19:15:23 info: GET /api/admin/advisor-locations
2026-08-12 19:16:23 info: GET /api/admin/advisor-locations
2026-08-12 19:17:03 info: POST /api/advisor/login
2026-08-12 19:17:04 info: GET /api/advisor/dashboard
2026-08-12 19:17:04 info: GET /api/advisor/profile
2026-08-12 19:17:23 info: GET /api/admin/advisor-locations
2026-08-12 19:18:23 info: GET /api/admin/advisor-locations
2026-08-12 19:19:23 info: GET /api/admin/advisor-locations
2026-08-12 19:20:23 info: GET /api/admin/advisor-locations
2026-08-12 19:21:23 info: GET /api/admin/advisor-locations
2026-08-12 19:22:23 info: GET /api/admin/advisor-locations
2026-08-12 22:30:18 info: Server Started on port 4000
2026-08-12 22:30:23 info: POST /api/admin/login
2026-08-12 22:30:23 info: GET /api/admin/dashboard
2026-08-12 22:30:24 info: GET /api/admin/dashboard
2026-08-12 22:30:35 info: POST /api/admin/all-advisors
2026-08-12 22:30:35 info: POST /api/admin/all-advisors
2026-08-12 22:36:17 info: Server Started on port 4000
2026-08-12 22:44:55 info: Server Started on port 4000
2026-08-13 09:18:18 info: Server Started on port 4000
2026-08-13 09:18:48 info: POST /api/admin/login
2026-08-13 09:18:49 info: GET /api/admin/dashboard
2026-08-13 09:18:50 info: GET /api/admin/dashboard
2026-08-13 09:19:16 info: Server Started on port 4000
2026-08-13 09:21:41 info: Server Started on port 4000
2026-08-13 09:21:50 info: Server Started on port 4000
2026-08-13 09:22:01 info: Server Started on port 4000
2026-08-13 09:22:38 error: 400 - Bad escaped character in JSON at position 9 (line 1 column 10)
2026-08-13 09:22:56 error: 400 - Bad escaped character in JSON at position 9 (line 1 column 10)
2026-08-13 09:23:12 error: 400 - Expected property name or '}' in JSON at position 1 (line 1 column 2)
2026-08-13 09:23:23 info: POST /api/admin/send-reset-otp
2026-08-13 09:23:38 info: POST /api/admin/reset-password
2026-08-13 09:23:51 info: POST /api/admin/login
2026-08-13 09:24:01 info: POST /api/admin/send-reset-otp
2026-08-13 09:24:02 info: POST /api/admin/reset-password
2026-08-13 09:24:17 info: POST /api/admin/login
2026-08-13 09:24:41 info: POST /api/admin/send-reset-otp
2026-08-13 09:25:32 info: POST /api/admin/reset-password
2026-08-13 09:25:42 info: POST /api/admin/login
2026-08-13 09:25:44 info: POST /api/admin/login
2026-08-13 09:25:45 info: POST /api/admin/login
2026-08-13 09:25:45 info: POST /api/admin/login
2026-08-13 09:25:45 info: POST /api/admin/login
2026-08-13 09:25:45 info: POST /api/admin/login
2026-08-13 09:25:45 info: POST /api/admin/login
2026-08-13 09:25:46 info: POST /api/admin/login
2026-08-13 09:25:46 info: POST /api/admin/login
2026-08-13 09:25:46 info: POST /api/admin/login
2026-08-13 09:25:46 info: POST /api/admin/login
2026-08-13 09:25:46 info: POST /api/admin/login
2026-08-13 09:25:47 info: POST /api/admin/login
2026-08-13 09:25:47 info: POST /api/admin/login
2026-08-13 09:25:47 info: POST /api/admin/login
2026-08-13 09:25:47 info: POST /api/admin/login
2026-08-13 09:25:47 info: POST /api/admin/login
2026-08-13 09:25:48 info: POST /api/admin/login
2026-08-13 09:26:12 info: POST /api/admin/send-reset-otp
2026-08-13 09:28:02 info: Server Started on port 4000
2026-08-13 09:29:41 info: Server Started on port 4000
2026-08-13 09:29:52 info: Server Started on port 4000
2026-08-13 09:29:59 info: Server Started on port 4000
2026-08-13 09:30:09 info: Server Started on port 4000
2026-08-13 09:30:19 info: Server Started on port 4000
2026-08-13 09:31:29 info: POST /api/admin/send-reset-otp
2026-08-13 09:31:45 info: POST /api/admin/send-reset-otp
2026-08-13 09:31:56 info: POST /api/admin/verify-otp
2026-08-13 09:35:42 info: Server Started on port 4000
2026-08-13 09:35:52 info: Server Started on port 4000
2026-08-13 09:44:08 info: Server Started on port 4000
2026-08-13 09:44:14 info: Server Started on port 4000
2026-08-13 09:44:22 info: Server Started on port 4000
2026-08-13 09:56:25 info: POST /api/admin/login
2026-08-13 09:59:35 info: Server Started on port 4000
2026-08-13 09:59:45 info: POST /api/advisor/farmer
2026-08-13 09:59:45 info: POST /api/advisor/farmer
2026-08-13 09:59:45 info: GET /api/advisor/profile
2026-08-13 09:59:45 info: GET /api/advisor/profile
2026-08-13 09:59:48 info: POST /api/advisor/update-location
2026-08-13 09:59:48 info: POST /api/advisor/update-location
2026-08-13 09:59:48 info: POST /api/advisor/update-location
2026-08-13 10:00:19 info: POST /api/advisor/update-location
2026-08-13 10:00:35 info: POST /api/advisor/update-location
2026-08-13 10:00:51 info: POST /api/advisor/update-location
2026-08-13 10:01:37 info: POST /api/admin/login
2026-08-13 10:01:52 info: POST /api/advisor/update-location
2026-08-13 10:02:04 info: POST /api/admin/login
2026-08-13 10:02:31 info: Server Started on port 4000
2026-08-13 10:02:39 info: Server Started on port 4000
2026-08-13 10:03:06 info: POST /api/advisor/update-location
2026-08-13 10:03:49 info: POST /api/advisor/update-location
2026-08-13 10:04:04 info: POST /api/advisor/update-location
2026-08-13 10:04:19 info: POST /api/advisor/update-location
2026-08-13 10:04:35 info: POST /api/advisor/update-location
2026-08-13 10:05:04 info: POST /api/advisor/update-location
2026-08-13 10:05:20 info: POST /api/advisor/update-location
2026-08-13 10:05:35 info: POST /api/advisor/update-location
2026-08-13 10:06:09 info: POST /api/advisor/update-location
2026-08-13 10:06:11 info: POST /api/advisor/farmer
2026-08-13 10:06:11 info: GET /api/advisor/profile
2026-08-13 10:06:11 info: POST /api/advisor/farmer
2026-08-13 10:06:11 info: GET /api/advisor/profile
2026-08-13 10:06:13 info: POST /api/advisor/update-location
2026-08-13 10:06:13 info: POST /api/advisor/update-location
2026-08-13 10:06:13 info: POST /api/advisor/update-location
2026-08-13 10:06:55 info: POST /api/admin/login
2026-08-13 10:06:56 info: GET /api/admin/dashboard
2026-08-13 10:06:58 info: GET /api/admin/dashboard
2026-08-13 10:07:11 info: POST /api/advisor/update-location
2026-08-13 10:07:14 info: POST /api/admin/send-reset-otp
2026-08-13 10:07:22 info: GET /api/admin/dashboard
2026-08-13 10:07:22 info: GET /api/admin/dashboard
2026-08-13 10:07:26 info: POST /api/advisor/update-location
2026-08-13 10:07:40 info: POST /api/advisor/update-location
2026-08-13 10:23:53 info: Server Started on port 4000
2026-08-13 10:25:21 info: Server Started on port 4000
2026-08-13 10:29:41 info: Server Started on port 4000
2026-08-13 10:29:49 info: Server Started on port 4000
2026-08-13 10:32:53 info: Server Started on port 4000
2026-08-13 10:33:07 info: Server Started on port 4000
2026-08-13 10:33:25 info: Server Started on port 4000
2026-08-13 10:47:27 info: Server Started on port 4000
2026-08-13 10:47:29 info: Server Started on port 4000
2026-08-13 10:47:54 info: Server Started on port 4000
2026-08-13 10:48:20 info: Server Started on port 4000
2026-08-13 10:49:46 info: Server Started on port 4000
2026-08-13 10:49:51 info: Server Started on port 4000
2026-08-13 10:51:51 info: POST /api/admin/login
2026-08-13 10:51:52 info: POST /api/admin/login
2026-08-13 10:51:54 info: POST /api/admin/login
2026-08-13 10:52:00 info: POST /api/admin/login
2026-08-13 10:52:00 info: POST /api/admin/login
2026-08-13 10:52:02 info: POST /api/admin/login
2026-08-13 10:52:03 info: POST /api/admin/login
2026-08-13 10:52:03 info: POST /api/admin/login
2026-08-13 10:52:03 info: POST /api/admin/login
2026-08-13 10:52:06 info: POST /api/admin/login
2026-08-13 10:52:06 info: GET /api/admin/dashboard
2026-08-13 10:52:07 info: GET /api/admin/dashboard
2026-08-13 10:53:04 info: POST /api/admin/login
2026-08-13 10:53:11 info: POST /api/admin/login
2026-08-13 10:53:11 info: GET /api/admin/dashboard
2026-08-13 10:53:12 info: GET /api/admin/dashboard
2026-08-13 10:54:08 info: Server Started on port 4000
2026-08-13 10:54:13 info: Server Started on port 4000
2026-08-13 10:54:38 info: POST /api/admin/login
2026-08-13 10:54:45 info: POST /api/admin/login
2026-08-13 10:54:46 info: POST /api/admin/login
2026-08-13 10:54:57 info: POST /api/admin/login
2026-08-13 10:55:07 info: POST /api/admin/login
2026-08-13 10:55:12 info: POST /api/admin/login
2026-08-13 10:55:12 info: GET /api/admin/dashboard
2026-08-13 10:55:14 info: GET /api/admin/dashboard
2026-08-13 10:56:50 info: Server Started on port 4000
2026-08-13 10:57:04 info: Server Started on port 4000
2026-08-13 11:00:47 info: Server Started on port 4000
2026-08-13 11:28:59 info: Server Started on port 4000
2026-08-13 11:29:18 info: GET /api/admin/dashboard
2026-08-13 11:29:18 info: GET /api/admin/dashboard
2026-08-13 11:29:46 info: GET /api/admin/product-orders
2026-08-13 11:29:46 info: GET /api/admin/product-orders
2026-08-13 11:32:25 info: POST /api/admin/update-product-order-status
2026-08-13 11:32:25 info: GET /api/admin/product-orders
2026-08-13 11:40:57 info: GET /api/admin/product-orders
2026-08-13 11:40:57 info: GET /api/admin/product-orders
2026-08-13 11:40:59 info: POST /api/admin/all-farmers
2026-08-13 11:40:59 info: POST /api/admin/all-farmers
2026-08-13 11:53:13 info: Server Started on port 4000
2026-08-13 11:53:33 info: Server Started on port 4000
2026-08-13 11:53:47 info: GET /api/admin/dashboard
2026-08-13 11:53:47 info: GET /api/admin/dashboard
2026-08-13 11:54:17 info: POST /api/admin/login
2026-08-13 11:54:30 info: POST /api/admin/login
2026-08-13 11:54:33 info: POST /api/admin/login
2026-08-13 11:54:54 info: POST /api/admin/login
2026-08-13 11:54:59 info: POST /api/admin/login
2026-08-13 11:54:59 info: GET /api/admin/dashboard
2026-08-13 11:55:00 info: GET /api/admin/dashboard
2026-08-13 11:55:53 info: POST /api/admin/login
2026-08-13 11:56:00 info: POST /api/admin/login
2026-08-13 11:56:01 info: GET /api/admin/dashboard
2026-08-13 11:56:01 info: GET /api/admin/dashboard
2026-08-13 11:59:11 info: Server Started on port 4000
2026-08-13 11:59:18 info: Server Started on port 4000
2026-08-13 11:59:26 info: Server Started on port 4000
2026-08-13 12:00:58 info: POST /api/admin/send-reset-otp
2026-08-13 12:01:33 info: POST /api/admin/reset-password
2026-08-13 12:01:46 info: POST /api/admin/login
2026-08-13 12:01:56 info: POST /api/admin/login
2026-08-13 12:02:00 info: POST /api/admin/login
2026-08-13 12:02:01 info: GET /api/admin/dashboard
2026-08-13 12:02:01 info: GET /api/admin/dashboard
2026-08-13 12:04:15 info: Server Started on port 4000
2026-08-13 12:07:37 info: Server Started on port 4000
2026-08-13 12:07:45 info: Server Started on port 4000
2026-08-13 12:08:35 info: GET /api/admin/dashboard
2026-08-13 12:08:37 info: GET /api/admin/dashboard
2026-08-13 12:09:01 info: POST /api/admin/login
2026-08-13 12:09:01 info: GET /api/admin/dashboard
2026-08-13 12:09:01 info: GET /api/admin/dashboard
2026-08-13 12:09:04 info: GET /api/admin/profile
2026-08-13 12:09:04 info: GET /api/admin/profile
2026-08-13 12:10:04 info: Server Started on port 4000
2026-08-13 12:13:57 info: Server Started on port 4000
2026-08-13 12:14:05 info: Server Started on port 4000
2026-08-13 12:14:15 info: GET /api/admin/profile
2026-08-13 12:15:15 info: Server Started on port 4000
2026-08-13 12:16:28 info: Server Started on port 4000
2026-08-13 12:16:35 info: Server Started on port 4000
2026-08-13 12:16:40 info: GET /api/admin/profile
2026-08-13 12:16:51 info: GET /api/admin/profile
2026-08-13 12:16:51 info: GET /api/admin/profile
2026-08-13 12:16:51 info: GET /api/admin/profile
2026-08-13 12:16:51 info: GET /api/admin/profile
2026-08-13 12:17:03 info: POST /api/admin/update-profile
2026-08-13 12:17:06 info: POST /api/admin/update-profile
2026-08-13 12:17:08 info: GET /api/admin/profile
2026-08-13 12:17:08 info: GET /api/admin/profile
2026-08-13 12:17:42 info: POST /api/admin/update-profile
2026-08-13 12:17:48 info: GET /api/admin/profile
2026-08-13 12:17:48 info: GET /api/admin/profile
2026-08-13 12:18:23 info: POST /api/admin/login
2026-08-13 12:18:23 info: GET /api/admin/dashboard
2026-08-13 12:18:25 info: GET /api/admin/dashboard
2026-08-13 12:18:52 info: POST /api/admin/send-reset-otp
2026-08-13 12:19:10 info: POST /api/admin/reset-password
2026-08-13 12:19:16 info: POST /api/admin/login
2026-08-13 12:19:16 info: GET /api/admin/dashboard
2026-08-13 12:19:16 info: GET /api/admin/dashboard
2026-08-13 12:19:24 info: POST /api/admin/all-farmers
2026-08-13 12:19:24 info: POST /api/admin/all-advisors
2026-08-13 12:19:24 info: POST /api/admin/all-advisors
2026-08-13 12:19:24 info: GET /api/admin/product-orders
2026-08-13 12:19:24 info: POST /api/admin/all-farmers
2026-08-13 12:19:25 info: GET /api/admin/product-orders
2026-08-13 12:19:27 info: GET /api/admin/profile
2026-08-13 12:19:27 info: GET /api/admin/profile
2026-08-13 12:19:57 info: POST /api/admin/update-profile
2026-08-13 12:20:00 info: GET /api/admin/profile
2026-08-13 12:20:00 info: GET /api/admin/profile
2026-08-13 12:20:00 info: GET /api/admin/profile
2026-08-13 12:20:00 info: GET /api/admin/profile
2026-08-13 12:20:19 info: POST /api/admin/send-reset-otp
2026-08-13 12:20:41 info: POST /api/admin/reset-password
2026-08-13 12:20:45 info: POST /api/admin/login
2026-08-13 12:20:45 info: GET /api/admin/dashboard
2026-08-13 12:20:45 info: GET /api/admin/dashboard
2026-08-13 13:41:06 info: Server Started on port 4000
2026-08-13 13:42:54 info: GET /api/admin/dashboard
2026-08-13 13:42:55 info: GET /api/admin/dashboard
2026-08-13 13:43:04 info: POST /api/admin/login
2026-08-13 13:43:06 info: POST /api/admin/login
2026-08-13 13:43:06 info: GET /api/admin/dashboard
2026-08-13 13:43:06 info: GET /api/admin/dashboard
2026-08-13 13:43:23 info: POST /api/admin/login
2026-08-13 13:43:23 info: GET /api/admin/dashboard
2026-08-13 13:43:24 info: GET /api/admin/dashboard
2026-08-13 13:43:31 info: GET /api/admin/profile
2026-08-13 13:43:31 info: GET /api/admin/profile
2026-08-13 13:43:46 info: POST /api/admin/update-profile
2026-08-13 13:44:09 info: POST /api/admin/update-profile
2026-08-13 13:44:13 info: GET /api/admin/profile
2026-08-13 13:44:13 info: GET /api/admin/profile
2026-08-13 13:44:13 info: GET /api/admin/profile
2026-08-13 13:44:13 info: GET /api/admin/profile
2026-08-13 13:44:13 info: GET /api/admin/profile
2026-08-13 13:59:14 info: Server Started on port 4000
2026-08-13 14:05:51 info: Server Started on port 4000
2026-08-13 14:05:58 info: Server Started on port 4000
2026-08-13 14:06:05 info: Server Started on port 4000
2026-08-13 14:10:40 info: Server Started on port 4000
2026-08-13 14:13:24 info: Server Started on port 4000
2026-08-13 15:53:39 info: Server Started on port 4000
2026-08-13 16:13:08 info: Server Started on port 4000
2026-08-13 16:13:16 info: Server Started on port 4000
2026-08-13 16:14:40 info: Server Started on port 4000
2026-08-13 16:15:26 info: Server Started on port 4000
2026-08-13 16:15:34 info: Server Started on port 4000
2026-08-13 16:15:55 info: Server Started on port 4000
2026-08-13 16:16:49 info: Server Started on port 4000
2026-08-13 16:16:58 info: Server Started on port 4000
2026-08-13 16:23:16 info: Server Started on port 4000
2026-08-13 16:25:26 info: Server Started on port 4000
2026-08-13 16:25:34 info: Server Started on port 4000
2026-08-13 16:25:41 info: Server Started on port 4000
2026-08-13 16:27:14 info: Server Started on port 4000
2026-08-13 16:29:15 info: Server Started on port 4000
2026-08-13 16:29:23 info: Server Started on port 4000
2026-08-13 16:29:31 info: Server Started on port 4000
2026-08-13 16:35:28 info: Server Started on port 4000
2026-08-13 16:35:35 info: Server Started on port 4000
2026-08-13 16:35:42 info: Server Started on port 4000
2026-08-13 16:37:51 info: Server Started on port 4000
2026-08-13 16:37:58 info: Server Started on port 4000
2026-08-13 16:39:45 info: Server Started on port 4000
2026-08-13 16:39:51 info: Server Started on port 4000
2026-08-13 16:41:27 info: Server Started on port 4000
2026-08-13 16:43:15 info: Server Started on port 4000
2026-08-13 16:43:21 info: Server Started on port 4000
2026-08-13 16:45:17 info: Server Started on port 4000
2026-08-13 16:47:26 info: Server Started on port 4000
2026-08-13 16:47:34 info: Server Started on port 4000
2026-08-13 16:47:56 info: Server Started on port 4000
2026-08-13 16:48:18 info: Server Started on port 4000
2026-08-13 16:52:48 info: Server Started on port 4000
2026-08-13 16:52:56 info: Server Started on port 4000
2026-08-13 16:55:41 info: Server Started on port 4000
2026-08-13 16:56:37 info: Server Started on port 4000
2026-08-13 16:56:48 info: Server Started on port 4000
2026-08-13 16:56:50 info: Server Started on port 4000
2026-08-13 16:58:08 info: Server Started on port 4000
2026-08-13 16:58:19 info: Server Started on port 4000
2026-08-13 16:58:30 info: Server Started on port 4000
2026-08-13 16:58:38 info: Server Started on port 4000
2026-08-13 16:58:45 info: Server Started on port 4000
2026-08-13 17:23:45 info: Server Started on port 4000
2026-08-13 17:25:13 error: 400 - Expected property name or '}' in JSON at position 1 (line 1 column 2)
2026-08-13 17:25:30 info: POST /api/auth/forgot-password
2026-08-13 17:25:47 info: Server Started on port 4000
2026-08-13 17:25:58 info: POST /api/auth/forgot-password
2026-08-13 17:26:12 info: POST /api/auth/forgot-password
2026-08-13 17:26:20 info: Server Started on port 4000
2026-08-13 17:26:30 info: POST /api/auth/forgot-password
2026-08-13 17:26:34 info: Server Started on port 4000
2026-08-13 17:26:49 info: POST /api/auth/forgot-password
2026-08-13 17:26:58 info: Server Started on port 4000
2026-08-13 17:27:22 info: Server Started on port 4000
2026-08-13 17:29:21 info: Server Started on port 4000
2026-08-13 17:33:31 info: Server Started on port 4000
2026-08-14 10:08:53 info: Server Started on port 4000
2026-08-14 10:13:06 info: Server Started on port 4000
2026-08-14 10:14:02 info: Server Started on port 4000
2026-08-14 10:17:48 info: Server Started on port 4000
2026-08-14 10:18:39 info: Server Started on port 4000
2026-08-14 10:18:44 info: Server Started on port 4000
2026-08-14 10:18:49 info: Server Started on port 4000
2026-08-14 10:18:55 info: Server Started on port 4000
2026-08-14 10:19:09 info: Server Started on port 4000
2026-08-14 10:19:17 info: Server Started on port 4000
2026-08-14 10:20:10 error: 400 - Expected property name or '}' in JSON at position 1 (line 1 column 2)
2026-08-14 10:20:26 error: 400 - Expected property name or '}' in JSON at position 1 (line 1 column 2)
2026-08-14 10:20:55 info: POST /api/auth/send-phone-otp
2026-08-14 10:20:55 warn: [Twilio Service] Twilio credentials are not fully configured in backend .env
2026-08-14 10:20:55 error: sendPhoneOTP error: SMS service is not fully configured on server. Please add valid Twilio credentials to .env.
2026-08-14 10:21:04 info: POST /api/auth/forgot-password/send-otp
2026-08-14 10:22:12 info: POST /api/auth/send-phone-otp
2026-08-14 10:22:12 warn: [Twilio Service] Twilio credentials are not fully configured in backend .env
2026-08-14 10:22:12 error: sendPhoneOTP error: SMS service is not fully configured on server. Please add valid Twilio credentials to .env.
2026-08-14 10:22:25 info: POST /api/auth/verify-phone-otp
2026-08-14 10:22:25 warn: [Twilio Service] Twilio credentials are not fully configured in backend .env
2026-08-14 10:22:25 error: verifyPhoneOTP error: SMS service is not fully configured on server.
2026-08-14 10:22:44 info: POST /api/auth/forgot-password/verify-otp
2026-08-14 10:22:44 warn: [Twilio Service] Twilio credentials are not fully configured in backend .env
2026-08-14 10:22:44 error: forgotPasswordVerifyOTP error: SMS service is not fully configured on server.
2026-08-14 10:22:58 info: POST /api/auth/forgot-password/reset-password
2026-08-14 11:43:51 info: Server Started on port 4000
2026-08-14 12:03:58 info: Server Started on port 4000
2026-08-14 12:12:02 info: Server Started on port 4000
2026-08-14 12:13:38 info: Server Started on port 4000
2026-08-14 13:54:09 info: Server Started on port 4000
2026-08-14 13:54:20 info: Server Started on port 4000
2026-08-14 13:54:28 info: Server Started on port 4000
2026-08-14 13:54:36 info: Server Started on port 4000
2026-08-14 14:03:45 info: Server Started on port 4000
2026-08-14 14:05:09 info: Server Started on port 4000
2026-08-14 14:05:19 info: Server Started on port 4000
2026-08-14 14:05:26 info: Server Started on port 4000
2026-08-14 14:05:35 info: Server Started on port 4000
2026-08-14 14:05:42 info: Server Started on port 4000
2026-08-14 14:12:57 info: Server Started on port 4000
2026-08-14 14:13:03 info: Server Started on port 4000
2026-08-14 14:13:10 info: Server Started on port 4000
2026-08-14 14:22:19 info: GET /api/advisor/profile
2026-08-14 14:22:19 info: GET /api/advisor/profile
2026-08-14 14:22:20 info: GET /api/advisor/profile
2026-08-14 14:22:20 info: GET /api/advisor/profile
2026-08-14 14:22:30 info: GET /api/advisor/profile
2026-08-14 14:22:30 info: GET /api/advisor/profile
2026-08-14 14:22:30 info: GET /api/advisor/profile
2026-08-14 14:22:30 info: GET /api/advisor/profile
2026-08-14 14:22:30 info: GET /api/advisor/profile
2026-08-14 14:22:38 info: POST /api/advisor/update-profile
2026-08-14 14:22:47 info: GET /api/advisor/profile
2026-08-14 14:22:47 info: GET /api/advisor/profile
2026-08-14 14:22:47 info: GET /api/advisor/profile
2026-08-14 14:22:47 info: GET /api/advisor/profile
2026-08-14 14:22:57 info: GET /api/advisor/farmers
2026-08-14 14:22:57 info: GET /api/advisor/farmers
2026-08-14 14:22:59 info: POST /api/advisor/farmer
2026-08-14 14:22:59 info: POST /api/advisor/farmer
2026-08-14 14:23:09 info: POST /api/advisor/update-farmer
2026-08-14 14:23:12 info: POST /api/advisor/farmer
2026-08-14 14:23:16 info: POST /api/advisor/farmer
2026-08-14 14:23:16 info: POST /api/advisor/farmer
2026-08-14 14:23:16 info: GET /api/advisor/profile
2026-08-14 14:23:16 info: GET /api/advisor/profile
2026-08-14 14:23:26 info: POST /api/advisor/update-farmer
2026-08-14 14:23:26 info: POST /api/advisor/farmer
2026-08-14 14:23:30 info: POST /api/advisor/farmer
2026-08-14 14:23:30 info: POST /api/advisor/farmer
2026-08-14 14:23:30 info: GET /api/advisor/profile
2026-08-14 14:23:30 info: GET /api/advisor/profile
2026-08-14 14:23:34 info: GET /api/advisor/farmers
2026-08-14 14:23:34 info: GET /api/advisor/farmers
2026-08-14 14:23:37 info: GET /api/advisor/farmers
2026-08-14 14:23:37 info: GET /api/advisor/farmers
2026-08-14 14:23:37 info: GET /api/advisor/profile
2026-08-14 14:23:37 info: GET /api/advisor/profile
2026-08-14 14:24:06 info: GET /api/advisor/farmers
2026-08-14 14:24:06 info: GET /api/advisor/profile
2026-08-14 14:24:06 info: GET /api/advisor/profile
2026-08-14 14:24:06 info: GET /api/advisor/farmers
2026-08-14 14:24:06 info: GET /api/advisor/profile
2026-08-14 14:24:06 info: GET /api/advisor/farmers
2026-08-14 14:24:06 info: GET /api/advisor/profile
2026-08-14 14:24:08 info: POST /api/advisor/farmer
2026-08-14 14:24:08 info: POST /api/advisor/farmer
2026-08-14 14:24:11 info: POST /api/advisor/farmer
2026-08-14 14:24:11 info: POST /api/advisor/farmer
2026-08-14 14:24:11 info: GET /api/advisor/profile
2026-08-14 14:24:11 info: GET /api/advisor/profile
2026-08-14 14:24:11 info: POST /api/advisor/farmer
2026-08-14 14:24:11 info: GET /api/advisor/profile
2026-08-14 14:24:11 info: POST /api/advisor/farmer
2026-08-14 14:24:11 info: GET /api/advisor/profile
2026-08-14 14:28:25 info: POST /api/advisor/farmer
2026-08-14 14:28:25 info: POST /api/advisor/farmer
2026-08-14 14:28:25 info: GET /api/advisor/profile
2026-08-14 14:28:25 info: GET /api/advisor/profile
2026-08-14 14:37:07 info: GET /api/advisor/farmers
2026-08-14 14:37:07 info: GET /api/advisor/farmers
2026-08-14 14:37:10 info: POST /api/advisor/farmer
2026-08-14 14:37:10 info: POST /api/advisor/farmer
2026-08-14 14:37:23 info: POST /api/advisor/update-farmer
2026-08-14 14:37:26 info: POST /api/advisor/farmer
2026-08-14 14:37:35 info: GET /api/advisor/farmers
2026-08-14 14:37:35 info: GET /api/advisor/farmers
2026-08-14 14:38:51 info: Server Started on port 4000
2026-08-14 14:39:00 info: Server Started on port 4000
2026-08-14 14:39:20 info: POST /api/advisor/farmer
2026-08-14 14:39:20 info: POST /api/advisor/farmer
2026-08-14 14:39:22 info: POST /api/advisor/farmer
2026-08-14 14:39:50 info: GET /api/advisor/profile
2026-08-14 14:39:50 info: GET /api/advisor/profile
2026-08-14 14:39:57 info: GET /api/advisor/farmers
2026-08-14 14:39:57 info: GET /api/advisor/farmers
2026-08-14 14:39:59 info: POST /api/advisor/farmer
2026-08-14 14:39:59 info: POST /api/advisor/farmer
2026-08-14 14:40:07 info: POST /api/advisor/update-farmer
2026-08-14 14:40:07 info: POST /api/advisor/farmer
2026-08-14 14:40:15 info: GET /api/advisor/farmers
2026-08-14 14:40:15 info: GET /api/advisor/farmers
2026-08-14 14:43:51 info: Server Started on port 4000
2026-08-14 14:48:34 info: Server Started on port 4000
2026-08-14 14:50:27 info: Server Started on port 4000
2026-08-14 14:50:31 info: Server Started on port 4000
2026-08-14 14:59:33 info: Server Started on port 4000
2026-08-14 15:09:20 info: Server Started on port 4000
2026-08-14 15:12:28 info: Server Started on port 4000
2026-08-14 15:13:18 info: Server Started on port 4000
2026-08-14 15:14:29 info: Server Started on port 4000
2026-08-14 15:17:02 info: Server Started on port 4000
2026-08-14 15:22:49 info: GET /api/admin/profile
2026-08-14 15:22:49 info: GET /api/admin/profile
2026-08-14 15:22:50 info: GET /api/admin/profile
2026-08-14 15:22:50 info: GET /api/admin/profile
2026-08-14 15:22:52 info: GET /api/admin/profile
2026-08-14 15:22:52 info: GET /api/admin/profile
2026-08-14 15:22:53 info: GET /api/admin/profile
2026-08-14 15:22:53 info: GET /api/admin/profile
2026-08-14 15:23:20 info: POST /api/admin/login
2026-08-14 15:23:20 info: GET /api/admin/dashboard
2026-08-14 15:23:20 info: GET /api/admin/dashboard
2026-08-14 15:23:25 info: GET /api/admin/dashboard
2026-08-14 15:23:25 info: GET /api/admin/dashboard
2026-08-14 15:23:26 info: GET /api/admin/dashboard
2026-08-14 15:23:26 info: GET /api/admin/dashboard
2026-08-14 15:23:38 info: POST /api/admin/login
2026-08-14 15:23:38 info: GET /api/admin/dashboard
2026-08-14 15:23:38 info: GET /api/admin/dashboard
2026-08-14 15:23:41 info: POST /api/admin/all-advisors
2026-08-14 15:23:41 info: POST /api/admin/all-advisors
2026-08-14 15:23:42 info: POST /api/admin/all-farmers
2026-08-14 15:23:42 info: POST /api/admin/all-farmers
2026-08-14 15:23:44 info: GET /api/admin/dashboard
2026-08-14 15:23:44 info: GET /api/admin/dashboard
2026-08-14 15:23:46 info: POST /api/admin/all-farmers
2026-08-14 15:23:46 info: POST /api/admin/all-farmers
2026-08-14 15:23:48 info: GET /api/product/list
2026-08-14 15:23:48 info: GET /api/product/list
2026-08-14 15:23:50 info: GET /api/admin/product-orders
2026-08-14 15:23:50 info: GET /api/admin/product-orders
2026-08-14 15:23:52 info: GET /api/admin/product-orders
2026-08-14 15:23:52 info: GET /api/admin/product-orders
2026-08-14 15:23:54 info: GET /api/admin/product-orders
2026-08-14 15:23:54 info: POST /api/admin/all-advisors
2026-08-14 15:23:54 info: GET /api/admin/product-orders
2026-08-14 15:23:54 info: POST /api/admin/all-advisors
2026-08-14 15:23:54 info: POST /api/admin/all-farmers
2026-08-14 15:23:54 info: POST /api/admin/all-farmers
2026-08-14 15:23:55 info: GET /api/admin/advisor-locations
2026-08-14 15:23:55 info: GET /api/admin/advisor-locations
2026-08-14 15:23:58 info: GET /api/admin/profile
2026-08-14 15:23:58 info: GET /api/admin/profile
2026-08-14 15:24:20 info: GET /api/admin/dashboard
2026-08-14 15:24:20 info: GET /api/admin/dashboard
2026-08-14 15:24:23 info: POST /api/admin/all-advisors
2026-08-14 15:24:23 info: POST /api/admin/all-advisors
2026-08-14 15:24:25 info: POST /api/admin/all-farmers
2026-08-14 15:24:25 info: POST /api/admin/all-farmers
2026-08-14 15:24:26 info: GET /api/admin/product-orders
2026-08-14 15:24:26 info: GET /api/admin/product-orders
2026-08-14 15:24:53 info: GET /api/admin/profile
2026-08-14 15:24:53 info: GET /api/admin/profile
2026-08-14 15:24:55 info: GET /api/admin/product-orders
2026-08-14 15:24:55 info: GET /api/admin/product-orders
2026-08-14 15:24:57 info: GET /api/admin/product-orders
2026-08-14 15:24:57 info: GET /api/admin/product-orders
2026-08-14 15:25:04 info: POST /api/admin/all-farmers
2026-08-14 15:25:04 info: POST /api/admin/all-farmers
2026-08-14 15:25:06 info: GET /api/product/list
2026-08-14 15:25:06 info: GET /api/product/list
2026-08-14 15:25:10 info: GET /api/admin/product-orders
2026-08-14 15:25:10 info: GET /api/admin/product-orders
2026-08-14 15:25:13 info: GET /api/product-order/list
2026-08-14 15:25:13 info: GET /api/product-order/list
2026-08-14 15:25:15 info: GET /api/product-order/list
2026-08-14 15:25:15 info: GET /api/product-order/list
2026-08-14 15:26:29 info: Server Started on port 4000
2026-08-14 15:26:36 info: Server Started on port 4000
2026-08-14 15:27:12 info: GET /api/admin/product-orders
2026-08-14 15:27:12 info: GET /api/admin/product-orders
2026-08-14 15:27:12 info: GET /api/admin/product-orders
2026-08-14 15:27:12 info: GET /api/admin/product-orders
2026-08-14 15:27:12 info: GET /api/admin/product-orders
2026-08-14 15:27:12 info: GET /api/admin/product-orders
2026-08-14 15:27:12 info: GET /api/admin/product-orders
2026-08-14 15:27:12 info: GET /api/admin/product-orders
2026-08-14 15:27:20 info: POST /api/admin/all-farmers
2026-08-14 15:27:20 info: POST /api/admin/all-farmers
2026-08-14 15:27:22 info: POST /api/admin/all-advisors
2026-08-14 15:27:22 info: POST /api/admin/all-advisors
2026-08-14 15:27:23 info: GET /api/admin/dashboard
2026-08-14 15:27:23 info: GET /api/admin/dashboard
2026-08-14 15:27:25 info: GET /api/admin/product-orders
2026-08-14 15:27:25 info: GET /api/admin/product-orders
2026-08-14 15:27:45 info: GET /api/admin/product-orders
2026-08-14 15:27:45 info: GET /api/admin/product-orders
2026-08-14 15:27:45 info: GET /api/admin/product-orders
2026-08-14 15:27:45 info: GET /api/admin/product-orders
2026-08-14 15:27:46 info: GET /api/admin/product-orders
2026-08-14 15:27:46 info: GET /api/admin/product-orders
2026-08-14 15:27:50 info: GET /api/product/list
2026-08-14 15:27:50 info: GET /api/product/list
2026-08-14 15:27:51 info: POST /api/admin/all-farmers
2026-08-14 15:27:51 info: POST /api/admin/all-farmers
2026-08-14 15:27:53 info: GET /api/admin/product-orders
2026-08-14 15:27:53 info: GET /api/admin/product-orders
2026-08-14 15:27:54 info: GET /api/admin/product-orders
2026-08-14 15:27:54 info: GET /api/admin/product-orders
2026-08-14 15:27:55 info: GET /api/admin/product-orders
2026-08-14 15:27:55 info: GET /api/admin/product-orders
2026-08-14 15:27:56 info: POST /api/admin/all-farmers
2026-08-14 15:27:56 info: POST /api/admin/all-farmers
2026-08-14 15:27:56 info: GET /api/admin/product-orders
2026-08-14 15:27:56 info: POST /api/admin/all-advisors
2026-08-14 15:27:56 info: POST /api/admin/all-advisors
2026-08-14 15:27:56 info: GET /api/admin/product-orders
2026-08-14 15:27:57 info: GET /api/admin/advisor-locations
2026-08-14 15:27:57 info: GET /api/admin/advisor-locations
2026-08-14 15:28:03 info: GET /api/admin/advisor-locations
2026-08-14 15:28:09 info: GET /api/admin/advisor-locations
2026-08-14 15:28:11 info: GET /api/admin/product-orders
2026-08-14 15:28:11 info: GET /api/admin/product-orders
2026-08-14 15:29:01 info: GET /api/product/list
2026-08-14 15:29:01 info: GET /api/product/list
2026-08-14 15:29:02 info: POST /api/admin/all-advisors
2026-08-14 15:29:02 info: POST /api/admin/all-advisors
2026-08-14 15:29:20 info: POST /api/admin/all-advisors
2026-08-14 15:29:20 info: POST /api/admin/all-advisors
2026-08-14 15:29:23 info: GET /api/product/list
2026-08-14 15:29:23 info: GET /api/product/list
2026-08-14 15:29:24 info: GET /api/admin/product-orders
2026-08-14 15:29:24 info: GET /api/admin/product-orders
2026-08-14 15:29:25 info: GET /api/admin/product-orders
2026-08-14 15:29:25 info: GET /api/admin/product-orders
2026-08-14 15:30:29 info: GET /api/admin/product-orders
2026-08-14 15:30:29 info: GET /api/admin/product-orders
2026-08-14 15:36:40 info: GET /api/admin/product-orders
2026-08-14 15:36:40 info: GET /api/admin/product-orders
2026-08-14 15:36:40 info: GET /api/admin/product-orders
2026-08-14 15:36:40 info: GET /api/admin/product-orders
2026-08-14 15:36:41 info: GET /api/admin/product-orders
2026-08-14 15:36:41 info: GET /api/admin/product-orders
2026-08-14 15:36:41 info: GET /api/admin/product-orders
2026-08-14 15:36:41 info: GET /api/admin/product-orders
2026-08-14 15:36:41 info: GET /api/admin/product-orders
2026-08-14 15:36:41 info: GET /api/admin/product-orders
2026-08-14 15:36:41 info: GET /api/admin/product-orders
2026-08-14 15:36:41 info: GET /api/admin/product-orders
2026-08-14 15:36:42 info: GET /api/admin/product-orders
2026-08-14 15:36:42 info: GET /api/admin/product-orders
2026-08-14 15:36:42 info: GET /api/admin/product-orders
2026-08-14 15:36:42 info: GET /api/admin/product-orders
2026-08-14 15:36:42 info: GET /api/admin/product-orders
2026-08-14 15:36:42 info: GET /api/admin/product-orders
2026-08-14 15:36:42 info: GET /api/admin/product-orders
2026-08-14 15:36:42 info: GET /api/admin/product-orders
2026-08-14 15:36:42 info: GET /api/admin/product-orders
2026-08-14 15:36:42 info: GET /api/admin/product-orders
2026-08-14 15:36:43 info: GET /api/admin/product-orders
2026-08-14 15:36:43 info: GET /api/admin/product-orders
2026-08-14 15:36:43 info: GET /api/admin/product-orders
2026-08-14 15:36:43 info: GET /api/admin/product-orders
2026-08-14 15:36:44 info: GET /api/admin/product-orders
2026-08-14 15:36:44 info: GET /api/admin/product-orders
2026-08-14 15:36:44 info: GET /api/admin/product-orders
2026-08-14 15:36:44 info: GET /api/admin/product-orders
2026-08-14 15:36:44 info: GET /api/admin/product-orders
2026-08-14 15:36:44 info: GET /api/admin/product-orders
2026-08-14 15:36:44 info: GET /api/admin/product-orders
2026-08-14 15:36:44 info: GET /api/admin/product-orders
2026-08-14 15:36:44 info: GET /api/admin/product-orders
2026-08-14 15:36:44 info: GET /api/admin/product-orders
2026-08-14 15:36:45 info: GET /api/admin/product-orders
2026-08-14 15:36:45 info: GET /api/admin/product-orders
2026-08-14 15:36:45 info: GET /api/admin/product-orders
2026-08-14 15:36:45 info: GET /api/admin/product-orders
2026-08-14 15:36:45 info: GET /api/admin/product-orders
2026-08-14 15:36:45 info: GET /api/admin/product-orders
2026-08-14 15:36:45 info: GET /api/admin/product-orders
2026-08-14 15:36:45 info: GET /api/admin/product-orders
2026-08-14 15:36:45 info: GET /api/admin/product-orders
2026-08-14 15:36:45 info: GET /api/admin/product-orders
2026-08-14 15:36:46 info: GET /api/admin/product-orders
2026-08-14 15:36:46 info: GET /api/admin/product-orders
2026-08-14 15:36:46 info: GET /api/admin/product-orders
2026-08-14 15:36:46 info: GET /api/admin/product-orders
2026-08-14 15:36:46 info: GET /api/admin/product-orders
2026-08-14 15:36:46 info: GET /api/admin/product-orders
2026-08-14 15:36:46 info: GET /api/admin/product-orders
2026-08-14 15:36:47 info: GET /api/admin/product-orders
2026-08-14 15:36:47 info: GET /api/admin/dashboard
2026-08-14 15:36:47 info: GET /api/admin/dashboard
2026-08-14 15:36:48 info: POST /api/admin/all-advisors
2026-08-14 15:36:48 info: POST /api/admin/all-advisors
2026-08-14 15:36:49 info: POST /api/admin/all-farmers
2026-08-14 15:36:49 info: POST /api/admin/all-farmers
2026-08-14 15:36:50 info: GET /api/product/list
2026-08-14 15:36:50 info: GET /api/product/list
2026-08-14 15:36:50 info: GET /api/admin/product-orders
2026-08-14 15:36:50 info: GET /api/admin/product-orders
2026-08-14 15:36:51 info: GET /api/admin/product-orders
2026-08-14 15:36:51 info: GET /api/admin/product-orders
2026-08-14 15:36:52 info: GET /api/admin/product-orders
2026-08-14 15:36:52 info: GET /api/admin/product-orders
2026-08-14 15:36:52 info: POST /api/admin/all-advisors
2026-08-14 15:36:52 info: POST /api/admin/all-farmers
2026-08-14 15:36:52 info: POST /api/admin/all-advisors
2026-08-14 15:36:52 info: POST /api/admin/all-farmers
2026-08-14 15:37:05 info: POST /api/admin/login
2026-08-14 15:37:05 info: GET /api/admin/dashboard
2026-08-14 15:37:06 info: GET /api/admin/dashboard
2026-08-14 15:37:22 info: POST /api/admin/all-advisors
2026-08-14 15:37:22 info: POST /api/admin/all-advisors
2026-08-14 15:37:22 info: POST /api/admin/all-farmers
2026-08-14 15:37:22 info: POST /api/admin/all-farmers
2026-08-14 15:37:23 info: GET /api/admin/product-orders
2026-08-14 15:37:23 info: GET /api/admin/product-orders
2026-08-14 15:37:30 info: GET /api/admin/product-orders
2026-08-14 15:37:30 info: GET /api/admin/product-orders
2026-08-14 15:37:38 info: Server Started on port 4000
2026-08-14 15:39:10 info: GET /api/admin/product-orders
2026-08-14 15:39:10 info: GET /api/admin/product-orders
2026-08-14 15:39:52 info: GET /api/admin/profile
2026-08-14 15:39:52 info: GET /api/admin/profile
2026-08-14 15:39:58 info: GET /api/product/list
2026-08-14 15:39:58 info: GET /api/product/list
2026-08-14 15:40:01 info: GET /api/admin/product-orders
2026-08-14 15:40:01 info: GET /api/admin/product-orders
2026-08-14 15:40:03 info: GET /api/admin/product-orders
2026-08-14 15:40:03 info: GET /api/admin/product-orders
2026-08-14 15:40:03 info: POST /api/admin/all-advisors
2026-08-14 15:40:03 info: POST /api/admin/all-farmers
2026-08-14 15:40:03 info: POST /api/admin/all-advisors
2026-08-14 15:40:03 info: POST /api/admin/all-farmers
2026-08-14 15:40:06 info: GET /api/admin/product-orders
2026-08-14 15:40:06 info: GET /api/admin/product-orders
2026-08-14 15:40:08 info: POST /api/admin/all-advisors
2026-08-14 15:40:08 info: POST /api/admin/all-advisors
2026-08-14 15:40:09 info: GET /api/admin/dashboard
2026-08-14 15:40:09 info: GET /api/admin/dashboard
2026-08-14 15:40:16 info: GET /api/product-order/list
2026-08-14 15:40:16 info: GET /api/advisor/profile
2026-08-14 15:40:16 info: GET /api/advisor/profile
2026-08-14 15:40:17 info: GET /api/product-order/list
2026-08-14 15:40:17 info: GET /api/product-order/list
2026-08-14 15:40:17 info: GET /api/advisor/profile
2026-08-14 15:40:17 info: GET /api/advisor/profile
2026-08-14 15:40:17 info: GET /api/product-order/list
2026-08-14 15:40:17 info: GET /api/product-order/list
2026-08-14 15:40:17 info: GET /api/advisor/profile
2026-08-14 15:40:17 info: GET /api/advisor/profile
2026-08-14 15:40:17 info: GET /api/product-order/list
2026-08-14 15:40:17 info: GET /api/product-order/list
2026-08-14 15:40:17 info: GET /api/advisor/profile
2026-08-14 15:40:17 info: GET /api/advisor/profile
2026-08-14 15:40:17 info: GET /api/product-order/list
2026-08-14 15:40:17 info: GET /api/advisor/profile
2026-08-14 15:40:17 info: GET /api/advisor/profile
2026-08-14 15:40:17 info: GET /api/product-order/list
2026-08-14 15:40:23 info: GET /api/admin/dashboard
2026-08-14 15:40:23 info: GET /api/admin/dashboard
2026-08-14 15:40:23 info: GET /api/admin/dashboard
2026-08-14 15:40:23 info: GET /api/admin/dashboard
2026-08-14 15:40:23 info: GET /api/admin/dashboard
2026-08-14 15:40:23 info: GET /api/admin/dashboard
2026-08-14 15:40:24 info: GET /api/admin/dashboard
2026-08-14 15:40:24 info: GET /api/admin/dashboard
2026-08-14 15:40:25 info: POST /api/admin/all-farmers
2026-08-14 15:40:25 info: POST /api/admin/all-farmers
2026-08-14 15:40:36 info: POST /api/admin/login
2026-08-14 15:40:40 info: POST /api/admin/login
2026-08-14 15:40:40 info: GET /api/admin/dashboard
2026-08-14 15:40:40 info: GET /api/admin/dashboard
2026-08-14 15:41:27 info: Server Started on port 4000
2026-08-14 15:42:46 info: GET /api/admin/dashboard
2026-08-14 15:42:46 info: GET /api/admin/dashboard
2026-08-14 15:42:46 info: GET /api/admin/dashboard
2026-08-14 15:42:46 info: GET /api/admin/dashboard
2026-08-14 15:45:34 info: GET /api/admin/dashboard
2026-08-14 15:45:52 info: Server Started on port 4000
2026-08-14 15:46:01 info: GET /api/admin/dashboard
2026-08-14 15:46:11 info: POST /api/admin/all-farmers
2026-08-14 15:46:11 info: POST /api/admin/all-advisors
2026-08-14 15:46:11 info: GET /api/admin/product-orders
2026-08-14 15:46:26 info: GET /api/admin/dashboard
2026-08-14 15:46:26 info: GET /api/admin/dashboard
2026-08-14 15:46:27 info: GET /api/admin/dashboard
2026-08-14 15:46:27 info: GET /api/admin/dashboard
2026-08-14 15:46:31 info: GET /api/admin/product-orders
2026-08-14 15:46:31 info: GET /api/admin/product-orders
2026-08-14 15:46:32 info: GET /api/admin/product-orders
2026-08-14 15:46:33 info: GET /api/admin/product-orders
2026-08-14 15:46:53 info: GET /api/admin/product-orders
2026-08-14 15:46:53 info: GET /api/admin/product-orders
2026-08-14 15:46:55 info: GET /api/admin/product-orders
2026-08-14 15:46:55 info: POST /api/admin/all-advisors
2026-08-14 15:46:55 info: POST /api/admin/all-farmers
2026-08-14 15:46:55 info: POST /api/admin/all-advisors
2026-08-14 15:46:55 info: POST /api/admin/all-farmers
2026-08-14 15:46:55 info: GET /api/admin/product-orders
2026-08-14 15:46:59 info: GET /api/admin/profile
2026-08-14 15:46:59 info: GET /api/admin/profile
2026-08-14 15:47:30 info: POST /api/admin/update-profile
2026-08-14 15:47:53 info: GET /api/admin/profile
2026-08-14 15:47:53 info: GET /api/admin/profile
2026-08-14 15:47:53 info: GET /api/admin/profile
2026-08-14 15:47:53 info: GET /api/admin/profile
2026-08-14 15:47:53 info: GET /api/admin/profile
2026-08-14 15:47:53 info: GET /api/admin/profile
2026-08-14 15:47:53 info: GET /api/admin/profile
2026-08-14 15:47:53 info: GET /api/admin/profile
2026-08-14 15:47:53 info: GET /api/admin/profile
2026-08-14 15:47:53 info: GET /api/admin/profile
2026-08-14 15:47:54 info: GET /api/admin/profile
2026-08-14 15:47:54 info: GET /api/admin/profile
2026-08-14 15:47:54 info: GET /api/admin/profile
2026-08-14 15:47:54 info: GET /api/admin/profile
2026-08-14 15:47:55 info: GET /api/admin/profile
2026-08-14 15:47:55 info: GET /api/admin/profile
2026-08-14 15:47:55 info: GET /api/admin/profile
2026-08-14 15:47:55 info: GET /api/admin/profile
2026-08-14 15:48:06 info: GET /api/admin/advisor-locations
2026-08-14 15:48:06 info: GET /api/admin/advisor-locations
2026-08-14 15:48:12 info: GET /api/admin/advisor-locations
2026-08-14 15:48:13 info: POST /api/admin/all-advisors
2026-08-14 15:48:13 info: POST /api/admin/all-farmers
2026-08-14 15:48:13 info: GET /api/admin/product-orders
2026-08-14 15:48:13 info: POST /api/admin/all-advisors
2026-08-14 15:48:13 info: POST /api/admin/all-farmers
2026-08-14 15:48:13 info: GET /api/admin/product-orders
2026-08-14 15:48:17 info: GET /api/admin/product-orders
2026-08-14 15:48:17 info: GET /api/admin/product-orders
2026-08-14 15:48:21 info: GET /api/admin/product-orders
2026-08-14 15:48:21 info: GET /api/admin/product-orders
2026-08-14 15:48:22 info: GET /api/product/list
2026-08-14 15:48:22 info: GET /api/product/list
2026-08-14 15:48:22 info: POST /api/admin/all-farmers
2026-08-14 15:48:22 info: POST /api/admin/all-farmers
2026-08-14 15:48:23 info: POST /api/admin/all-advisors
2026-08-14 15:48:23 info: POST /api/admin/all-advisors
2026-08-14 15:48:23 info: GET /api/admin/dashboard
2026-08-14 15:48:23 info: GET /api/admin/dashboard
2026-08-14 15:48:37 info: POST /api/admin/login
2026-08-14 15:48:37 info: POST /api/admin/login
2026-08-14 15:48:40 info: POST /api/admin/login
2026-08-14 15:48:44 info: POST /api/admin/login
2026-08-14 15:48:44 info: GET /api/admin/dashboard
2026-08-14 15:48:44 info: GET /api/admin/dashboard
2026-08-14 21:29:12 info: Server Started on port 4000
2026-08-14 21:29:36 info: Server Started on port 4000
2026-08-14 21:31:39 info: Server Started on port 4000
2026-08-14 21:31:46 info: Server Started on port 4000
2026-08-14 21:31:54 info: Server Started on port 4000
2026-08-14 21:32:00 info: Server Started on port 4000
2026-08-14 21:32:47 info: Server Started on port 4000
2026-08-14 21:33:34 info: Server Started on port 4000
2026-08-14 22:09:34 info: Server Started on port 4000
2026-08-14 22:10:16 info: Server Started on port 4000
2026-08-14 22:12:09 info: POST /api/admin/login
2026-08-14 22:12:10 info: POST /api/admin/login
2026-08-14 22:12:11 info: POST /api/admin/login
2026-08-14 22:12:11 info: POST /api/admin/login
2026-08-14 22:12:11 info: POST /api/admin/login
2026-08-14 22:12:11 info: POST /api/admin/login
2026-08-14 22:12:12 info: POST /api/admin/login
2026-08-14 22:12:12 info: POST /api/admin/login
2026-08-14 22:12:12 info: POST /api/admin/login
2026-08-14 22:12:21 info: POST /api/admin/login
2026-08-14 22:12:22 info: POST /api/admin/login
2026-08-14 22:12:22 info: POST /api/admin/login
2026-08-14 22:12:23 info: POST /api/admin/login
2026-08-14 22:12:23 info: POST /api/admin/login
2026-08-14 22:12:23 info: POST /api/admin/login
2026-08-14 22:12:33 info: POST /api/admin/login
2026-08-15 09:28:28 info: Server Started on port 4000
2026-08-15 09:30:40 info: POST /api/admin/login
2026-08-15 09:30:48 info: POST /api/admin/login
2026-08-15 09:30:58 info: POST /api/admin/login
2026-08-15 09:31:08 info: POST /api/admin/login
2026-08-15 09:31:10 info: POST /api/admin/login
2026-08-15 09:31:11 info: POST /api/admin/login
2026-08-15 09:31:11 info: POST /api/admin/login
2026-08-15 09:31:11 info: POST /api/admin/login
2026-08-15 09:31:12 info: POST /api/admin/login
2026-08-15 09:31:12 info: POST /api/admin/login
2026-08-15 09:31:12 info: POST /api/admin/login
2026-08-15 09:31:18 info: POST /api/admin/login
2026-08-15 09:31:38 info: POST /api/admin/login
2026-08-15 09:31:38 info: POST /api/admin/login
2026-08-15 09:31:39 info: POST /api/admin/login
2026-08-15 09:31:39 info: POST /api/admin/login
2026-08-15 09:31:39 info: POST /api/admin/login
2026-08-15 09:31:41 info: POST /api/admin/login
2026-08-15 09:31:41 info: POST /api/admin/login
2026-08-15 09:31:41 info: POST /api/admin/login
2026-08-15 09:32:26 info: POST /api/admin/login
2026-08-15 09:32:27 info: POST /api/admin/login
2026-08-15 09:32:27 info: POST /api/admin/login
2026-08-15 09:32:27 info: POST /api/admin/login
2026-08-15 09:32:28 info: POST /api/admin/login
2026-08-15 09:32:28 info: POST /api/admin/login
2026-08-15 09:32:50 info: Server Started on port 4000
2026-08-15 09:33:06 info: POST /api/admin/login
2026-08-15 09:33:06 info: GET /api/admin/dashboard
2026-08-15 09:33:08 info: GET /api/admin/dashboard
2026-08-15 09:33:33 info: POST /api/admin/login
2026-08-15 09:33:34 info: POST /api/admin/login
2026-08-15 09:33:39 info: POST /api/admin/login
2026-08-15 09:33:40 info: POST /api/admin/login
2026-08-15 09:33:41 info: POST /api/admin/login
2026-08-15 09:33:41 info: POST /api/admin/login
2026-08-15 09:33:50 info: POST /api/admin/login
2026-08-15 09:33:50 info: GET /api/admin/dashboard
2026-08-15 09:33:50 info: GET /api/admin/dashboard
2026-08-15 09:42:30 info: Server Started on port 4000
2026-08-15 09:42:37 info: Server Started on port 4000
2026-08-15 09:42:43 info: Server Started on port 4000
2026-08-15 09:42:49 info: Server Started on port 4000
2026-08-15 09:42:56 info: Server Started on port 4000
2026-08-15 09:45:01 info: GET /api/advisor/dashboard
2026-08-15 09:45:01 info: GET /api/advisor/profile
2026-08-15 09:45:01 info: GET /api/advisor/dashboard
2026-08-15 09:45:01 info: GET /api/advisor/profile
2026-08-15 09:45:11 info: POST /api/advisor/login
2026-08-15 09:45:11 info: GET /api/advisor/dashboard
2026-08-15 09:45:11 info: GET /api/advisor/profile
2026-08-15 09:45:11 info: GET /api/advisor/profile
2026-08-15 09:45:13 info: GET /api/advisor/dashboard
2026-08-15 09:45:15 info: GET /api/advisor/profile
2026-08-15 09:45:15 info: GET /api/advisor/profile
2026-08-15 09:45:17 info: POST /api/advisor/update-location
2026-08-15 09:45:17 info: POST /api/advisor/update-location
2026-08-15 09:45:17 info: POST /api/advisor/update-location
2026-08-15 09:45:31 info: POST /api/advisor/update-location
2026-08-15 09:45:55 info: GET /api/advisor/dashboard
2026-08-15 09:45:55 info: POST /api/advisor/update-location
2026-08-15 09:45:55 info: GET /api/advisor/dashboard
2026-08-15 09:46:23 info: GET /api/advisor/profile
2026-08-15 09:46:24 info: GET /api/advisor/profile
2026-08-15 09:46:24 info: POST /api/advisor/update-location
2026-08-15 09:46:55 info: POST /api/advisor/update-location
2026-08-15 09:47:37 info: GET /api/advisor/profile
2026-08-15 09:48:02 info: POST /api/advisor/update-location
2026-08-15 09:48:06 info: GET /api/advisor/dashboard
2026-08-15 09:48:06 info: GET /api/advisor/dashboard
2026-08-15 09:48:07 info: GET /api/product/list
2026-08-15 09:48:07 info: GET /api/advisor/farmers
2026-08-15 09:48:07 info: GET /api/product/list
2026-08-15 09:48:07 info: GET /api/advisor/farmers
2026-08-15 09:48:18 info: GET /api/product/list
2026-08-15 09:48:18 info: GET /api/advisor/farmers
2026-08-15 09:48:18 info: GET /api/advisor/profile
2026-08-15 09:48:18 info: GET /api/product/list
2026-08-15 09:48:18 info: GET /api/advisor/profile
2026-08-15 09:48:18 info: GET /api/advisor/farmers
2026-08-15 09:48:18 info: POST /api/advisor/update-location
2026-08-15 09:48:18 info: POST /api/advisor/update-location
2026-08-15 09:48:18 info: POST /api/advisor/update-location
2026-08-15 09:48:51 info: POST /api/advisor/update-location
2026-08-15 09:48:58 info: POST /api/advisor/update-location
2026-08-15 09:49:00 info: POST /api/advisor/update-location
2026-08-15 09:49:16 info: POST /api/admin/login
2026-08-15 09:49:16 info: GET /api/admin/dashboard
2026-08-15 09:49:17 info: GET /api/admin/dashboard
2026-08-15 09:49:26 info: POST /api/advisor/update-location
2026-08-15 09:49:40 info: POST /api/advisor/update-location
2026-08-15 09:50:02 info: POST /api/advisor/update-location
2026-08-15 09:51:09 info: POST /api/product/single
2026-08-15 09:51:09 info: POST /api/product/single
2026-08-15 09:51:23 info: GET /api/product/list
2026-08-15 09:51:23 info: GET /api/advisor/farmers
2026-08-15 09:51:23 info: GET /api/product/list
2026-08-15 09:51:23 info: GET /api/advisor/farmers
2026-08-15 09:51:31 info: POST /api/product/single
2026-08-15 09:51:31 info: POST /api/product/single
2026-08-15 09:55:15 info: POST /api/advisor/update-location
2026-08-15 09:55:27 info: POST /api/advisor/update-location
2026-08-15 09:55:37 info: GET /api/advisor/farmers
2026-08-15 09:55:37 info: GET /api/product/list
2026-08-15 09:55:37 info: GET /api/advisor/farmers
2026-08-15 09:55:38 info: GET /api/product/list
2026-08-15 09:55:39 info: POST /api/product/single
2026-08-15 09:55:39 info: POST /api/product/single
2026-08-15 09:55:54 info: POST /api/advisor/update-location
2026-08-15 09:56:26 info: GET /api/product/list
2026-08-15 09:56:26 info: GET /api/advisor/farmers
2026-08-15 09:56:26 info: GET /api/product/list
2026-08-15 09:56:26 info: GET /api/advisor/farmers
2026-08-15 09:56:27 info: POST /api/product/single
2026-08-15 09:56:27 info: POST /api/product/single
2026-08-15 09:57:31 info: POST /api/advisor/update-location
2026-08-15 09:58:26 info: POST /api/advisor/update-location
2026-08-15 09:59:24 info: POST /api/advisor/update-location
2026-08-15 10:00:31 info: POST /api/advisor/update-location
2026-08-15 10:01:34 info: POST /api/advisor/update-location
2026-08-15 10:01:38 info: POST /api/product/single
2026-08-15 10:01:38 info: GET /api/advisor/profile
2026-08-15 10:01:38 info: POST /api/product/single
2026-08-15 10:01:38 info: GET /api/advisor/profile
2026-08-15 10:01:38 info: POST /api/advisor/update-location
2026-08-15 10:01:38 info: POST /api/advisor/update-location
2026-08-15 10:01:38 info: POST /api/advisor/update-location
2026-08-15 10:02:16 info: POST /api/advisor/update-location
2026-08-15 10:02:21 info: GET /api/product/list
2026-08-15 10:02:21 info: GET /api/advisor/farmers
2026-08-15 10:02:21 info: GET /api/product/list
2026-08-15 10:02:21 info: GET /api/advisor/farmers
2026-08-15 10:03:12 info: POST /api/advisor/update-location
2026-08-15 10:03:53 info: GET /api/product/list
2026-08-15 10:03:53 info: GET /api/advisor/farmers
2026-08-15 10:03:53 info: GET /api/advisor/profile
2026-08-15 10:03:53 info: GET /api/product/list
2026-08-15 10:03:53 info: GET /api/advisor/farmers
2026-08-15 10:03:53 info: GET /api/product/list
2026-08-15 10:03:53 info: GET /api/advisor/farmers
2026-08-15 10:03:53 info: GET /api/advisor/profile
2026-08-15 10:03:53 info: GET /api/product/list
2026-08-15 10:03:53 info: GET /api/advisor/farmers
2026-08-15 10:03:53 info: GET /api/advisor/profile
2026-08-15 10:03:53 info: POST /api/advisor/update-location
2026-08-15 10:03:53 info: POST /api/advisor/update-location
2026-08-15 10:03:53 info: POST /api/advisor/update-location
2026-08-15 10:04:06 info: POST /api/admin/all-advisors
2026-08-15 10:04:06 info: POST /api/admin/all-advisors
2026-08-15 10:04:32 info: POST /api/admin/update-advisor
2026-08-15 10:04:44 info: POST /api/admin/update-advisor
2026-08-15 10:04:52 info: GET /api/admin/dashboard
2026-08-15 10:04:52 info: GET /api/admin/dashboard
2026-08-15 10:04:55 info: GET /api/admin/profile
2026-08-15 10:04:55 info: GET /api/admin/profile
2026-08-15 10:05:09 info: POST /api/admin/login
2026-08-15 10:05:12 info: POST /api/admin/login
2026-08-15 10:05:49 info: POST /api/admin/login
2026-08-15 10:06:07 info: POST /api/admin/login
2026-08-15 10:06:08 info: GET /api/admin/dashboard
2026-08-15 10:06:08 info: GET /api/admin/dashboard
2026-08-15 10:06:11 info: POST /api/admin/all-advisors
2026-08-15 10:06:11 info: POST /api/admin/all-advisors
2026-08-15 10:06:30 info: POST /api/admin/update-advisor
2026-08-15 10:06:42 info: POST /api/admin/update-advisor
2026-08-15 10:06:55 info: POST /api/admin/update-advisor
2026-08-15 10:07:39 info: POST /api/admin/update-advisor
2026-08-15 10:09:41 info: POST /api/admin/update-advisor
2026-08-15 10:09:44 info: POST /api/admin/all-advisors
2026-08-15 10:09:51 info: GET /api/product/list
2026-08-15 10:09:51 info: GET /api/advisor/farmers
2026-08-15 10:09:51 info: GET /api/advisor/profile
2026-08-15 10:09:51 info: GET /api/product/list
2026-08-15 10:09:51 info: GET /api/advisor/farmers
2026-08-15 10:09:51 info: GET /api/advisor/profile
2026-08-15 10:10:06 info: POST /api/advisor/login
2026-08-15 10:10:06 info: GET /api/advisor/dashboard
2026-08-15 10:10:06 info: GET /api/advisor/profile
2026-08-15 10:10:06 info: GET /api/advisor/profile
2026-08-15 10:10:06 info: GET /api/advisor/dashboard
2026-08-15 10:10:12 info: POST /api/advisor/update-location
2026-08-15 10:10:12 info: POST /api/advisor/update-location
2026-08-15 10:10:12 info: POST /api/advisor/update-location
2026-08-15 10:10:13 info: GET /api/advisor/profile
2026-08-15 10:10:14 info: GET /api/advisor/profile
2026-08-15 10:10:41 info: POST /api/admin/update-advisor
2026-08-15 10:10:43 info: POST /api/admin/all-advisors
2026-08-15 10:10:49 info: POST /api/advisor/update-location
2026-08-15 10:15:18 info: POST /api/advisor/login
2026-08-15 10:15:18 info: GET /api/advisor/dashboard
2026-08-15 10:15:18 info: GET /api/advisor/profile
2026-08-15 10:15:18 info: GET /api/advisor/profile
2026-08-15 10:15:18 info: GET /api/advisor/dashboard
2026-08-15 10:15:21 info: GET /api/product/list
2026-08-15 10:15:21 info: GET /api/advisor/farmers
2026-08-15 10:15:21 info: GET /api/product/list
2026-08-15 10:15:21 info: GET /api/advisor/farmers
2026-08-15 10:15:23 info: POST /api/advisor/update-location
2026-08-15 10:15:23 info: POST /api/advisor/update-location
2026-08-15 10:15:23 info: POST /api/advisor/update-location
2026-08-15 10:15:24 info: POST /api/product/single
2026-08-15 10:15:24 info: POST /api/product/single
2026-08-15 10:15:28 info: GET /api/product/list
2026-08-15 10:15:28 info: GET /api/advisor/farmers
2026-08-15 10:15:29 info: GET /api/product/list
2026-08-15 10:15:29 info: GET /api/advisor/farmers
2026-08-15 10:15:32 info: POST /api/product/single
2026-08-15 10:15:32 info: POST /api/product/single
2026-08-15 10:15:36 info: POST /api/advisor/update-location
2026-08-15 10:15:37 info: GET /api/advisor/farmers
2026-08-15 10:15:49 info: POST /api/advisor/update-location
2026-08-15 10:16:24 info: POST /api/advisor/update-location
2026-08-15 10:16:42 info: POST /api/product/single
2026-08-15 10:16:42 info: GET /api/advisor/profile
2026-08-15 10:16:42 info: POST /api/product/single
2026-08-15 10:16:42 info: GET /api/advisor/profile
2026-08-15 10:16:42 info: POST /api/advisor/update-location
2026-08-15 10:16:42 info: POST /api/advisor/update-location
2026-08-15 10:16:42 info: POST /api/advisor/update-location
2026-08-15 10:16:43 info: POST /api/product/single
2026-08-15 10:16:43 info: POST /api/product/single
2026-08-15 10:16:43 info: GET /api/advisor/profile
2026-08-15 10:16:43 info: GET /api/advisor/profile
2026-08-15 10:16:43 info: POST /api/advisor/update-location
2026-08-15 10:16:43 info: POST /api/advisor/update-location
2026-08-15 10:16:43 info: POST /api/advisor/update-location
2026-08-15 10:17:00 info: POST /api/advisor/update-location
2026-08-15 10:18:43 info: POST /api/advisor/update-location
2026-08-15 10:20:09 info: POST /api/advisor/update-location
2026-08-15 10:20:49 info: POST /api/advisor/update-location
2026-08-15 10:21:02 info: GET /api/advisor/farmers
2026-08-15 10:21:02 info: GET /api/product/list
2026-08-15 10:21:02 info: GET /api/product/list
2026-08-15 10:21:02 info: GET /api/advisor/farmers
2026-08-15 10:21:15 info: POST /api/advisor/update-location
2026-08-15 10:21:42 info: POST /api/advisor/update-location
2026-08-15 10:22:00 info: POST /api/advisor/update-location
2026-08-15 10:22:05 info: GET /api/product-order/list
2026-08-15 10:22:05 info: GET /api/product-order/list
2026-08-15 10:22:07 info: GET /api/product-order/list
2026-08-15 10:22:07 info: GET /api/product-order/list
2026-08-15 10:22:12 info: POST /api/advisor/update-location
2026-08-15 10:22:19 info: POST /api/admin/all-farmers
2026-08-15 10:22:19 info: POST /api/admin/all-farmers
2026-08-15 10:22:21 info: GET /api/admin/product-orders
2026-08-15 10:22:21 info: GET /api/admin/product-orders
2026-08-15 10:22:24 info: GET /api/admin/product-orders
2026-08-15 10:22:24 info: GET /api/admin/product-orders
2026-08-15 10:22:28 info: POST /api/admin/all-advisors
2026-08-15 10:22:28 info: GET /api/admin/product-orders
2026-08-15 10:22:28 info: POST /api/admin/all-farmers
2026-08-15 10:22:28 info: POST /api/admin/all-advisors
2026-08-15 10:22:28 info: POST /api/admin/all-farmers
2026-08-15 10:22:29 info: GET /api/admin/product-orders
2026-08-15 10:22:34 info: GET /api/admin/advisor-locations
2026-08-15 10:22:34 info: GET /api/admin/advisor-locations
2026-08-15 10:22:40 info: GET /api/admin/advisor-locations
2026-08-15 10:22:46 info: GET /api/admin/advisor-locations
2026-08-15 10:22:52 info: GET /api/admin/advisor-locations
2026-08-15 10:22:58 info: GET /api/admin/advisor-locations
2026-08-15 10:23:04 info: GET /api/admin/advisor-locations
2026-08-15 10:23:05 info: GET /api/admin/profile
2026-08-15 10:23:05 info: GET /api/admin/profile
2026-08-15 10:23:09 info: GET /api/admin/dashboard
2026-08-15 10:23:09 info: GET /api/admin/dashboard
2026-08-15 10:38:46 info: Server Started on port 4000
2026-08-15 10:39:56 info: POST /api/advisor/login
2026-08-15 10:39:57 info: GET /api/advisor/dashboard
2026-08-15 10:39:57 info: GET /api/advisor/profile
2026-08-15 10:39:57 info: GET /api/advisor/profile
2026-08-15 10:39:57 info: GET /api/advisor/dashboard
2026-08-15 10:40:03 info: GET /api/advisor/profile
2026-08-15 10:40:03 info: GET /api/advisor/dashboard
2026-08-15 10:40:05 info: GET /api/advisor/profile
2026-08-15 10:40:05 info: GET /api/advisor/dashboard
2026-08-15 10:40:06 info: GET /api/advisor/profile
2026-08-15 10:40:07 info: GET /api/advisor/dashboard
2026-08-15 10:40:09 info: GET /api/product/list
2026-08-15 10:40:09 info: GET /api/advisor/farmers
2026-08-15 10:40:09 info: GET /api/product/list
2026-08-15 10:40:09 info: GET /api/advisor/farmers
2026-08-15 10:40:11 info: GET /api/advisor/profile
2026-08-15 10:40:11 info: GET /api/product/list
2026-08-15 10:40:11 info: GET /api/advisor/farmers
2026-08-15 10:40:11 info: GET /api/advisor/profile
2026-08-15 10:40:11 info: GET /api/product/list
2026-08-15 10:40:11 info: GET /api/advisor/farmers
2026-08-15 10:40:24 info: GET /api/advisor/profile
2026-08-15 10:40:24 info: GET /api/product/list
2026-08-15 10:40:24 info: GET /api/advisor/farmers
2026-08-15 10:40:27 info: GET /api/advisor/profile
2026-08-15 10:40:27 info: GET /api/product/list
2026-08-15 10:40:27 info: GET /api/advisor/farmers
2026-08-15 10:40:32 info: GET /api/advisor/farmers
2026-08-15 10:40:33 info: GET /api/advisor/farmers
2026-08-15 10:40:34 info: GET /api/advisor/profile
2026-08-15 10:40:34 info: GET /api/advisor/farmers
2026-08-15 10:40:37 info: GET /api/product-order/list
2026-08-15 10:40:38 info: GET /api/product-order/list
2026-08-15 10:40:57 info: GET /api/advisor/profile
2026-08-15 10:40:57 info: GET /api/product-order/list
2026-08-15 10:41:00 info: GET /api/advisor/profile
2026-08-15 10:41:00 info: GET /api/product-order/list
2026-08-15 10:41:08 info: GET /api/advisor/profile
2026-08-15 10:41:08 info: GET /api/product-order/list
2026-08-15 10:41:41 info: GET /api/advisor/profile
2026-08-15 10:41:42 info: GET /api/product-order/list
2026-08-15 10:41:48 info: GET /api/advisor/profile
2026-08-15 10:41:48 info: GET /api/product-order/list
2026-08-15 10:41:53 info: GET /api/advisor/profile
2026-08-15 10:41:53 info: GET /api/product-order/list
2026-08-15 10:42:00 info: GET /api/advisor/profile
2026-08-15 10:42:00 info: GET /api/product-order/list
2026-08-15 10:42:03 info: GET /api/advisor/profile
2026-08-15 10:42:03 info: GET /api/product-order/list
2026-08-15 10:42:12 info: GET /api/advisor/profile
2026-08-15 10:42:13 info: GET /api/product-order/list
2026-08-15 10:46:11 info: GET /api/advisor/profile
2026-08-15 10:46:11 info: GET /api/product-order/list
2026-08-15 10:58:16 info: GET /api/advisor/dashboard
2026-08-15 10:58:16 info: GET /api/advisor/profile
2026-08-15 10:58:16 info: GET /api/advisor/profile
2026-08-15 10:58:16 info: GET /api/advisor/dashboard
2026-08-15 10:58:20 info: GET /api/advisor/farmers
2026-08-15 10:58:20 info: GET /api/advisor/farmers
2026-08-15 10:58:33 info: GET /api/advisor/profile
2026-08-15 10:58:33 info: GET /api/advisor/farmers
2026-08-15 10:58:38 info: GET /api/product-order/list
2026-08-15 10:58:38 info: GET /api/product-order/list
2026-08-15 10:58:40 info: GET /api/advisor/profile
2026-08-15 10:58:40 info: GET /api/product-order/list
2026-08-15 10:58:43 info: GET /api/advisor/profile
2026-08-15 10:58:43 info: GET /api/product-order/list
2026-08-15 10:58:53 info: GET /api/advisor/profile
2026-08-15 10:58:53 info: GET /api/product-order/list
2026-08-15 10:58:59 info: GET /api/advisor/profile
2026-08-15 10:58:59 info: GET /api/product-order/list
2026-08-15 11:00:11 info: GET /api/product-order/list
2026-08-15 11:00:11 info: GET /api/product-order/list
2026-08-15 11:00:12 info: GET /api/product-order/list
2026-08-15 11:00:12 info: GET /api/product-order/list
2026-08-15 11:00:37 info: GET /api/advisor/dashboard
2026-08-15 11:00:37 info: GET /api/advisor/dashboard
2026-08-15 11:00:39 info: GET /api/advisor/farmers
2026-08-15 11:00:39 info: GET /api/advisor/farmers
2026-08-15 11:00:41 info: GET /api/advisor/dashboard
2026-08-15 11:00:42 info: GET /api/advisor/dashboard
2026-08-15 11:00:44 info: GET /api/advisor/profile
2026-08-15 11:00:44 info: GET /api/advisor/dashboard
2026-08-15 11:00:47 info: GET /api/advisor/profile
2026-08-15 11:00:47 info: GET /api/advisor/dashboard
2026-08-15 11:00:51 info: GET /api/advisor/profile
2026-08-15 11:00:51 info: GET /api/advisor/dashboard
2026-08-15 11:01:00 info: GET /api/product-order/list
2026-08-15 11:01:00 info: GET /api/advisor/dashboard
2026-08-15 11:01:00 info: GET /api/product-order/list
2026-08-15 11:01:01 info: GET /api/advisor/dashboard
2026-08-15 11:05:45 info: GET /api/product-order/list
2026-08-15 11:05:45 info: GET /api/advisor/profile
2026-08-15 11:05:45 info: GET /api/advisor/profile
2026-08-15 11:05:45 info: GET /api/advisor/dashboard
2026-08-15 11:09:17 info: Server Started on port 4000
2026-08-15 11:22:04 info: GET /api/product-order/list
2026-08-15 11:22:04 info: GET /api/advisor/profile
2026-08-15 11:22:04 info: GET /api/advisor/dashboard
2026-08-15 11:22:04 info: GET /api/product-order/list
2026-08-15 11:22:05 info: GET /api/advisor/profile
2026-08-15 11:22:05 info: GET /api/advisor/profile
2026-08-15 11:22:05 info: GET /api/advisor/profile
2026-08-15 11:22:07 info: GET /api/advisor/dashboard
2026-08-15 11:58:34 info: GET /api/advisor/farmers
2026-08-15 11:58:34 info: GET /api/advisor/farmers
2026-08-15 11:58:36 info: GET /api/advisor/dashboard
2026-08-15 11:58:36 info: GET /api/advisor/dashboard
2026-08-15 11:58:37 info: GET /api/product-order/list
2026-08-15 11:58:38 info: GET /api/product-order/list
2026-08-15 11:58:38 info: GET /api/advisor/dashboard
2026-08-15 11:58:38 info: GET /api/advisor/dashboard
2026-08-15 11:58:40 info: GET /api/product-order/list
2026-08-15 11:58:40 info: GET /api/product-order/list
2026-08-15 11:58:41 info: GET /api/advisor/dashboard
2026-08-15 11:58:41 info: GET /api/advisor/dashboard
2026-08-15 11:58:42 info: GET /api/product-order/list
2026-08-15 11:58:42 info: GET /api/product-order/list
2026-08-15 11:58:43 info: GET /api/advisor/dashboard
2026-08-15 11:58:44 info: GET /api/advisor/dashboard
2026-08-15 12:10:01 info: Server Started on port 4000
2026-08-15 15:41:18 info: Server Started on port 4000
2026-08-15 15:41:42 info: GET /api/admin/dashboard
2026-08-15 15:41:42 info: GET /api/admin/dashboard
2026-08-15 15:41:42 info: GET /api/admin/dashboard
2026-08-15 15:41:43 info: GET /api/admin/dashboard
2026-08-15 15:41:51 info: GET /api/product/list
2026-08-15 15:41:51 info: GET /api/product/list
2026-08-15 15:43:17 info: Server Started on port 4000
2026-08-16 10:33:56 info: Server Started on port 4000
2026-08-16 10:34:08 info: Server Started on port 4000
2026-08-16 10:34:12 info: GET /api/advisor/dashboard
2026-08-16 10:34:12 info: GET /api/advisor/dashboard
2026-08-16 10:34:12 info: GET /api/advisor/profile
2026-08-16 10:34:12 info: GET /api/advisor/profile
2026-08-16 10:34:17 info: GET /api/advisor/farmers
2026-08-16 10:34:18 info: GET /api/advisor/farmers
2026-08-16 10:34:19 info: GET /api/advisor/farmers
2026-08-16 10:34:19 info: GET /api/product/list
2026-08-16 10:34:19 info: GET /api/advisor/farmers
2026-08-16 10:34:19 info: GET /api/product/list
2026-08-16 10:38:22 info: GET /api/product/list
2026-08-16 10:38:22 info: GET /api/advisor/farmers
2026-08-16 10:39:03 info: GET /api/product/list
2026-08-16 10:39:03 info: GET /api/advisor/farmers
